Style Id,AG,Group Name,Status,Rank in Group,Live Since,Days Live,Organic Impressions,Inorganic Impressions,Total Impressions,Organic/Day,Ad Saturation,Demand Score,Opportunity Score,Health,Max CPC,Target ROI,Monthly Budget,Daily Budget
41096532,AG6,Dormant - Excluded,EXCLUDED,1,2026-04-02,153,215,0,215,1.405,0.0,44.9,44.9,LOW,0.0,0.0,0.0,0.0
39749678,AG6,Dormant - Excluded,EXCLUDED,2,2026-01-31,214,317,0,317,1.481,0.0,44.9,44.9,LOW,0.0,0.0,0.0,0.0
35287244,AG6,Dormant - Excluded,EXCLUDED,3,2025-07-01,428,520,0,520,1.215,0.0,44.9,44.9,LOW,0.0,0.0,0.0,0.0
35087437,AG6,Dormant - Excluded,EXCLUDED,4,2025-06-23,436,524,0,524,1.202,0.0,44.9,44.9,LOW,0.0,0.0,0.0,0.0
34748975,AG6,Dormant - Excluded,EXCLUDED,5,2025-06-06,453,530,0,530,1.17,0.0,44.9,44.9,LOW,0.0,0.0,0.0,0.0
34745680,AG6,Dormant - Excluded,EXCLUDED,6,2025-06-05,454,532,0,532,1.172,0.0,44.9,44.9,LOW,0.0,0.0,0.0,0.0
35843937,AG6,Dormant - Excluded,EXCLUDED,7,2025-07-21,408,507,0,507,1.243,0.0,44.8,44.8,LOW,0.0,0.0,0.0,0.0
35705904,AG6,Dormant - Excluded,EXCLUDED,8,2025-07-16,413,510,0,510,1.235,0.0,44.8,44.8,LOW,0.0,0.0,0.0,0.0
35334478,AG6,Dormant - Excluded,EXCLUDED,9,2025-07-04,425,518,0,518,1.219,0.0,44.8,44.8,LOW,0.0,0.0,0.0,0.0
35287769,AG6,Dormant - Excluded,EXCLUDED,10,2025-07-01,428,519,0,519,1.213,0.0,44.8,44.8,LOW,0.0,0.0,0.0,0.0
35087994,AG6,Dormant - Excluded,EXCLUDED,11,2025-06-23,436,522,0,522,1.197,0.0,44.8,44.8,LOW,0.0,0.0,0.0,0.0
34703961,AG6,Dormant - Excluded,EXCLUDED,12,2025-06-03,456,530,0,530,1.162,0.0,44.8,44.8,LOW,0.0,0.0,0.0,0.0
34742566,AG6,Dormant - Excluded,EXCLUDED,13,2025-06-05,454,530,0,530,1.167,0.0,44.8,44.8,LOW,0.0,0.0,0.0,0.0
39587432,AG6,Dormant - Excluded,EXCLUDED,14,2026-01-23,222,319,0,319,1.437,0.0,44.7,44.7,LOW,0.0,0.0,0.0,0.0
39047652,AG6,Dormant - Excluded,EXCLUDED,15,2025-12-30,246,336,0,336,1.366,0.0,44.7,44.7,LOW,0.0,0.0,0.0,0.0
35843227,AG6,Dormant - Excluded,EXCLUDED,16,2025-07-21,408,505,0,505,1.238,0.0,44.7,44.7,LOW,0.0,0.0,0.0,0.0
35482001,AG6,Dormant - Excluded,EXCLUDED,17,2025-07-09,420,512,0,512,1.219,0.0,44.7,44.7,LOW,0.0,0.0,0.0,0.0
35334643,AG6,Dormant - Excluded,EXCLUDED,18,2025-07-04,425,515,0,515,1.212,0.0,44.7,44.7,LOW,0.0,0.0,0.0,0.0
35087690,AG6,Dormant - Excluded,EXCLUDED,19,2025-06-23,436,519,0,519,1.19,0.0,44.7,44.7,LOW,0.0,0.0,0.0,0.0
35088031,AG6,Dormant - Excluded,EXCLUDED,20,2025-06-23,436,519,0,519,1.19,0.0,44.7,44.7,LOW,0.0,0.0,0.0,0.0
34714177,AG6,Dormant - Excluded,EXCLUDED,21,2025-06-04,455,527,0,527,1.158,0.0,44.7,44.7,LOW,0.0,0.0,0.0,0.0
33845184,AG6,Dormant - Excluded,EXCLUDED,22,2025-04-29,491,542,0,542,1.104,0.0,44.7,44.7,LOW,0.0,0.0,0.0,0.0
34846775,AG6,Dormant - Excluded,EXCLUDED,23,2025-06-11,448,522,0,522,1.165,0.0,44.6,44.6,LOW,0.0,0.0,0.0,0.0
34704247,AG6,Dormant - Excluded,EXCLUDED,24,2025-06-03,456,525,0,525,1.151,0.0,44.6,44.6,LOW,0.0,0.0,0.0,0.0
34748982,AG6,Dormant - Excluded,EXCLUDED,25,2025-06-06,453,525,0,525,1.159,0.0,44.6,44.6,LOW,0.0,0.0,0.0,0.0
33855668,AG6,Dormant - Excluded,EXCLUDED,26,2025-04-29,491,540,0,540,1.1,0.0,44.6,44.6,LOW,0.0,0.0,0.0,0.0
35844100,AG6,Dormant - Excluded,EXCLUDED,27,2025-07-21,408,500,0,500,1.225,0.0,44.5,44.5,LOW,0.0,0.0,0.0,0.0
35706135,AG6,Dormant - Excluded,EXCLUDED,28,2025-07-16,413,503,0,503,1.218,0.0,44.5,44.5,LOW,0.0,0.0,0.0,0.0
34949793,AG6,Dormant - Excluded,EXCLUDED,29,2025-06-16,443,518,0,518,1.169,0.0,44.5,44.5,LOW,0.0,0.0,0.0,0.0
34714172,AG6,Dormant - Excluded,EXCLUDED,30,2025-06-04,455,522,0,522,1.147,0.0,44.5,44.5,LOW,0.0,0.0,0.0,0.0
39749661,AG6,Dormant - Excluded,EXCLUDED,31,2026-01-31,214,310,0,310,1.449,0.0,44.4,44.4,LOW,0.0,0.0,0.0,0.0
39258883,AG6,Dormant - Excluded,EXCLUDED,32,2026-01-09,236,325,0,325,1.377,0.0,44.4,44.4,LOW,0.0,0.0,0.0,0.0
36805061,AG6,Dormant - Excluded,EXCLUDED,33,2025-09-06,361,385,0,385,1.066,0.0,44.4,44.4,LOW,0.0,0.0,0.0,0.0
35087763,AG6,Dormant - Excluded,EXCLUDED,34,2025-06-23,436,511,0,511,1.172,0.0,44.4,44.4,LOW,0.0,0.0,0.0,0.0
34801308,AG6,Dormant - Excluded,EXCLUDED,35,2025-06-09,450,520,0,520,1.156,0.0,44.4,44.4,LOW,0.0,0.0,0.0,0.0
34846898,AG6,Dormant - Excluded,EXCLUDED,36,2025-06-10,449,520,0,520,1.158,0.0,44.4,44.4,LOW,0.0,0.0,0.0,0.0
34704204,AG6,Dormant - Excluded,EXCLUDED,37,2025-06-03,456,522,0,522,1.145,0.0,44.4,44.4,LOW,0.0,0.0,0.0,0.0
36603287,AG6,Dormant - Excluded,EXCLUDED,38,2025-08-26,372,481,0,481,1.293,0.0,44.3,44.3,LOW,0.0,0.0,0.0,0.0
41867170,AG6,Dormant - Excluded,EXCLUDED,39,2026-05-05,120,192,0,192,1.6,0.0,44.3,44.3,LOW,0.0,0.0,0.0,0.0
35706215,AG6,Dormant - Excluded,EXCLUDED,40,2025-07-16,413,499,0,499,1.208,0.0,44.3,44.3,LOW,0.0,0.0,0.0,0.0
35706190,AG6,Dormant - Excluded,EXCLUDED,41,2025-07-16,413,501,0,501,1.213,0.0,44.3,44.3,LOW,0.0,0.0,0.0,0.0
35706515,AG6,Dormant - Excluded,EXCLUDED,42,2025-07-16,413,501,0,501,1.213,0.0,44.3,44.3,LOW,0.0,0.0,0.0,0.0
41096519,AG6,Dormant - Excluded,EXCLUDED,43,2026-04-02,153,210,0,210,1.373,0.0,44.2,44.2,LOW,0.0,0.0,0.0,0.0
38143242,AG6,Dormant - Excluded,EXCLUDED,44,2025-11-21,285,348,0,348,1.221,0.0,44.2,44.2,LOW,0.0,0.0,0.0,0.0
35706531,AG6,Dormant - Excluded,EXCLUDED,45,2025-07-16,413,498,0,498,1.206,0.0,44.2,44.2,LOW,0.0,0.0,0.0,0.0
34846762,AG6,Dormant - Excluded,EXCLUDED,46,2025-06-10,449,513,0,513,1.143,0.0,44.2,44.2,LOW,0.0,0.0,0.0,0.0
36603209,AG6,Dormant - Excluded,EXCLUDED,47,2025-08-26,372,477,0,477,1.282,0.0,44.1,44.1,LOW,0.0,0.0,0.0,0.0
34846839,AG6,Dormant - Excluded,EXCLUDED,48,2025-06-11,448,510,0,510,1.138,0.0,44.1,44.1,LOW,0.0,0.0,0.0,0.0
34714169,AG6,Dormant - Excluded,EXCLUDED,49,2025-06-04,455,513,0,513,1.127,0.0,44.1,44.1,LOW,0.0,0.0,0.0,0.0
34704175,AG6,Dormant - Excluded,EXCLUDED,50,2025-06-03,456,514,0,514,1.127,0.0,44.1,44.1,LOW,0.0,0.0,0.0,0.0
43008865,AG6,Dormant - Excluded,EXCLUDED,51,2026-06-12,82,163,0,163,1.988,0.0,44.0,44.0,LOW,0.0,0.0,0.0,0.0
35288074,AG6,Dormant - Excluded,EXCLUDED,52,2025-07-01,428,499,0,499,1.166,0.0,44.0,44.0,LOW,0.0,0.0,0.0,0.0
35087709,AG6,Dormant - Excluded,EXCLUDED,53,2025-06-23,436,502,0,502,1.151,0.0,44.0,44.0,LOW,0.0,0.0,0.0,0.0
35087829,AG6,Dormant - Excluded,EXCLUDED,54,2025-06-23,436,502,0,502,1.151,0.0,44.0,44.0,LOW,0.0,0.0,0.0,0.0
34714150,AG6,Dormant - Excluded,EXCLUDED,55,2025-06-04,455,511,0,511,1.123,0.0,44.0,44.0,LOW,0.0,0.0,0.0,0.0
36225640,AG6,Dormant - Excluded,EXCLUDED,56,2025-08-05,393,482,0,482,1.226,0.0,43.9,43.9,LOW,0.0,0.0,0.0,0.0
34704168,AG6,Dormant - Excluded,EXCLUDED,57,2025-06-03,456,509,0,509,1.116,0.0,43.9,43.9,LOW,0.0,0.0,0.0,0.0
34745769,AG6,Dormant - Excluded,EXCLUDED,58,2025-06-05,454,509,0,509,1.121,0.0,43.9,43.9,LOW,0.0,0.0,0.0,0.0
39258872,AG6,Dormant - Excluded,EXCLUDED,59,2026-01-09,236,316,0,316,1.339,0.0,43.8,43.8,LOW,0.0,0.0,0.0,0.0
35481596,AG6,Dormant - Excluded,EXCLUDED,60,2025-07-08,421,491,0,491,1.166,0.0,43.8,43.8,LOW,0.0,0.0,0.0,0.0
34704244,AG6,Dormant - Excluded,EXCLUDED,61,2025-06-03,456,507,0,507,1.112,0.0,43.8,43.8,LOW,0.0,0.0,0.0,0.0
34704299,AG6,Dormant - Excluded,EXCLUDED,62,2025-06-03,456,507,0,507,1.112,0.0,43.8,43.8,LOW,0.0,0.0,0.0,0.0
35844086,AG6,Dormant - Excluded,EXCLUDED,63,2025-07-21,408,484,0,484,1.186,0.0,43.7,43.7,LOW,0.0,0.0,0.0,0.0
35705989,AG6,Dormant - Excluded,EXCLUDED,64,2025-07-16,413,486,0,486,1.177,0.0,43.7,43.7,LOW,0.0,0.0,0.0,0.0
35286854,AG6,Dormant - Excluded,EXCLUDED,65,2025-07-01,428,493,0,493,1.152,0.0,43.7,43.7,LOW,0.0,0.0,0.0,0.0
34801265,AG6,Dormant - Excluded,EXCLUDED,66,2025-06-09,450,502,0,502,1.116,0.0,43.7,43.7,LOW,0.0,0.0,0.0,0.0
34704212,AG6,Dormant - Excluded,EXCLUDED,67,2025-06-03,456,503,0,503,1.103,0.0,43.7,43.7,LOW,0.0,0.0,0.0,0.0
34704191,AG6,Dormant - Excluded,EXCLUDED,68,2025-06-03,456,505,0,505,1.107,0.0,43.7,43.7,LOW,0.0,0.0,0.0,0.0
33855680,AG6,Dormant - Excluded,EXCLUDED,69,2025-04-29,491,521,0,521,1.061,0.0,43.7,43.7,LOW,0.0,0.0,0.0,0.0
39258870,AG6,Dormant - Excluded,EXCLUDED,70,2026-01-08,237,314,0,314,1.325,0.0,43.6,43.6,LOW,0.0,0.0,0.0,0.0
35706556,AG6,Dormant - Excluded,EXCLUDED,71,2025-07-16,413,484,0,484,1.172,0.0,43.6,43.6,LOW,0.0,0.0,0.0,0.0
35482050,AG6,Dormant - Excluded,EXCLUDED,72,2025-07-09,420,488,0,488,1.162,0.0,43.6,43.6,LOW,0.0,0.0,0.0,0.0
39587443,AG6,Dormant - Excluded,EXCLUDED,73,2026-01-23,222,303,0,303,1.365,0.0,43.5,43.5,LOW,0.0,0.0,0.0,0.0
35843386,AG6,Dormant - Excluded,EXCLUDED,74,2025-07-21,408,481,0,481,1.179,0.0,43.5,43.5,LOW,0.0,0.0,0.0,0.0
35844223,AG6,Dormant - Excluded,EXCLUDED,75,2025-07-21,408,481,0,481,1.179,0.0,43.5,43.5,LOW,0.0,0.0,0.0,0.0
35286870,AG6,Dormant - Excluded,EXCLUDED,76,2025-07-01,428,488,0,488,1.14,0.0,43.5,43.5,LOW,0.0,0.0,0.0,0.0
35287214,AG6,Dormant - Excluded,EXCLUDED,77,2025-07-01,428,488,0,488,1.14,0.0,43.5,43.5,LOW,0.0,0.0,0.0,0.0
33864471,AG6,Dormant - Excluded,EXCLUDED,78,2025-04-30,490,518,0,518,1.057,0.0,43.5,43.5,LOW,0.0,0.0,0.0,0.0
36225597,AG6,Dormant - Excluded,EXCLUDED,79,2025-08-06,392,474,0,474,1.209,0.0,43.4,43.4,LOW,0.0,0.0,0.0,0.0
34846872,AG6,Dormant - Excluded,EXCLUDED,80,2025-06-11,448,494,0,494,1.103,0.0,43.4,43.4,LOW,0.0,0.0,0.0,0.0
34745700,AG6,Dormant - Excluded,EXCLUDED,81,2025-06-06,453,496,0,496,1.095,0.0,43.4,43.4,LOW,0.0,0.0,0.0,0.0
34704131,AG6,Dormant - Excluded,EXCLUDED,82,2025-06-03,456,497,0,497,1.09,0.0,43.4,43.4,LOW,0.0,0.0,0.0,0.0
35706007,AG6,Dormant - Excluded,EXCLUDED,83,2025-07-16,413,480,0,480,1.162,0.0,43.3,43.3,LOW,0.0,0.0,0.0,0.0
41345543,AG6,Dormant - Excluded,EXCLUDED,84,2026-04-13,142,196,0,196,1.38,0.0,43.3,43.3,LOW,0.0,0.0,0.0,0.0
34704359,AG6,Dormant - Excluded,EXCLUDED,85,2025-06-03,456,496,0,496,1.088,0.0,43.3,43.3,LOW,0.0,0.0,0.0,0.0
35087827,AG6,Dormant - Excluded,EXCLUDED,86,2025-06-23,436,485,0,485,1.112,0.0,43.2,43.2,LOW,0.0,0.0,0.0,0.0
34792222,AG6,Dormant - Excluded,EXCLUDED,87,2025-06-07,452,492,0,492,1.088,0.0,43.2,43.2,LOW,0.0,0.0,0.0,0.0
34630341,AG6,Dormant - Excluded,EXCLUDED,88,2025-05-31,459,496,0,496,1.081,0.0,43.2,43.2,LOW,0.0,0.0,0.0,0.0
39047622,AG6,Dormant - Excluded,EXCLUDED,89,2025-12-30,246,311,0,311,1.264,0.0,43.1,43.1,LOW,0.0,0.0,0.0,0.0
41096494,AG6,Dormant - Excluded,EXCLUDED,90,2026-04-02,153,200,0,200,1.307,0.0,43.1,43.1,LOW,0.0,0.0,0.0,0.0
35087833,AG6,Dormant - Excluded,EXCLUDED,91,2025-06-24,435,483,0,483,1.11,0.0,43.1,43.1,LOW,0.0,0.0,0.0,0.0
34792145,AG6,Dormant - Excluded,EXCLUDED,92,2025-06-07,452,489,0,489,1.082,0.0,43.1,43.1,LOW,0.0,0.0,0.0,0.0
34745782,AG6,Dormant - Excluded,EXCLUDED,93,2025-06-06,453,491,0,491,1.084,0.0,43.1,43.1,LOW,0.0,0.0,0.0,0.0
34748969,AG6,Dormant - Excluded,EXCLUDED,94,2025-06-06,453,491,0,491,1.084,0.0,43.1,43.1,LOW,0.0,0.0,0.0,0.0
40564939,AG6,Dormant - Excluded,EXCLUDED,95,2026-03-10,176,211,0,211,1.199,0.0,43.0,43.0,LOW,0.0,0.0,0.0,0.0
39749650,AG6,Dormant - Excluded,EXCLUDED,96,2026-01-31,214,292,0,292,1.364,0.0,43.0,43.0,LOW,0.0,0.0,0.0,0.0
39258856,AG6,Dormant - Excluded,EXCLUDED,97,2026-01-08,237,304,0,304,1.283,0.0,43.0,43.0,LOW,0.0,0.0,0.0,0.0
34825602,AG6,Dormant - Excluded,EXCLUDED,98,2025-06-10,449,487,0,487,1.085,0.0,43.0,43.0,LOW,0.0,0.0,0.0,0.0
34949520,AG6,Dormant - Excluded,EXCLUDED,99,2025-06-16,443,482,0,482,1.088,0.0,42.9,42.9,LOW,0.0,0.0,0.0,0.0
34846858,AG6,Dormant - Excluded,EXCLUDED,100,2025-06-11,448,484,0,484,1.08,0.0,42.9,42.9,LOW,0.0,0.0,0.0,0.0
34801322,AG6,Dormant - Excluded,EXCLUDED,101,2025-06-07,452,486,0,486,1.075,0.0,42.9,42.9,LOW,0.0,0.0,0.0,0.0
34703854,AG6,Dormant - Excluded,EXCLUDED,102,2025-06-03,456,489,0,489,1.072,0.0,42.9,42.9,LOW,0.0,0.0,0.0,0.0
35287242,AG6,Dormant - Excluded,EXCLUDED,103,2025-07-01,428,475,0,475,1.11,0.0,42.8,42.8,LOW,0.0,0.0,0.0,0.0
35706098,AG6,Dormant - Excluded,EXCLUDED,104,2025-07-16,413,467,0,467,1.131,0.0,42.7,42.7,LOW,0.0,0.0,0.0,0.0
34745695,AG6,Dormant - Excluded,EXCLUDED,105,2025-06-06,453,483,0,483,1.066,0.0,42.7,42.7,LOW,0.0,0.0,0.0,0.0
33889862,AG6,Dormant - Excluded,EXCLUDED,106,2025-05-02,488,495,0,495,1.014,0.0,42.7,42.7,LOW,0.0,0.0,0.0,0.0
39749628,AG6,Dormant - Excluded,EXCLUDED,107,2026-01-31,214,287,0,287,1.341,0.0,42.6,42.6,LOW,0.0,0.0,0.0,0.0
34949413,AG6,Dormant - Excluded,EXCLUDED,108,2025-06-16,443,477,0,477,1.077,0.0,42.6,42.6,LOW,0.0,0.0,0.0,0.0
34949797,AG6,Dormant - Excluded,EXCLUDED,109,2025-06-16,443,477,0,477,1.077,0.0,42.6,42.6,LOW,0.0,0.0,0.0,0.0
34801317,AG6,Dormant - Excluded,EXCLUDED,110,2025-06-09,450,481,0,481,1.069,0.0,42.6,42.6,LOW,0.0,0.0,0.0,0.0
35706284,AG6,Dormant - Excluded,EXCLUDED,111,2025-07-16,413,462,0,462,1.119,0.0,42.5,42.5,LOW,0.0,0.0,0.0,0.0
35287739,AG6,Dormant - Excluded,EXCLUDED,112,2025-07-01,428,469,0,469,1.096,0.0,42.5,42.5,LOW,0.0,0.0,0.0,0.0
35287763,AG6,Dormant - Excluded,EXCLUDED,113,2025-07-01,428,469,0,469,1.096,0.0,42.5,42.5,LOW,0.0,0.0,0.0,0.0
35087793,AG6,Dormant - Excluded,EXCLUDED,114,2025-06-23,436,473,0,473,1.085,0.0,42.5,42.5,LOW,0.0,0.0,0.0,0.0
41802157,AG6,Dormant - Excluded,EXCLUDED,115,2026-05-02,123,180,0,180,1.463,0.0,42.5,42.5,LOW,0.0,0.0,0.0,0.0
34469732,AG6,Dormant - Excluded,EXCLUDED,116,2025-05-26,464,482,0,482,1.039,0.0,42.5,42.5,LOW,0.0,0.0,0.0,0.0
33848505,AG6,Dormant - Excluded,EXCLUDED,117,2025-04-29,491,491,0,491,1.0,0.0,42.5,42.5,LOW,0.0,0.0,0.0,0.0
38143224,AG6,Dormant - Excluded,EXCLUDED,118,2025-11-21,285,319,0,319,1.119,0.0,42.4,42.4,LOW,0.0,0.0,0.0,0.0
35844163,AG6,Dormant - Excluded,EXCLUDED,119,2025-07-21,408,457,0,457,1.12,0.0,42.4,42.4,LOW,0.0,0.0,0.0,0.0
35482029,AG6,Dormant - Excluded,EXCLUDED,120,2025-07-09,420,464,0,464,1.105,0.0,42.4,42.4,LOW,0.0,0.0,0.0,0.0
34801290,AG6,Dormant - Excluded,EXCLUDED,121,2025-06-09,450,475,0,475,1.056,0.0,42.3,42.3,LOW,0.0,0.0,0.0,0.0
34846847,AG6,Dormant - Excluded,EXCLUDED,122,2025-06-10,449,475,0,475,1.058,0.0,42.3,42.3,LOW,0.0,0.0,0.0,0.0
34745705,AG6,Dormant - Excluded,EXCLUDED,123,2025-06-05,454,477,0,477,1.051,0.0,42.3,42.3,LOW,0.0,0.0,0.0,0.0
34469772,AG6,Dormant - Excluded,EXCLUDED,124,2025-05-26,464,478,0,478,1.03,0.0,42.3,42.3,LOW,0.0,0.0,0.0,0.0
33896331,AG6,Dormant - Excluded,EXCLUDED,125,2025-05-02,488,486,0,486,0.996,0.0,42.3,42.3,LOW,0.0,0.0,0.0,0.0
35087677,AG6,Dormant - Excluded,EXCLUDED,126,2025-06-24,435,466,0,466,1.071,0.0,42.2,42.2,LOW,0.0,0.0,0.0,0.0
34949303,AG6,Dormant - Excluded,EXCLUDED,127,2025-06-16,443,470,0,470,1.061,0.0,42.2,42.2,LOW,0.0,0.0,0.0,0.0
34949559,AG6,Dormant - Excluded,EXCLUDED,128,2025-06-16,443,472,0,472,1.065,0.0,42.2,42.2,LOW,0.0,0.0,0.0,0.0
35843152,AG6,Dormant - Excluded,EXCLUDED,129,2025-07-21,408,450,0,450,1.103,0.0,42.1,42.1,LOW,0.0,0.0,0.0,0.0
35087675,AG6,Dormant - Excluded,EXCLUDED,130,2025-06-24,435,464,0,464,1.067,0.0,42.1,42.1,LOW,0.0,0.0,0.0,0.0
34703914,AG6,Dormant - Excluded,EXCLUDED,131,2025-06-03,456,473,0,473,1.037,0.0,42.1,42.1,LOW,0.0,0.0,0.0,0.0
34704196,AG6,Dormant - Excluded,EXCLUDED,132,2025-06-03,456,474,0,474,1.039,0.0,42.1,42.1,LOW,0.0,0.0,0.0,0.0
35482245,AG6,Dormant - Excluded,EXCLUDED,133,2025-07-09,420,454,0,454,1.081,0.0,42.0,42.0,LOW,0.0,0.0,0.0,0.0
35481926,AG6,Dormant - Excluded,EXCLUDED,134,2025-07-08,421,456,0,456,1.083,0.0,42.0,42.0,LOW,0.0,0.0,0.0,0.0
35087647,AG6,Dormant - Excluded,EXCLUDED,135,2025-06-23,436,463,0,463,1.062,0.0,42.0,42.0,LOW,0.0,0.0,0.0,0.0
35287766,AG6,Dormant - Excluded,EXCLUDED,136,2025-07-01,428,457,0,457,1.068,0.0,41.9,41.9,LOW,0.0,0.0,0.0,0.0
34714167,AG6,Dormant - Excluded,EXCLUDED,137,2025-06-04,455,468,0,468,1.029,0.0,41.9,41.9,LOW,0.0,0.0,0.0,0.0
39749663,AG6,Dormant - Excluded,EXCLUDED,138,2026-02-01,213,276,0,276,1.296,0.0,41.8,41.8,LOW,0.0,0.0,0.0,0.0
35843354,AG6,Dormant - Excluded,EXCLUDED,139,2025-07-20,409,444,0,444,1.086,0.0,41.8,41.8,LOW,0.0,0.0,0.0,0.0
34748947,AG6,Dormant - Excluded,EXCLUDED,140,2025-06-05,454,465,0,465,1.024,0.0,41.8,41.8,LOW,0.0,0.0,0.0,0.0
36804991,AG6,Dormant - Excluded,EXCLUDED,141,2025-09-06,361,342,0,342,0.947,0.0,41.7,41.7,LOW,0.0,0.0,0.0,0.0
36603282,AG6,Dormant - Excluded,EXCLUDED,142,2025-08-26,372,428,0,428,1.151,0.0,41.7,41.7,LOW,0.0,0.0,0.0,0.0
35706419,AG6,Dormant - Excluded,EXCLUDED,143,2025-07-16,413,445,0,445,1.077,0.0,41.7,41.7,LOW,0.0,0.0,0.0,0.0
35286995,AG6,Dormant - Excluded,EXCLUDED,144,2025-07-01,428,454,0,454,1.061,0.0,41.7,41.7,LOW,0.0,0.0,0.0,0.0
34748972,AG6,Dormant - Excluded,EXCLUDED,145,2025-06-05,454,464,0,464,1.022,0.0,41.7,41.7,LOW,0.0,0.0,0.0,0.0
33251274,AG6,Dormant - Excluded,EXCLUDED,146,2025-03-20,531,488,0,488,0.919,0.0,41.7,41.7,LOW,0.0,0.0,0.0,0.0
36805084,AG6,Dormant - Excluded,EXCLUDED,147,2025-09-06,361,340,0,340,0.942,0.0,41.6,41.6,LOW,0.0,0.0,0.0,0.0
35706050,AG6,Dormant - Excluded,EXCLUDED,148,2025-07-16,413,442,0,442,1.07,0.0,41.6,41.6,LOW,0.0,0.0,0.0,0.0
35705938,AG6,Dormant - Excluded,EXCLUDED,149,2025-07-16,413,443,0,443,1.073,0.0,41.6,41.6,LOW,0.0,0.0,0.0,0.0
35087684,AG6,Dormant - Excluded,EXCLUDED,150,2025-06-23,436,454,0,454,1.041,0.0,41.6,41.6,LOW,0.0,0.0,0.0,0.0
34783249,AG6,Dormant - Excluded,EXCLUDED,151,2025-06-06,453,460,0,460,1.015,0.0,41.6,41.6,LOW,0.0,0.0,0.0,0.0
34726055,AG6,Dormant - Excluded,EXCLUDED,152,2025-06-04,455,463,0,463,1.018,0.0,41.6,41.6,LOW,0.0,0.0,0.0,0.0
36603190,AG6,Dormant - Excluded,EXCLUDED,153,2025-08-26,372,422,0,422,1.134,0.0,41.5,41.5,LOW,0.0,0.0,0.0,0.0
36603201,AG6,Dormant - Excluded,EXCLUDED,154,2025-08-26,372,422,0,422,1.134,0.0,41.5,41.5,LOW,0.0,0.0,0.0,0.0
34849355,AG6,Dormant - Excluded,EXCLUDED,155,2025-06-10,449,457,0,457,1.018,0.0,41.5,41.5,LOW,0.0,0.0,0.0,0.0
34745677,AG6,Dormant - Excluded,EXCLUDED,156,2025-06-05,454,458,0,458,1.009,0.0,41.5,41.5,LOW,0.0,0.0,0.0,0.0
34742569,AG6,Dormant - Excluded,EXCLUDED,157,2025-06-06,453,459,0,459,1.013,0.0,41.5,41.5,LOW,0.0,0.0,0.0,0.0
33889919,AG6,Dormant - Excluded,EXCLUDED,158,2025-05-02,488,473,0,473,0.969,0.0,41.5,41.5,LOW,0.0,0.0,0.0,0.0
39047669,AG6,Dormant - Excluded,EXCLUDED,159,2025-12-30,246,287,0,287,1.167,0.0,41.4,41.4,LOW,0.0,0.0,0.0,0.0
36603208,AG6,Dormant - Excluded,EXCLUDED,160,2025-08-26,372,421,0,421,1.132,0.0,41.4,41.4,LOW,0.0,0.0,0.0,0.0
35843551,AG6,Dormant - Excluded,EXCLUDED,161,2025-07-21,408,437,0,437,1.071,0.0,41.4,41.4,LOW,0.0,0.0,0.0,0.0
35087588,AG6,Dormant - Excluded,EXCLUDED,162,2025-06-23,436,448,0,448,1.028,0.0,41.4,41.4,LOW,0.0,0.0,0.0,0.0
34949486,AG6,Dormant - Excluded,EXCLUDED,163,2025-06-16,443,452,0,452,1.02,0.0,41.4,41.4,LOW,0.0,0.0,0.0,0.0
34846789,AG6,Dormant - Excluded,EXCLUDED,164,2025-06-11,448,454,0,454,1.013,0.0,41.4,41.4,LOW,0.0,0.0,0.0,0.0
41867182,AG6,Dormant - Excluded,EXCLUDED,165,2026-05-05,120,169,0,169,1.408,0.0,41.4,41.4,LOW,0.0,0.0,0.0,0.0
39047665,AG6,Dormant - Excluded,EXCLUDED,166,2025-12-30,246,286,0,286,1.163,0.0,41.3,41.3,LOW,0.0,0.0,0.0,0.0
34704110,AG6,Dormant - Excluded,EXCLUDED,167,2025-06-03,456,454,0,454,0.996,0.0,41.3,41.3,LOW,0.0,0.0,0.0,0.0
34703762,AG6,Dormant - Excluded,EXCLUDED,168,2025-06-03,456,455,0,455,0.998,0.0,41.3,41.3,LOW,0.0,0.0,0.0,0.0
35706499,AG6,Dormant - Excluded,EXCLUDED,169,2025-07-16,413,436,0,436,1.056,0.0,41.2,41.2,LOW,0.0,0.0,0.0,0.0
35334350,AG6,Dormant - Excluded,EXCLUDED,170,2025-07-04,425,438,0,438,1.031,0.0,41.2,41.2,LOW,0.0,0.0,0.0,0.0
34748942,AG6,Dormant - Excluded,EXCLUDED,171,2025-06-05,454,452,0,452,0.996,0.0,41.2,41.2,LOW,0.0,0.0,0.0,0.0
40564923,AG6,Dormant - Excluded,EXCLUDED,172,2026-03-10,176,195,0,195,1.108,0.0,41.2,41.2,LOW,0.0,0.0,0.0,0.0
36603238,AG6,Dormant - Excluded,EXCLUDED,173,2025-08-26,372,414,0,414,1.113,0.0,41.1,41.1,LOW,0.0,0.0,0.0,0.0
35706422,AG6,Dormant - Excluded,EXCLUDED,174,2025-07-16,413,435,0,435,1.053,0.0,41.1,41.1,LOW,0.0,0.0,0.0,0.0
34801288,AG6,Dormant - Excluded,EXCLUDED,175,2025-06-09,450,446,0,446,0.991,0.0,41.1,41.1,LOW,0.0,0.0,0.0,0.0
34704028,AG6,Dormant - Excluded,EXCLUDED,176,2025-06-03,456,450,0,450,0.987,0.0,41.1,41.1,LOW,0.0,0.0,0.0,0.0
33890048,AG6,Dormant - Excluded,EXCLUDED,177,2025-05-02,488,464,0,464,0.951,0.0,41.1,41.1,LOW,0.0,0.0,0.0,0.0
39587468,AG6,Dormant - Excluded,EXCLUDED,178,2026-01-23,222,270,0,270,1.216,0.0,41.0,41.0,LOW,0.0,0.0,0.0,0.0
36603210,AG6,Dormant - Excluded,EXCLUDED,179,2025-08-26,372,413,0,413,1.11,0.0,41.0,41.0,LOW,0.0,0.0,0.0,0.0
34949490,AG6,Dormant - Excluded,EXCLUDED,180,2025-06-16,443,442,0,442,0.998,0.0,41.0,41.0,LOW,0.0,0.0,0.0,0.0
34611032,AG6,Dormant - Excluded,EXCLUDED,181,2025-05-30,460,447,0,447,0.972,0.0,41.0,41.0,LOW,0.0,0.0,0.0,0.0
43008849,AG6,Dormant - Excluded,EXCLUDED,182,2026-06-12,82,137,0,137,1.671,0.0,41.0,41.0,LOW,0.0,0.0,0.0,0.0
38142887,AG6,Dormant - Excluded,EXCLUDED,183,2025-11-21,285,298,0,298,1.046,0.0,40.9,40.9,LOW,0.0,0.0,0.0,0.0
36805074,AG6,Dormant - Excluded,EXCLUDED,184,2025-09-06,361,328,0,328,0.909,0.0,40.9,40.9,LOW,0.0,0.0,0.0,0.0
36409583,AG6,Dormant - Excluded,EXCLUDED,185,2025-08-14,384,415,0,415,1.081,0.0,40.9,40.9,LOW,0.0,0.0,0.0,0.0
35705847,AG6,Dormant - Excluded,EXCLUDED,186,2025-07-16,413,429,0,429,1.039,0.0,40.9,40.9,LOW,0.0,0.0,0.0,0.0
35087979,AG6,Dormant - Excluded,EXCLUDED,187,2025-06-24,435,437,0,437,1.005,0.0,40.9,40.9,LOW,0.0,0.0,0.0,0.0
34742558,AG6,Dormant - Excluded,EXCLUDED,188,2025-06-05,454,444,0,444,0.978,0.0,40.9,40.9,LOW,0.0,0.0,0.0,0.0
34949787,AG6,Dormant - Excluded,EXCLUDED,189,2025-06-16,443,437,0,437,0.986,0.0,40.8,40.8,LOW,0.0,0.0,0.0,0.0
34792139,AG6,Dormant - Excluded,EXCLUDED,190,2025-06-06,453,441,0,441,0.974,0.0,40.8,40.8,LOW,0.0,0.0,0.0,0.0
34714101,AG6,Dormant - Excluded,EXCLUDED,191,2025-06-03,456,442,0,442,0.969,0.0,40.8,40.8,LOW,0.0,0.0,0.0,0.0
33890049,AG6,Dormant - Excluded,EXCLUDED,192,2025-05-02,488,455,0,455,0.932,0.0,40.8,40.8,LOW,0.0,0.0,0.0,0.0
41096537,AG6,Dormant - Excluded,EXCLUDED,193,2026-04-02,153,183,0,183,1.196,0.0,40.8,40.8,LOW,0.0,0.0,0.0,0.0
35481906,AG6,Dormant - Excluded,EXCLUDED,194,2025-07-09,420,429,0,429,1.021,0.0,40.7,40.7,LOW,0.0,0.0,0.0,0.0
35087623,AG6,Dormant - Excluded,EXCLUDED,195,2025-06-23,436,433,0,433,0.993,0.0,40.7,40.7,LOW,0.0,0.0,0.0,0.0
34801289,AG6,Dormant - Excluded,EXCLUDED,196,2025-06-09,450,437,0,437,0.971,0.0,40.7,40.7,LOW,0.0,0.0,0.0,0.0
34846828,AG6,Dormant - Excluded,EXCLUDED,197,2025-06-11,448,437,0,437,0.975,0.0,40.7,40.7,LOW,0.0,0.0,0.0,0.0
34748956,AG6,Dormant - Excluded,EXCLUDED,198,2025-06-05,454,439,0,439,0.967,0.0,40.7,40.7,LOW,0.0,0.0,0.0,0.0
33251268,AG6,Dormant - Excluded,EXCLUDED,199,2025-03-20,531,473,0,473,0.891,0.0,40.7,40.7,LOW,0.0,0.0,0.0,0.0
36225676,AG6,Dormant - Excluded,EXCLUDED,200,2025-08-05,393,415,0,415,1.056,0.0,40.6,40.6,LOW,0.0,0.0,0.0,0.0
35898414,AG6,Dormant - Excluded,EXCLUDED,201,2025-07-23,406,419,0,419,1.032,0.0,40.6,40.6,LOW,0.0,0.0,0.0,0.0
35481857,AG6,Dormant - Excluded,EXCLUDED,202,2025-07-09,420,425,0,425,1.012,0.0,40.6,40.6,LOW,0.0,0.0,0.0,0.0
34846851,AG6,Dormant - Excluded,EXCLUDED,203,2025-06-10,449,436,0,436,0.971,0.0,40.6,40.6,LOW,0.0,0.0,0.0,0.0
34742560,AG6,Dormant - Excluded,EXCLUDED,204,2025-06-06,453,437,0,437,0.965,0.0,40.6,40.6,LOW,0.0,0.0,0.0,0.0
40564951,AG6,Dormant - Excluded,EXCLUDED,205,2026-03-10,176,191,0,191,1.085,0.0,40.6,40.6,LOW,0.0,0.0,0.0,0.0
35706018,AG6,Dormant - Excluded,EXCLUDED,206,2025-07-16,413,422,0,422,1.022,0.0,40.5,40.5,LOW,0.0,0.0,0.0,0.0
34837997,AG6,Dormant - Excluded,EXCLUDED,207,2025-06-11,448,435,0,435,0.971,0.0,40.5,40.5,LOW,0.0,0.0,0.0,0.0
34714133,AG6,Dormant - Excluded,EXCLUDED,208,2025-06-04,455,436,0,436,0.958,0.0,40.5,40.5,LOW,0.0,0.0,0.0,0.0
33845181,AG6,Dormant - Excluded,EXCLUDED,209,2025-04-29,491,449,0,449,0.914,0.0,40.5,40.5,LOW,0.0,0.0,0.0,0.0
39047613,AG6,Dormant - Excluded,EXCLUDED,210,2025-12-30,246,274,0,274,1.114,0.0,40.4,40.4,LOW,0.0,0.0,0.0,0.0
36225595,AG6,Dormant - Excluded,EXCLUDED,211,2025-08-06,392,411,0,411,1.048,0.0,40.4,40.4,LOW,0.0,0.0,0.0,0.0
34611079,AG6,Dormant - Excluded,EXCLUDED,212,2025-05-30,460,437,0,437,0.95,0.0,40.4,40.4,LOW,0.0,0.0,0.0,0.0
33864461,AG6,Dormant - Excluded,EXCLUDED,213,2025-04-30,490,446,0,446,0.91,0.0,40.4,40.4,LOW,0.0,0.0,0.0,0.0
35706650,AG6,Dormant - Excluded,EXCLUDED,214,2025-07-16,413,416,0,416,1.007,0.0,40.3,40.3,LOW,0.0,0.0,0.0,0.0
34838075,AG6,Dormant - Excluded,EXCLUDED,215,2025-06-11,448,431,0,431,0.962,0.0,40.3,40.3,LOW,0.0,0.0,0.0,0.0
34846771,AG6,Dormant - Excluded,EXCLUDED,216,2025-06-10,449,432,0,432,0.962,0.0,40.3,40.3,LOW,0.0,0.0,0.0,0.0
34745673,AG6,Dormant - Excluded,EXCLUDED,217,2025-06-05,454,433,0,433,0.954,0.0,40.3,40.3,LOW,0.0,0.0,0.0,0.0
36603288,AG6,Dormant - Excluded,EXCLUDED,218,2025-08-26,372,397,0,397,1.067,0.0,40.2,40.2,LOW,0.0,0.0,0.0,0.0
35087645,AG6,Dormant - Excluded,EXCLUDED,219,2025-06-23,436,423,0,423,0.97,0.0,40.2,40.2,LOW,0.0,0.0,0.0,0.0
34846827,AG6,Dormant - Excluded,EXCLUDED,220,2025-06-11,448,429,0,429,0.958,0.0,40.2,40.2,LOW,0.0,0.0,0.0,0.0
39749633,AG6,Dormant - Excluded,EXCLUDED,221,2026-01-31,214,258,0,258,1.206,0.0,40.1,40.1,LOW,0.0,0.0,0.0,0.0
39749671,AG6,Dormant - Excluded,EXCLUDED,222,2026-01-31,214,258,0,258,1.206,0.0,40.1,40.1,LOW,0.0,0.0,0.0,0.0
35087751,AG6,Dormant - Excluded,EXCLUDED,223,2025-06-24,435,421,0,421,0.968,0.0,40.1,40.1,LOW,0.0,0.0,0.0,0.0
34869097,AG6,Dormant - Excluded,EXCLUDED,224,2025-06-12,447,425,0,425,0.951,0.0,40.1,40.1,LOW,0.0,0.0,0.0,0.0
34703817,AG6,Dormant - Excluded,EXCLUDED,225,2025-06-03,456,431,0,431,0.945,0.0,40.1,40.1,LOW,0.0,0.0,0.0,0.0
33890050,AG6,Dormant - Excluded,EXCLUDED,226,2025-05-02,488,439,0,439,0.9,0.0,40.1,40.1,LOW,0.0,0.0,0.0,0.0
39047672,AG6,Dormant - Excluded,EXCLUDED,227,2025-12-31,245,268,0,268,1.094,0.0,40.0,40.0,LOW,0.0,0.0,0.0,0.0
36225593,AG6,Dormant - Excluded,EXCLUDED,228,2025-08-06,392,401,0,401,1.023,0.0,40.0,40.0,LOW,0.0,0.0,0.0,0.0
35843954,AG6,Dormant - Excluded,EXCLUDED,229,2025-07-21,408,408,0,408,1.0,0.0,40.0,40.0,LOW,0.0,0.0,0.0,0.0
35087905,AG6,Dormant - Excluded,EXCLUDED,230,2025-06-23,436,420,0,420,0.963,0.0,40.0,40.0,LOW,0.0,0.0,0.0,0.0
34949283,AG6,Dormant - Excluded,EXCLUDED,231,2025-06-16,443,423,0,423,0.955,0.0,40.0,40.0,LOW,0.0,0.0,0.0,0.0
34748931,AG6,Dormant - Excluded,EXCLUDED,232,2025-06-06,453,427,0,427,0.943,0.0,40.0,40.0,LOW,0.0,0.0,0.0,0.0
40564931,AG6,Dormant - Excluded,EXCLUDED,233,2026-03-10,176,186,0,186,1.057,0.0,40.0,40.0,LOW,0.0,0.0,0.0,0.0
38142659,AG6,Dormant - Excluded,EXCLUDED,234,2025-11-21,285,285,0,285,1.0,0.0,39.9,39.9,LOW,0.0,0.0,0.0,0.0
35843992,AG6,Dormant - Excluded,EXCLUDED,235,2025-07-21,408,405,0,405,0.993,0.0,39.9,39.9,LOW,0.0,0.0,0.0,0.0
34726139,AG6,Dormant - Excluded,EXCLUDED,236,2025-06-04,455,424,0,424,0.932,0.0,39.9,39.9,LOW,0.0,0.0,0.0,0.0
34630364,AG6,Dormant - Excluded,EXCLUDED,237,2025-05-31,459,425,0,425,0.926,0.0,39.9,39.9,LOW,0.0,0.0,0.0,0.0
34704072,AG6,Dormant - Excluded,EXCLUDED,238,2025-06-04,455,425,0,425,0.934,0.0,39.9,39.9,LOW,0.0,0.0,0.0,0.0
41096535,AG6,Dormant - Excluded,EXCLUDED,239,2026-04-02,153,175,0,175,1.144,0.0,39.9,39.9,LOW,0.0,0.0,0.0,0.0
36603271,AG6,Dormant - Excluded,EXCLUDED,240,2025-08-26,372,388,0,388,1.043,0.0,39.8,39.8,LOW,0.0,0.0,0.0,0.0
35843798,AG6,Dormant - Excluded,EXCLUDED,241,2025-07-21,408,403,0,403,0.988,0.0,39.8,39.8,LOW,0.0,0.0,0.0,0.0
35706658,AG6,Dormant - Excluded,EXCLUDED,242,2025-07-16,413,405,0,405,0.981,0.0,39.8,39.8,LOW,0.0,0.0,0.0,0.0
35706724,AG6,Dormant - Excluded,EXCLUDED,243,2025-07-16,413,406,0,406,0.983,0.0,39.8,39.8,LOW,0.0,0.0,0.0,0.0
34704427,AG6,Dormant - Excluded,EXCLUDED,244,2025-06-03,456,423,0,423,0.928,0.0,39.8,39.8,LOW,0.0,0.0,0.0,0.0
39047671,AG6,Dormant - Excluded,EXCLUDED,245,2025-12-30,246,266,0,266,1.081,0.0,39.7,39.7,LOW,0.0,0.0,0.0,0.0
35706297,AG6,Dormant - Excluded,EXCLUDED,246,2025-07-16,413,404,0,404,0.978,0.0,39.7,39.7,LOW,0.0,0.0,0.0,0.0
34949920,AG6,Dormant - Excluded,EXCLUDED,247,2025-06-16,443,415,0,415,0.937,0.0,39.7,39.7,LOW,0.0,0.0,0.0,0.0
34630371,AG6,Dormant - Excluded,EXCLUDED,248,2025-05-31,459,422,0,422,0.919,0.0,39.7,39.7,LOW,0.0,0.0,0.0,0.0
43008860,AG6,Dormant - Excluded,EXCLUDED,249,2026-06-12,82,128,0,128,1.561,0.0,39.7,39.7,LOW,0.0,0.0,0.0,0.0
35898412,AG6,Dormant - Excluded,EXCLUDED,250,2025-07-24,405,398,0,398,0.983,0.0,39.6,39.6,LOW,0.0,0.0,0.0,0.0
35844073,AG6,Dormant - Excluded,EXCLUDED,251,2025-07-21,408,399,0,399,0.978,0.0,39.6,39.6,LOW,0.0,0.0,0.0,0.0
34949482,AG6,Dormant - Excluded,EXCLUDED,252,2025-06-16,443,414,0,414,0.935,0.0,39.6,39.6,LOW,0.0,0.0,0.0,0.0
34801261,AG6,Dormant - Excluded,EXCLUDED,253,2025-06-09,450,415,0,415,0.922,0.0,39.6,39.6,LOW,0.0,0.0,0.0,0.0
34748939,AG6,Dormant - Excluded,EXCLUDED,254,2025-06-06,453,416,0,416,0.918,0.0,39.6,39.6,LOW,0.0,0.0,0.0,0.0
34704099,AG6,Dormant - Excluded,EXCLUDED,255,2025-06-03,456,418,0,418,0.917,0.0,39.6,39.6,LOW,0.0,0.0,0.0,0.0
39592494,AG6,Dormant - Excluded,EXCLUDED,256,2026-01-23,222,254,0,254,1.144,0.0,39.5,39.5,LOW,0.0,0.0,0.0,0.0
39047663,AG6,Dormant - Excluded,EXCLUDED,257,2025-12-31,245,264,0,264,1.078,0.0,39.5,39.5,LOW,0.0,0.0,0.0,0.0
34792093,AG6,Dormant - Excluded,EXCLUDED,258,2025-06-07,452,415,0,415,0.918,0.0,39.5,39.5,LOW,0.0,0.0,0.0,0.0
34704102,AG6,Dormant - Excluded,EXCLUDED,259,2025-06-03,456,416,0,416,0.912,0.0,39.5,39.5,LOW,0.0,0.0,0.0,0.0
36409585,AG6,Dormant - Excluded,EXCLUDED,260,2025-08-16,382,384,0,384,1.005,0.0,39.4,39.4,LOW,0.0,0.0,0.0,0.0
35706247,AG6,Dormant - Excluded,EXCLUDED,261,2025-07-16,413,396,0,396,0.959,0.0,39.4,39.4,LOW,0.0,0.0,0.0,0.0
35087830,AG6,Dormant - Excluded,EXCLUDED,262,2025-06-23,436,407,0,407,0.933,0.0,39.4,39.4,LOW,0.0,0.0,0.0,0.0
35087713,AG6,Dormant - Excluded,EXCLUDED,263,2025-06-23,436,408,0,408,0.936,0.0,39.4,39.4,LOW,0.0,0.0,0.0,0.0
34838072,AG6,Dormant - Excluded,EXCLUDED,264,2025-06-11,448,411,0,411,0.917,0.0,39.4,39.4,LOW,0.0,0.0,0.0,0.0
34714148,AG6,Dormant - Excluded,EXCLUDED,265,2025-06-04,455,414,0,414,0.91,0.0,39.4,39.4,LOW,0.0,0.0,0.0,0.0
40564949,AG6,Dormant - Excluded,EXCLUDED,266,2026-03-10,176,181,0,181,1.028,0.0,39.4,39.4,LOW,0.0,0.0,0.0,0.0
39047630,AG6,Dormant - Excluded,EXCLUDED,267,2025-12-30,246,263,0,263,1.069,0.0,39.3,39.3,LOW,0.0,0.0,0.0,0.0
38142788,AG6,Dormant - Excluded,EXCLUDED,268,2025-11-21,285,276,0,276,0.968,0.0,39.3,39.3,LOW,0.0,0.0,0.0,0.0
36603220,AG6,Dormant - Excluded,EXCLUDED,269,2025-08-26,372,380,0,380,1.022,0.0,39.3,39.3,LOW,0.0,0.0,0.0,0.0
35844190,AG6,Dormant - Excluded,EXCLUDED,270,2025-07-21,408,393,0,393,0.963,0.0,39.3,39.3,LOW,0.0,0.0,0.0,0.0
35287352,AG6,Dormant - Excluded,EXCLUDED,271,2025-07-01,428,401,0,401,0.937,0.0,39.3,39.3,LOW,0.0,0.0,0.0,0.0
35087767,AG6,Dormant - Excluded,EXCLUDED,272,2025-06-23,436,405,0,405,0.929,0.0,39.3,39.3,LOW,0.0,0.0,0.0,0.0
34838079,AG6,Dormant - Excluded,EXCLUDED,273,2025-06-11,448,409,0,409,0.913,0.0,39.3,39.3,LOW,0.0,0.0,0.0,0.0
34748925,AG6,Dormant - Excluded,EXCLUDED,274,2025-06-06,453,412,0,412,0.909,0.0,39.3,39.3,LOW,0.0,0.0,0.0,0.0
35843276,AG6,Dormant - Excluded,EXCLUDED,275,2025-07-21,408,391,0,391,0.958,0.0,39.2,39.2,LOW,0.0,0.0,0.0,0.0
35706310,AG6,Dormant - Excluded,EXCLUDED,276,2025-07-16,413,392,0,392,0.949,0.0,39.2,39.2,LOW,0.0,0.0,0.0,0.0
34801286,AG6,Dormant - Excluded,EXCLUDED,277,2025-06-07,452,409,0,409,0.905,0.0,39.2,39.2,LOW,0.0,0.0,0.0,0.0
34714165,AG6,Dormant - Excluded,EXCLUDED,278,2025-06-04,455,411,0,411,0.903,0.0,39.2,39.2,LOW,0.0,0.0,0.0,0.0
39587446,AG6,Dormant - Excluded,EXCLUDED,279,2026-01-23,222,249,0,249,1.122,0.0,39.1,39.1,LOW,0.0,0.0,0.0,0.0
35706103,AG6,Dormant - Excluded,EXCLUDED,280,2025-07-16,413,391,0,391,0.947,0.0,39.1,39.1,LOW,0.0,0.0,0.0,0.0
34748940,AG6,Dormant - Excluded,EXCLUDED,281,2025-06-05,454,408,0,408,0.899,0.0,39.1,39.1,LOW,0.0,0.0,0.0,0.0
41096508,AG6,Dormant - Excluded,EXCLUDED,282,2026-04-02,153,168,0,168,1.098,0.0,39.1,39.1,LOW,0.0,0.0,0.0,0.0
35705915,AG6,Dormant - Excluded,EXCLUDED,283,2025-07-16,413,388,0,388,0.939,0.0,39.0,39.0,LOW,0.0,0.0,0.0,0.0
35706126,AG6,Dormant - Excluded,EXCLUDED,284,2025-07-16,413,388,0,388,0.939,0.0,39.0,39.0,LOW,0.0,0.0,0.0,0.0
35087814,AG6,Dormant - Excluded,EXCLUDED,285,2025-06-23,436,397,0,397,0.911,0.0,39.0,39.0,LOW,0.0,0.0,0.0,0.0
34745667,AG6,Dormant - Excluded,EXCLUDED,286,2025-06-06,453,406,0,406,0.896,0.0,39.0,39.0,LOW,0.0,0.0,0.0,0.0
39047618,AG6,Dormant - Excluded,EXCLUDED,287,2025-12-30,246,259,0,259,1.053,0.0,38.9,38.9,LOW,0.0,0.0,0.0,0.0
35844015,AG6,Dormant - Excluded,EXCLUDED,288,2025-07-21,408,385,0,385,0.944,0.0,38.9,38.9,LOW,0.0,0.0,0.0,0.0
35287458,AG6,Dormant - Excluded,EXCLUDED,289,2025-07-01,428,392,0,392,0.916,0.0,38.9,38.9,LOW,0.0,0.0,0.0,0.0
34949667,AG6,Dormant - Excluded,EXCLUDED,290,2025-06-16,443,399,0,399,0.901,0.0,38.9,38.9,LOW,0.0,0.0,0.0,0.0
33251263,AG6,Dormant - Excluded,EXCLUDED,291,2025-03-20,531,432,0,432,0.814,0.0,38.9,38.9,LOW,0.0,0.0,0.0,0.0
41096500,AG6,Dormant - Excluded,EXCLUDED,292,2026-04-02,153,166,0,166,1.085,0.0,38.9,38.9,LOW,0.0,0.0,0.0,0.0
38141249,AG6,Dormant - Excluded,EXCLUDED,293,2025-11-27,279,267,0,267,0.957,0.0,38.8,38.8,LOW,0.0,0.0,0.0,0.0
35843623,AG6,Dormant - Excluded,EXCLUDED,294,2025-07-21,408,383,0,383,0.939,0.0,38.8,38.8,LOW,0.0,0.0,0.0,0.0
34846725,AG6,Dormant - Excluded,EXCLUDED,295,2025-06-11,448,400,0,400,0.893,0.0,38.8,38.8,LOW,0.0,0.0,0.0,0.0
35287115,AG6,Dormant - Excluded,EXCLUDED,296,2025-07-01,428,389,0,389,0.909,0.0,38.7,38.7,LOW,0.0,0.0,0.0,0.0
34792232,AG6,Dormant - Excluded,EXCLUDED,297,2025-06-06,453,400,0,400,0.883,0.0,38.7,38.7,LOW,0.0,0.0,0.0,0.0
34726045,AG6,Dormant - Excluded,EXCLUDED,298,2025-06-09,450,395,0,395,0.878,0.0,38.6,38.6,LOW,0.0,0.0,0.0,0.0
34869188,AG6,Dormant - Excluded,EXCLUDED,299,2025-06-16,443,395,0,395,0.892,0.0,38.6,38.6,LOW,0.0,0.0,0.0,0.0
33889926,AG6,Dormant - Excluded,EXCLUDED,300,2025-05-02,488,411,0,411,0.842,0.0,38.6,38.6,LOW,0.0,0.0,0.0,0.0
41802166,AG6,Dormant - Excluded,EXCLUDED,301,2026-05-02,123,148,0,148,1.203,0.0,38.6,38.6,LOW,0.0,0.0,0.0,0.0
39587523,AG6,Dormant - Excluded,EXCLUDED,302,2026-01-23,222,243,0,243,1.095,0.0,38.5,38.5,LOW,0.0,0.0,0.0,0.0
35481626,AG6,Dormant - Excluded,EXCLUDED,303,2025-07-09,420,382,0,382,0.91,0.0,38.5,38.5,LOW,0.0,0.0,0.0,0.0
35087769,AG6,Dormant - Excluded,EXCLUDED,304,2025-06-23,436,389,0,389,0.892,0.0,38.5,38.5,LOW,0.0,0.0,0.0,0.0
34704346,AG6,Dormant - Excluded,EXCLUDED,305,2025-06-03,456,395,0,395,0.866,0.0,38.5,38.5,LOW,0.0,0.0,0.0,0.0
34704105,AG6,Dormant - Excluded,EXCLUDED,306,2025-06-03,456,396,0,396,0.868,0.0,38.5,38.5,LOW,0.0,0.0,0.0,0.0
35481366,AG6,Dormant - Excluded,EXCLUDED,307,2025-07-08,421,382,0,382,0.907,0.0,38.4,38.4,LOW,0.0,0.0,0.0,0.0
34714135,AG6,Dormant - Excluded,EXCLUDED,308,2025-06-04,455,394,0,394,0.866,0.0,38.4,38.4,LOW,0.0,0.0,0.0,0.0
35087620,AG6,Dormant - Excluded,EXCLUDED,309,2025-06-23,436,386,0,386,0.885,0.0,38.3,38.3,LOW,0.0,0.0,0.0,0.0
34745671,AG6,Dormant - Excluded,EXCLUDED,310,2025-06-06,453,390,0,390,0.861,0.0,38.3,38.3,LOW,0.0,0.0,0.0,0.0
34704109,AG6,Dormant - Excluded,EXCLUDED,311,2025-06-03,456,392,0,392,0.86,0.0,38.3,38.3,LOW,0.0,0.0,0.0,0.0
34611160,AG6,Dormant - Excluded,EXCLUDED,312,2025-05-30,460,393,0,393,0.854,0.0,38.3,38.3,LOW,0.0,0.0,0.0,0.0
35706035,AG6,Dormant - Excluded,EXCLUDED,313,2025-07-16,413,377,0,377,0.913,0.0,38.2,38.2,LOW,0.0,0.0,0.0,0.0
35287454,AG6,Dormant - Excluded,EXCLUDED,314,2025-07-01,428,382,0,382,0.893,0.0,38.2,38.2,LOW,0.0,0.0,0.0,0.0
35087754,AG6,Dormant - Excluded,EXCLUDED,315,2025-06-23,436,383,0,383,0.878,0.0,38.2,38.2,LOW,0.0,0.0,0.0,0.0
34949856,AG6,Dormant - Excluded,EXCLUDED,316,2025-06-16,443,385,0,385,0.869,0.0,38.2,38.2,LOW,0.0,0.0,0.0,0.0
34745670,AG6,Dormant - Excluded,EXCLUDED,317,2025-06-05,454,389,0,389,0.857,0.0,38.2,38.2,LOW,0.0,0.0,0.0,0.0
39258654,AG6,Dormant - Excluded,EXCLUDED,318,2026-01-09,236,245,0,245,1.038,0.0,38.1,38.1,LOW,0.0,0.0,0.0,0.0
39047660,AG6,Dormant - Excluded,EXCLUDED,319,2025-12-30,246,248,0,248,1.008,0.0,38.1,38.1,LOW,0.0,0.0,0.0,0.0
35843753,AG6,Dormant - Excluded,EXCLUDED,320,2025-07-20,409,373,0,373,0.912,0.0,38.1,38.1,LOW,0.0,0.0,0.0,0.0
35705986,AG6,Dormant - Excluded,EXCLUDED,321,2025-07-16,413,375,0,375,0.908,0.0,38.1,38.1,LOW,0.0,0.0,0.0,0.0
35334614,AG6,Dormant - Excluded,EXCLUDED,322,2025-07-03,426,380,0,380,0.892,0.0,38.1,38.1,LOW,0.0,0.0,0.0,0.0
35087891,AG6,Dormant - Excluded,EXCLUDED,323,2025-06-23,436,382,0,382,0.876,0.0,38.1,38.1,LOW,0.0,0.0,0.0,0.0
39592486,AG6,Dormant - Excluded,EXCLUDED,324,2026-01-23,222,239,0,239,1.077,0.0,38.0,38.0,LOW,0.0,0.0,0.0,0.0
36804988,AG6,Dormant - Excluded,EXCLUDED,325,2025-09-06,361,285,0,285,0.789,0.0,38.0,38.0,LOW,0.0,0.0,0.0,0.0
35706309,AG6,Dormant - Excluded,EXCLUDED,326,2025-07-16,413,374,0,374,0.906,0.0,38.0,38.0,LOW,0.0,0.0,0.0,0.0
35481757,AG6,Dormant - Excluded,EXCLUDED,327,2025-07-08,421,376,0,376,0.893,0.0,38.0,38.0,LOW,0.0,0.0,0.0,0.0
35481649,AG6,Dormant - Excluded,EXCLUDED,328,2025-07-09,420,377,0,377,0.898,0.0,38.0,38.0,LOW,0.0,0.0,0.0,0.0
35334468,AG6,Dormant - Excluded,EXCLUDED,329,2025-07-03,426,378,0,378,0.887,0.0,38.0,38.0,LOW,0.0,0.0,0.0,0.0
35087553,AG6,Dormant - Excluded,EXCLUDED,330,2025-06-23,436,381,0,381,0.874,0.0,38.0,38.0,LOW,0.0,0.0,0.0,0.0
34949316,AG6,Dormant - Excluded,EXCLUDED,331,2025-06-16,443,382,0,382,0.862,0.0,38.0,38.0,LOW,0.0,0.0,0.0,0.0
34704274,AG6,Dormant - Excluded,EXCLUDED,332,2025-06-04,455,387,0,387,0.851,0.0,38.0,38.0,LOW,0.0,0.0,0.0,0.0
34630463,AG6,Dormant - Excluded,EXCLUDED,333,2025-05-31,459,388,0,388,0.845,0.0,38.0,38.0,LOW,0.0,0.0,0.0,0.0
35843984,AG6,Dormant - Excluded,EXCLUDED,334,2025-07-21,408,370,0,370,0.907,0.0,37.9,37.9,LOW,0.0,0.0,0.0,0.0
35705874,AG6,Dormant - Excluded,EXCLUDED,335,2025-07-16,413,372,0,372,0.901,0.0,37.9,37.9,LOW,0.0,0.0,0.0,0.0
35087427,AG6,Dormant - Excluded,EXCLUDED,336,2025-06-23,436,379,0,379,0.869,0.0,37.9,37.9,LOW,0.0,0.0,0.0,0.0
35087501,AG6,Dormant - Excluded,EXCLUDED,337,2025-06-23,436,379,0,379,0.869,0.0,37.9,37.9,LOW,0.0,0.0,0.0,0.0
34838069,AG6,Dormant - Excluded,EXCLUDED,338,2025-06-11,448,383,0,383,0.855,0.0,37.9,37.9,LOW,0.0,0.0,0.0,0.0
40564928,AG6,Dormant - Excluded,EXCLUDED,339,2026-03-10,176,168,0,168,0.955,0.0,37.9,37.9,LOW,0.0,0.0,0.0,0.0
35706388,AG6,Dormant - Excluded,EXCLUDED,340,2025-07-16,413,371,0,371,0.898,0.0,37.8,37.8,LOW,0.0,0.0,0.0,0.0
35087460,AG6,Dormant - Excluded,EXCLUDED,341,2025-06-23,436,378,0,378,0.867,0.0,37.8,37.8,LOW,0.0,0.0,0.0,0.0
34801245,AG6,Dormant - Excluded,EXCLUDED,342,2025-06-09,450,381,0,381,0.847,0.0,37.8,37.8,LOW,0.0,0.0,0.0,0.0
34714134,AG6,Dormant - Excluded,EXCLUDED,343,2025-06-04,455,383,0,383,0.842,0.0,37.8,37.8,LOW,0.0,0.0,0.0,0.0
41096533,AG6,Dormant - Excluded,EXCLUDED,344,2026-04-02,153,157,0,157,1.026,0.0,37.8,37.8,LOW,0.0,0.0,0.0,0.0
34611049,AG6,Dormant - Excluded,EXCLUDED,345,2025-05-30,460,381,0,381,0.828,0.0,37.6,37.6,LOW,0.0,0.0,0.0,0.0
34611120,AG6,Dormant - Excluded,EXCLUDED,346,2025-05-31,459,381,0,381,0.83,0.0,37.6,37.6,LOW,0.0,0.0,0.0,0.0
35843825,AG6,Dormant - Excluded,EXCLUDED,347,2025-07-21,408,365,0,365,0.895,0.0,37.5,37.5,LOW,0.0,0.0,0.0,0.0
35843859,AG6,Dormant - Excluded,EXCLUDED,348,2025-07-21,408,365,0,365,0.895,0.0,37.5,37.5,LOW,0.0,0.0,0.0,0.0
35706502,AG6,Dormant - Excluded,EXCLUDED,349,2025-07-16,413,366,0,366,0.886,0.0,37.5,37.5,LOW,0.0,0.0,0.0,0.0
35481590,AG6,Dormant - Excluded,EXCLUDED,350,2025-07-09,420,367,0,367,0.874,0.0,37.5,37.5,LOW,0.0,0.0,0.0,0.0
34714113,AG6,Dormant - Excluded,EXCLUDED,351,2025-06-03,456,379,0,379,0.831,0.0,37.5,37.5,LOW,0.0,0.0,0.0,0.0
36805019,AG6,Dormant - Excluded,EXCLUDED,352,2025-09-06,361,276,0,276,0.765,0.0,37.4,37.4,LOW,0.0,0.0,0.0,0.0
35334383,AG6,Dormant - Excluded,EXCLUDED,353,2025-07-04,425,369,0,369,0.868,0.0,37.4,37.4,LOW,0.0,0.0,0.0,0.0
35087636,AG6,Dormant - Excluded,EXCLUDED,354,2025-06-23,436,371,0,371,0.851,0.0,37.4,37.4,LOW,0.0,0.0,0.0,0.0
34949832,AG6,Dormant - Excluded,EXCLUDED,355,2025-06-16,443,374,0,374,0.844,0.0,37.4,37.4,LOW,0.0,0.0,0.0,0.0
34801248,AG6,Dormant - Excluded,EXCLUDED,356,2025-06-09,450,375,0,375,0.833,0.0,37.4,37.4,LOW,0.0,0.0,0.0,0.0
34838015,AG6,Dormant - Excluded,EXCLUDED,357,2025-06-10,449,375,0,375,0.835,0.0,37.4,37.4,LOW,0.0,0.0,0.0,0.0
34714108,AG6,Dormant - Excluded,EXCLUDED,358,2025-06-03,456,378,0,378,0.829,0.0,37.4,37.4,LOW,0.0,0.0,0.0,0.0
35287946,AG6,Dormant - Excluded,EXCLUDED,359,2025-07-01,428,367,0,367,0.857,0.0,37.3,37.3,LOW,0.0,0.0,0.0,0.0
34714164,AG6,Dormant - Excluded,EXCLUDED,360,2025-06-04,455,375,0,375,0.824,0.0,37.3,37.3,LOW,0.0,0.0,0.0,0.0
35481438,AG6,Dormant - Excluded,EXCLUDED,361,2025-07-08,421,363,0,363,0.862,0.0,37.2,37.2,LOW,0.0,0.0,0.0,0.0
34949864,AG6,Dormant - Excluded,EXCLUDED,362,2025-06-16,443,370,0,370,0.835,0.0,37.2,37.2,LOW,0.0,0.0,0.0,0.0
34846769,AG6,Dormant - Excluded,EXCLUDED,363,2025-06-11,448,371,0,371,0.828,0.0,37.2,37.2,LOW,0.0,0.0,0.0,0.0
34726021,AG6,Dormant - Excluded,EXCLUDED,364,2025-06-04,455,373,0,373,0.82,0.0,37.2,37.2,LOW,0.0,0.0,0.0,0.0
34748920,AG6,Dormant - Excluded,EXCLUDED,365,2025-06-06,453,373,0,373,0.823,0.0,37.2,37.2,LOW,0.0,0.0,0.0,0.0
35481623,AG6,Dormant - Excluded,EXCLUDED,366,2025-07-08,421,361,0,361,0.857,0.0,37.1,37.1,LOW,0.0,0.0,0.0,0.0
35481567,AG6,Dormant - Excluded,EXCLUDED,367,2025-07-08,421,362,0,362,0.86,0.0,37.1,37.1,LOW,0.0,0.0,0.0,0.0
35334377,AG6,Dormant - Excluded,EXCLUDED,368,2025-07-03,426,363,0,363,0.852,0.0,37.1,37.1,LOW,0.0,0.0,0.0,0.0
35087616,AG6,Dormant - Excluded,EXCLUDED,369,2025-06-23,436,366,0,366,0.839,0.0,37.1,37.1,LOW,0.0,0.0,0.0,0.0
35087701,AG6,Dormant - Excluded,EXCLUDED,370,2025-06-23,436,367,0,367,0.842,0.0,37.1,37.1,LOW,0.0,0.0,0.0,0.0
39047653,AG6,Dormant - Excluded,EXCLUDED,371,2025-12-30,246,238,0,238,0.967,0.0,37.0,37.0,LOW,0.0,0.0,0.0,0.0
36225680,AG6,Dormant - Excluded,EXCLUDED,372,2025-08-05,393,350,0,350,0.891,0.0,37.0,37.0,LOW,0.0,0.0,0.0,0.0
34704309,AG6,Dormant - Excluded,EXCLUDED,373,2025-06-03,456,371,0,371,0.814,0.0,37.0,37.0,LOW,0.0,0.0,0.0,0.0
38142878,AG6,Dormant - Excluded,EXCLUDED,374,2025-11-21,285,248,0,248,0.87,0.0,36.9,36.9,LOW,0.0,0.0,0.0,0.0
35843745,AG6,Dormant - Excluded,EXCLUDED,375,2025-07-21,408,352,0,352,0.863,0.0,36.9,36.9,LOW,0.0,0.0,0.0,0.0
35843978,AG6,Dormant - Excluded,EXCLUDED,376,2025-07-21,408,352,0,352,0.863,0.0,36.9,36.9,LOW,0.0,0.0,0.0,0.0
35843999,AG6,Dormant - Excluded,EXCLUDED,377,2025-07-21,408,352,0,352,0.863,0.0,36.9,36.9,LOW,0.0,0.0,0.0,0.0
35705974,AG6,Dormant - Excluded,EXCLUDED,378,2025-07-16,413,355,0,355,0.86,0.0,36.9,36.9,LOW,0.0,0.0,0.0,0.0
34704096,AG6,Dormant - Excluded,EXCLUDED,379,2025-06-03,456,370,0,370,0.811,0.0,36.9,36.9,LOW,0.0,0.0,0.0,0.0
34714120,AG6,Dormant - Excluded,EXCLUDED,380,2025-06-04,455,370,0,370,0.813,0.0,36.9,36.9,LOW,0.0,0.0,0.0,0.0
33847410,AG6,Dormant - Excluded,EXCLUDED,381,2025-04-29,491,378,0,378,0.77,0.0,36.9,36.9,LOW,0.0,0.0,0.0,0.0
35843955,AG6,Dormant - Excluded,EXCLUDED,382,2025-07-21,408,351,0,351,0.86,0.0,36.8,36.8,LOW,0.0,0.0,0.0,0.0
35482099,AG6,Dormant - Excluded,EXCLUDED,383,2025-07-08,421,355,0,355,0.843,0.0,36.8,36.8,LOW,0.0,0.0,0.0,0.0
35087438,AG6,Dormant - Excluded,EXCLUDED,384,2025-06-23,436,361,0,361,0.828,0.0,36.8,36.8,LOW,0.0,0.0,0.0,0.0
34846824,AG6,Dormant - Excluded,EXCLUDED,385,2025-06-11,448,365,0,365,0.815,0.0,36.8,36.8,LOW,0.0,0.0,0.0,0.0
38142923,AG6,Dormant - Excluded,EXCLUDED,386,2025-11-21,285,246,0,246,0.863,0.0,36.7,36.7,LOW,0.0,0.0,0.0,0.0
36495820,AG6,Dormant - Excluded,EXCLUDED,387,2025-08-22,376,339,0,339,0.902,0.0,36.7,36.7,LOW,0.0,0.0,0.0,0.0
35843791,AG6,Dormant - Excluded,EXCLUDED,388,2025-07-21,408,349,0,349,0.855,0.0,36.7,36.7,LOW,0.0,0.0,0.0,0.0
35843982,AG6,Dormant - Excluded,EXCLUDED,389,2025-07-21,408,350,0,350,0.858,0.0,36.7,36.7,LOW,0.0,0.0,0.0,0.0
35087618,AG6,Dormant - Excluded,EXCLUDED,390,2025-06-24,435,359,0,359,0.825,0.0,36.7,36.7,LOW,0.0,0.0,0.0,0.0
34949880,AG6,Dormant - Excluded,EXCLUDED,391,2025-06-16,443,363,0,363,0.819,0.0,36.7,36.7,LOW,0.0,0.0,0.0,0.0
35481780,AG6,Dormant - Excluded,EXCLUDED,392,2025-07-08,421,353,0,353,0.838,0.0,36.6,36.6,LOW,0.0,0.0,0.0,0.0
35087854,AG6,Dormant - Excluded,EXCLUDED,393,2025-06-23,436,357,0,357,0.819,0.0,36.6,36.6,LOW,0.0,0.0,0.0,0.0
34748935,AG6,Dormant - Excluded,EXCLUDED,394,2025-06-05,454,363,0,363,0.8,0.0,36.6,36.6,LOW,0.0,0.0,0.0,0.0
34704057,AG6,Dormant - Excluded,EXCLUDED,395,2025-06-03,456,364,0,364,0.798,0.0,36.6,36.6,LOW,0.0,0.0,0.0,0.0
34704321,AG6,Dormant - Excluded,EXCLUDED,396,2025-06-03,456,364,0,364,0.798,0.0,36.6,36.6,LOW,0.0,0.0,0.0,0.0
39258852,AG6,Dormant - Excluded,EXCLUDED,397,2026-01-08,237,230,0,230,0.97,0.0,36.5,36.5,LOW,0.0,0.0,0.0,0.0
35087853,AG6,Dormant - Excluded,EXCLUDED,398,2025-06-23,436,355,0,355,0.814,0.0,36.5,36.5,LOW,0.0,0.0,0.0,0.0
34949570,AG6,Dormant - Excluded,EXCLUDED,399,2025-06-16,443,358,0,358,0.808,0.0,36.5,36.5,LOW,0.0,0.0,0.0,0.0
34703851,AG6,Dormant - Excluded,EXCLUDED,400,2025-06-03,456,361,0,361,0.792,0.0,36.5,36.5,LOW,0.0,0.0,0.0,0.0
33889849,AG6,Dormant - Excluded,EXCLUDED,401,2025-05-02,488,369,0,369,0.756,0.0,36.5,36.5,LOW,0.0,0.0,0.0,0.0
35706085,AG6,Dormant - Excluded,EXCLUDED,402,2025-07-16,413,347,0,347,0.84,0.0,36.4,36.4,LOW,0.0,0.0,0.0,0.0
35334474,AG6,Dormant - Excluded,EXCLUDED,403,2025-07-04,425,351,0,351,0.826,0.0,36.4,36.4,LOW,0.0,0.0,0.0,0.0
35087582,AG6,Dormant - Excluded,EXCLUDED,404,2025-06-23,436,354,0,354,0.812,0.0,36.4,36.4,LOW,0.0,0.0,0.0,0.0
35087692,AG6,Dormant - Excluded,EXCLUDED,405,2025-06-23,436,354,0,354,0.812,0.0,36.4,36.4,LOW,0.0,0.0,0.0,0.0
35087714,AG6,Dormant - Excluded,EXCLUDED,406,2025-06-23,436,354,0,354,0.812,0.0,36.4,36.4,LOW,0.0,0.0,0.0,0.0
34748916,AG6,Dormant - Excluded,EXCLUDED,407,2025-06-06,453,359,0,359,0.792,0.0,36.4,36.4,LOW,0.0,0.0,0.0,0.0
38142802,AG6,Dormant - Excluded,EXCLUDED,408,2025-11-21,285,243,0,243,0.853,0.0,36.3,36.3,LOW,0.0,0.0,0.0,0.0
35334480,AG6,Dormant - Excluded,EXCLUDED,409,2025-07-03,426,348,0,348,0.817,0.0,36.3,36.3,LOW,0.0,0.0,0.0,0.0
35287270,AG6,Dormant - Excluded,EXCLUDED,410,2025-07-01,428,349,0,349,0.815,0.0,36.3,36.3,LOW,0.0,0.0,0.0,0.0
34949472,AG6,Dormant - Excluded,EXCLUDED,411,2025-06-16,443,354,0,354,0.799,0.0,36.3,36.3,LOW,0.0,0.0,0.0,0.0
34611150,AG6,Dormant - Excluded,EXCLUDED,412,2025-05-31,459,358,0,358,0.78,0.0,36.3,36.3,LOW,0.0,0.0,0.0,0.0
41867173,AG6,Dormant - Excluded,EXCLUDED,413,2026-05-05,120,129,0,129,1.075,0.0,36.3,36.3,LOW,0.0,0.0,0.0,0.0
41096495,AG6,Dormant - Excluded,EXCLUDED,414,2026-04-02,153,145,0,145,0.948,0.0,36.3,36.3,LOW,0.0,0.0,0.0,0.0
35706386,AG6,Dormant - Excluded,EXCLUDED,415,2025-07-16,413,344,0,344,0.833,0.0,36.2,36.2,LOW,0.0,0.0,0.0,0.0
35481512,AG6,Dormant - Excluded,EXCLUDED,416,2025-07-08,421,346,0,346,0.822,0.0,36.2,36.2,LOW,0.0,0.0,0.0,0.0
39592485,AG6,Dormant - Excluded,EXCLUDED,417,2026-01-23,222,220,0,220,0.991,0.0,36.1,36.1,LOW,0.0,0.0,0.0,0.0
35844026,AG6,Dormant - Excluded,EXCLUDED,418,2025-07-21,408,340,0,340,0.833,0.0,36.1,36.1,LOW,0.0,0.0,0.0,0.0
34783371,AG6,Dormant - Excluded,EXCLUDED,419,2025-06-06,453,353,0,353,0.779,0.0,36.1,36.1,LOW,0.0,0.0,0.0,0.0
34630461,AG6,Dormant - Excluded,EXCLUDED,420,2025-05-31,459,354,0,354,0.771,0.0,36.1,36.1,LOW,0.0,0.0,0.0,0.0
35843367,AG6,Dormant - Excluded,EXCLUDED,421,2025-07-21,408,339,0,339,0.831,0.0,36.0,36.0,LOW,0.0,0.0,0.0,0.0
35844082,AG6,Dormant - Excluded,EXCLUDED,422,2025-07-21,408,339,0,339,0.831,0.0,36.0,36.0,LOW,0.0,0.0,0.0,0.0
34949779,AG6,Dormant - Excluded,EXCLUDED,423,2025-06-16,443,348,0,348,0.786,0.0,36.0,36.0,LOW,0.0,0.0,0.0,0.0
34726141,AG6,Dormant - Excluded,EXCLUDED,424,2025-06-04,455,351,0,351,0.771,0.0,36.0,36.0,LOW,0.0,0.0,0.0,0.0
39047651,AG6,Dormant - Excluded,EXCLUDED,425,2025-12-30,246,226,0,226,0.919,0.0,35.8,35.8,LOW,0.0,0.0,0.0,0.0
35287161,AG6,Dormant - Excluded,EXCLUDED,426,2025-07-01,428,341,0,341,0.797,0.0,35.8,35.8,LOW,0.0,0.0,0.0,0.0
34703809,AG6,Dormant - Excluded,EXCLUDED,427,2025-06-03,456,348,0,348,0.763,0.0,35.8,35.8,LOW,0.0,0.0,0.0,0.0
35087635,AG6,Dormant - Excluded,EXCLUDED,428,2025-06-23,436,342,0,342,0.784,0.0,35.7,35.7,LOW,0.0,0.0,0.0,0.0
34949600,AG6,Dormant - Excluded,EXCLUDED,429,2025-06-16,443,343,0,343,0.774,0.0,35.7,35.7,LOW,0.0,0.0,0.0,0.0
34949840,AG6,Dormant - Excluded,EXCLUDED,430,2025-06-16,443,343,0,343,0.774,0.0,35.7,35.7,LOW,0.0,0.0,0.0,0.0
34838037,AG6,Dormant - Excluded,EXCLUDED,431,2025-06-11,448,345,0,345,0.77,0.0,35.7,35.7,LOW,0.0,0.0,0.0,0.0
34611123,AG6,Dormant - Excluded,EXCLUDED,432,2025-05-31,459,347,0,347,0.756,0.0,35.7,35.7,LOW,0.0,0.0,0.0,0.0
34704064,AG6,Dormant - Excluded,EXCLUDED,433,2025-06-03,456,347,0,347,0.761,0.0,35.7,35.7,LOW,0.0,0.0,0.0,0.0
33809316,AG6,Dormant - Excluded,EXCLUDED,434,2025-04-26,494,355,0,355,0.719,0.0,35.7,35.7,LOW,0.0,0.0,0.0,0.0
35844024,AG6,Dormant - Excluded,EXCLUDED,435,2025-07-21,408,333,0,333,0.816,0.0,35.6,35.6,LOW,0.0,0.0,0.0,0.0
35087688,AG6,Dormant - Excluded,EXCLUDED,436,2025-06-23,436,339,0,339,0.778,0.0,35.6,35.6,LOW,0.0,0.0,0.0,0.0
35287200,AG6,Dormant - Excluded,EXCLUDED,437,2025-07-01,428,339,0,339,0.792,0.0,35.6,35.6,LOW,0.0,0.0,0.0,0.0
34846807,AG6,Dormant - Excluded,EXCLUDED,438,2025-06-11,448,342,0,342,0.763,0.0,35.6,35.6,LOW,0.0,0.0,0.0,0.0
34846817,AG6,Dormant - Excluded,EXCLUDED,439,2025-06-11,448,342,0,342,0.763,0.0,35.6,35.6,LOW,0.0,0.0,0.0,0.0
34714107,AG6,Dormant - Excluded,EXCLUDED,440,2025-06-03,456,344,0,344,0.754,0.0,35.6,35.6,LOW,0.0,0.0,0.0,0.0
34630444,AG6,Dormant - Excluded,EXCLUDED,441,2025-05-31,459,345,0,345,0.752,0.0,35.6,35.6,LOW,0.0,0.0,0.0,0.0
39258875,AG6,Dormant - Excluded,EXCLUDED,442,2026-01-09,236,219,0,219,0.928,0.0,35.5,35.5,LOW,0.0,0.0,0.0,0.0
34611042,AG6,Dormant - Excluded,EXCLUDED,443,2025-05-30,460,344,0,344,0.748,0.0,35.5,35.5,LOW,0.0,0.0,0.0,0.0
34611094,AG6,Dormant - Excluded,EXCLUDED,444,2025-05-30,460,344,0,344,0.748,0.0,35.5,35.5,LOW,0.0,0.0,0.0,0.0
34611165,AG6,Dormant - Excluded,EXCLUDED,445,2025-05-30,460,344,0,344,0.748,0.0,35.5,35.5,LOW,0.0,0.0,0.0,0.0
41096489,AG6,Dormant - Excluded,EXCLUDED,446,2026-04-02,153,138,0,138,0.902,0.0,35.5,35.5,LOW,0.0,0.0,0.0,0.0
36495803,AG6,Dormant - Excluded,EXCLUDED,447,2025-08-22,376,317,0,317,0.843,0.0,35.4,35.4,LOW,0.0,0.0,0.0,0.0
35843553,AG6,Dormant - Excluded,EXCLUDED,448,2025-07-20,409,331,0,331,0.809,0.0,35.4,35.4,LOW,0.0,0.0,0.0,0.0
35087848,AG6,Dormant - Excluded,EXCLUDED,449,2025-06-23,436,337,0,337,0.773,0.0,35.4,35.4,LOW,0.0,0.0,0.0,0.0
33889853,AG6,Dormant - Excluded,EXCLUDED,450,2025-05-02,488,350,0,350,0.717,0.0,35.4,35.4,LOW,0.0,0.0,0.0,0.0
39047664,AG6,Dormant - Excluded,EXCLUDED,451,2025-12-30,246,221,0,221,0.898,0.0,35.3,35.3,LOW,0.0,0.0,0.0,0.0
35706205,AG6,Dormant - Excluded,EXCLUDED,452,2025-07-16,413,328,0,328,0.794,0.0,35.3,35.3,LOW,0.0,0.0,0.0,0.0
34846815,AG6,Dormant - Excluded,EXCLUDED,453,2025-06-11,448,338,0,338,0.754,0.0,35.3,35.3,LOW,0.0,0.0,0.0,0.0
34783322,AG6,Dormant - Excluded,EXCLUDED,454,2025-06-07,452,339,0,339,0.75,0.0,35.3,35.3,LOW,0.0,0.0,0.0,0.0
34801214,AG6,Dormant - Excluded,EXCLUDED,455,2025-06-09,450,339,0,339,0.753,0.0,35.3,35.3,LOW,0.0,0.0,0.0,0.0
34630448,AG6,Dormant - Excluded,EXCLUDED,456,2025-05-31,459,340,0,340,0.741,0.0,35.3,35.3,LOW,0.0,0.0,0.0,0.0
33845175,AG6,Dormant - Excluded,EXCLUDED,457,2025-04-29,491,349,0,349,0.711,0.0,35.3,35.3,LOW,0.0,0.0,0.0,0.0
35843780,AG6,Dormant - Excluded,EXCLUDED,458,2025-07-21,408,326,0,326,0.799,0.0,35.2,35.2,LOW,0.0,0.0,0.0,0.0
35287171,AG6,Dormant - Excluded,EXCLUDED,459,2025-07-01,428,331,0,331,0.773,0.0,35.2,35.2,LOW,0.0,0.0,0.0,0.0
35087559,AG6,Dormant - Excluded,EXCLUDED,460,2025-06-23,436,333,0,333,0.764,0.0,35.2,35.2,LOW,0.0,0.0,0.0,0.0
34704207,AG6,Dormant - Excluded,EXCLUDED,461,2025-06-03,456,338,0,338,0.741,0.0,35.2,35.2,LOW,0.0,0.0,0.0,0.0
34704235,AG6,Dormant - Excluded,EXCLUDED,462,2025-06-04,455,338,0,338,0.743,0.0,35.2,35.2,LOW,0.0,0.0,0.0,0.0
34801236,AG6,Dormant - Excluded,EXCLUDED,463,2025-06-09,450,338,0,338,0.751,0.0,35.2,35.2,LOW,0.0,0.0,0.0,0.0
35706139,AG6,Dormant - Excluded,EXCLUDED,464,2025-07-16,413,325,0,325,0.787,0.0,35.1,35.1,LOW,0.0,0.0,0.0,0.0
34801151,AG6,Dormant - Excluded,EXCLUDED,465,2025-06-09,450,334,0,334,0.742,0.0,35.1,35.1,LOW,0.0,0.0,0.0,0.0
41096506,AG6,Dormant - Excluded,EXCLUDED,466,2026-04-02,153,135,0,135,0.882,0.0,35.1,35.1,LOW,0.0,0.0,0.0,0.0
35844136,AG6,Dormant - Excluded,EXCLUDED,467,2025-07-21,408,322,0,322,0.789,0.0,35.0,35.0,LOW,0.0,0.0,0.0,0.0
35087772,AG6,Dormant - Excluded,EXCLUDED,468,2025-06-24,435,328,0,328,0.754,0.0,35.0,35.0,LOW,0.0,0.0,0.0,0.0
34838067,AG6,Dormant - Excluded,EXCLUDED,469,2025-06-11,448,333,0,333,0.743,0.0,35.0,35.0,LOW,0.0,0.0,0.0,0.0
34871060,AG6,Dormant - Excluded,EXCLUDED,470,2025-06-12,447,333,0,333,0.745,0.0,35.0,35.0,LOW,0.0,0.0,0.0,0.0
34611045,AG6,Dormant - Excluded,EXCLUDED,471,2025-05-30,460,336,0,336,0.73,0.0,35.0,35.0,LOW,0.0,0.0,0.0,0.0
36603230,AG6,Dormant - Excluded,EXCLUDED,472,2025-08-26,372,309,0,309,0.831,0.0,34.9,34.9,LOW,0.0,0.0,0.0,0.0
36495811,AG6,Dormant - Excluded,EXCLUDED,473,2025-08-22,376,311,0,311,0.827,0.0,34.9,34.9,LOW,0.0,0.0,0.0,0.0
34838036,AG6,Dormant - Excluded,EXCLUDED,474,2025-06-10,449,331,0,331,0.737,0.0,34.9,34.9,LOW,0.0,0.0,0.0,0.0
34792201,AG6,Dormant - Excluded,EXCLUDED,475,2025-06-07,452,332,0,332,0.735,0.0,34.9,34.9,LOW,0.0,0.0,0.0,0.0
34846825,AG6,Dormant - Excluded,EXCLUDED,476,2025-06-10,449,332,0,332,0.739,0.0,34.9,34.9,LOW,0.0,0.0,0.0,0.0
34704085,AG6,Dormant - Excluded,EXCLUDED,477,2025-06-03,456,333,0,333,0.73,0.0,34.9,34.9,LOW,0.0,0.0,0.0,0.0
34704238,AG6,Dormant - Excluded,EXCLUDED,478,2025-06-03,456,333,0,333,0.73,0.0,34.9,34.9,LOW,0.0,0.0,0.0,0.0
40564940,AG6,Dormant - Excluded,EXCLUDED,479,2026-03-10,176,143,0,143,0.812,0.0,34.9,34.9,LOW,0.0,0.0,0.0,0.0
35843998,AG6,Dormant - Excluded,EXCLUDED,480,2025-07-21,408,317,0,317,0.777,0.0,34.8,34.8,LOW,0.0,0.0,0.0,0.0
35334265,AG6,Dormant - Excluded,EXCLUDED,481,2025-07-04,425,322,0,322,0.758,0.0,34.8,34.8,LOW,0.0,0.0,0.0,0.0
34714115,AG6,Dormant - Excluded,EXCLUDED,482,2025-06-03,456,332,0,332,0.728,0.0,34.8,34.8,LOW,0.0,0.0,0.0,0.0
41867183,AG6,Dormant - Excluded,EXCLUDED,483,2026-05-05,120,118,0,118,0.983,0.0,34.8,34.8,LOW,0.0,0.0,0.0,0.0
39047650,AG6,Dormant - Excluded,EXCLUDED,484,2025-12-30,246,215,0,215,0.874,0.0,34.7,34.7,LOW,0.0,0.0,0.0,0.0
38142800,AG6,Dormant - Excluded,EXCLUDED,485,2025-11-21,285,227,0,227,0.796,0.0,34.7,34.7,LOW,0.0,0.0,0.0,0.0
35706191,AG6,Dormant - Excluded,EXCLUDED,486,2025-07-16,413,316,0,316,0.765,0.0,34.7,34.7,LOW,0.0,0.0,0.0,0.0
34846850,AG6,Dormant - Excluded,EXCLUDED,487,2025-06-11,448,328,0,328,0.732,0.0,34.7,34.7,LOW,0.0,0.0,0.0,0.0
34703782,AG6,Dormant - Excluded,EXCLUDED,488,2025-06-03,456,330,0,330,0.724,0.0,34.7,34.7,LOW,0.0,0.0,0.0,0.0
34801203,AG6,Dormant - Excluded,EXCLUDED,489,2025-06-07,452,330,0,330,0.73,0.0,34.7,34.7,LOW,0.0,0.0,0.0,0.0
34846853,AG6,Dormant - Excluded,EXCLUDED,490,2025-06-11,448,326,0,326,0.728,0.0,34.6,34.6,LOW,0.0,0.0,0.0,0.0
34714098,AG6,Dormant - Excluded,EXCLUDED,491,2025-06-03,456,328,0,328,0.719,0.0,34.6,34.6,LOW,0.0,0.0,0.0,0.0
39749669,AG6,Dormant - Excluded,EXCLUDED,492,2026-01-31,214,204,0,204,0.953,0.0,34.5,34.5,LOW,0.0,0.0,0.0,0.0
39587450,AG6,Dormant - Excluded,EXCLUDED,493,2026-01-23,222,207,0,207,0.932,0.0,34.5,34.5,LOW,0.0,0.0,0.0,0.0
35843635,AG6,Dormant - Excluded,EXCLUDED,494,2025-07-20,409,312,0,312,0.763,0.0,34.5,34.5,LOW,0.0,0.0,0.0,0.0
35843974,AG6,Dormant - Excluded,EXCLUDED,495,2025-07-21,408,312,0,312,0.765,0.0,34.5,34.5,LOW,0.0,0.0,0.0,0.0
35705861,AG6,Dormant - Excluded,EXCLUDED,496,2025-07-16,413,314,0,314,0.76,0.0,34.5,34.5,LOW,0.0,0.0,0.0,0.0
34726140,AG6,Dormant - Excluded,EXCLUDED,497,2025-06-04,455,326,0,326,0.716,0.0,34.5,34.5,LOW,0.0,0.0,0.0,0.0
34630375,AG6,Dormant - Excluded,EXCLUDED,498,2025-05-31,459,327,0,327,0.712,0.0,34.5,34.5,LOW,0.0,0.0,0.0,0.0
34714088,AG6,Dormant - Excluded,EXCLUDED,499,2025-06-03,456,327,0,327,0.717,0.0,34.5,34.5,LOW,0.0,0.0,0.0,0.0
40564938,AG6,Dormant - Excluded,EXCLUDED,500,2026-03-10,176,139,0,139,0.79,0.0,34.5,34.5,LOW,0.0,0.0,0.0,0.0
36804970,AG6,Dormant - Excluded,EXCLUDED,501,2025-09-06,361,242,0,242,0.67,0.0,34.4,34.4,LOW,0.0,0.0,0.0,0.0
35334681,AG6,Dormant - Excluded,EXCLUDED,502,2025-07-03,426,315,0,315,0.739,0.0,34.4,34.4,LOW,0.0,0.0,0.0,0.0
34949592,AG6,Dormant - Excluded,EXCLUDED,503,2025-06-16,443,320,0,320,0.722,0.0,34.4,34.4,LOW,0.0,0.0,0.0,0.0
34714104,AG6,Dormant - Excluded,EXCLUDED,504,2025-06-03,456,325,0,325,0.713,0.0,34.4,34.4,LOW,0.0,0.0,0.0,0.0
33809284,AG6,Dormant - Excluded,EXCLUDED,505,2025-04-26,494,337,0,337,0.682,0.0,34.4,34.4,LOW,0.0,0.0,0.0,0.0
35286887,AG6,Dormant - Excluded,EXCLUDED,506,2025-07-01,428,315,0,315,0.736,0.0,34.3,34.3,LOW,0.0,0.0,0.0,0.0
35087360,AG6,Dormant - Excluded,EXCLUDED,507,2025-06-23,436,317,0,317,0.727,0.0,34.3,34.3,LOW,0.0,0.0,0.0,0.0
34949290,AG6,Dormant - Excluded,EXCLUDED,508,2025-06-16,443,319,0,319,0.72,0.0,34.3,34.3,LOW,0.0,0.0,0.0,0.0
34703991,AG6,Dormant - Excluded,EXCLUDED,509,2025-06-03,456,323,0,323,0.708,0.0,34.3,34.3,LOW,0.0,0.0,0.0,0.0
34704049,AG6,Dormant - Excluded,EXCLUDED,510,2025-06-03,456,323,0,323,0.708,0.0,34.3,34.3,LOW,0.0,0.0,0.0,0.0
34726138,AG6,Dormant - Excluded,EXCLUDED,511,2025-06-04,455,323,0,323,0.71,0.0,34.3,34.3,LOW,0.0,0.0,0.0,0.0
34726133,AG6,Dormant - Excluded,EXCLUDED,512,2025-06-04,455,324,0,324,0.712,0.0,34.3,34.3,LOW,0.0,0.0,0.0,0.0
34949821,AG6,Dormant - Excluded,EXCLUDED,513,2025-06-16,443,317,0,317,0.716,0.0,34.2,34.2,LOW,0.0,0.0,0.0,0.0
34871015,AG6,Dormant - Excluded,EXCLUDED,514,2025-06-12,447,318,0,318,0.711,0.0,34.2,34.2,LOW,0.0,0.0,0.0,0.0
34783227,AG6,Dormant - Excluded,EXCLUDED,515,2025-06-06,453,321,0,321,0.709,0.0,34.2,34.2,LOW,0.0,0.0,0.0,0.0
35287182,AG6,Dormant - Excluded,EXCLUDED,516,2025-07-01,428,312,0,312,0.729,0.0,34.1,34.1,LOW,0.0,0.0,0.0,0.0
34704210,AG6,Dormant - Excluded,EXCLUDED,517,2025-06-03,456,319,0,319,0.7,0.0,34.1,34.1,LOW,0.0,0.0,0.0,0.0
34714117,AG6,Dormant - Excluded,EXCLUDED,518,2025-06-04,455,319,0,319,0.701,0.0,34.1,34.1,LOW,0.0,0.0,0.0,0.0
34703962,AG6,Dormant - Excluded,EXCLUDED,519,2025-06-03,456,320,0,320,0.702,0.0,34.1,34.1,LOW,0.0,0.0,0.0,0.0
34630453,AG6,Dormant - Excluded,EXCLUDED,520,2025-05-31,459,322,0,322,0.702,0.0,34.1,34.1,LOW,0.0,0.0,0.0,0.0
41096496,AG6,Dormant - Excluded,EXCLUDED,521,2026-04-02,153,128,0,128,0.837,0.0,34.1,34.1,LOW,0.0,0.0,0.0,0.0
36603267,AG6,Dormant - Excluded,EXCLUDED,522,2025-08-26,372,294,0,294,0.79,0.0,34.0,34.0,LOW,0.0,0.0,0.0,0.0
35706116,AG6,Dormant - Excluded,EXCLUDED,523,2025-07-16,413,306,0,306,0.741,0.0,34.0,34.0,LOW,0.0,0.0,0.0,0.0
34949651,AG6,Dormant - Excluded,EXCLUDED,524,2025-06-16,443,313,0,313,0.707,0.0,33.9,33.9,LOW,0.0,0.0,0.0,0.0
34726076,AG6,Dormant - Excluded,EXCLUDED,525,2025-06-04,455,316,0,316,0.695,0.0,33.9,33.9,LOW,0.0,0.0,0.0,0.0
34801167,AG6,Dormant - Excluded,EXCLUDED,526,2025-06-07,452,316,0,316,0.699,0.0,33.9,33.9,LOW,0.0,0.0,0.0,0.0
35843750,AG6,Dormant - Excluded,EXCLUDED,527,2025-07-21,408,301,0,301,0.738,0.0,33.8,33.8,LOW,0.0,0.0,0.0,0.0
34846806,AG6,Dormant - Excluded,EXCLUDED,528,2025-06-11,448,313,0,313,0.699,0.0,33.8,33.8,LOW,0.0,0.0,0.0,0.0
34703941,AG6,Dormant - Excluded,EXCLUDED,529,2025-06-03,456,314,0,314,0.689,0.0,33.8,33.8,LOW,0.0,0.0,0.0,0.0
34714100,AG6,Dormant - Excluded,EXCLUDED,530,2025-06-03,456,315,0,315,0.691,0.0,33.8,33.8,LOW,0.0,0.0,0.0,0.0
36804977,AG6,Dormant - Excluded,EXCLUDED,531,2025-09-06,361,235,0,235,0.651,0.0,33.7,33.7,LOW,0.0,0.0,0.0,0.0
35843466,AG6,Dormant - Excluded,EXCLUDED,532,2025-07-21,408,300,0,300,0.735,0.0,33.7,33.7,LOW,0.0,0.0,0.0,0.0
35843973,AG6,Dormant - Excluded,EXCLUDED,533,2025-07-21,408,300,0,300,0.735,0.0,33.7,33.7,LOW,0.0,0.0,0.0,0.0
34792348,AG6,Dormant - Excluded,EXCLUDED,534,2025-06-10,449,311,0,311,0.693,0.0,33.7,33.7,LOW,0.0,0.0,0.0,0.0
35481329,AG6,Dormant - Excluded,EXCLUDED,535,2025-07-08,421,302,0,302,0.717,0.0,33.6,33.6,LOW,0.0,0.0,0.0,0.0
35087606,AG6,Dormant - Excluded,EXCLUDED,536,2025-06-23,436,306,0,306,0.702,0.0,33.6,33.6,LOW,0.0,0.0,0.0,0.0
34838066,AG6,Dormant - Excluded,EXCLUDED,537,2025-06-11,448,309,0,309,0.69,0.0,33.6,33.6,LOW,0.0,0.0,0.0,0.0
34714166,AG6,Dormant - Excluded,EXCLUDED,538,2025-06-04,455,311,0,311,0.684,0.0,33.6,33.6,LOW,0.0,0.0,0.0,0.0
35843801,AG6,Dormant - Excluded,EXCLUDED,539,2025-07-21,408,296,0,296,0.725,0.0,33.5,33.5,LOW,0.0,0.0,0.0,0.0
35334284,AG6,Dormant - Excluded,EXCLUDED,540,2025-07-03,426,302,0,302,0.709,0.0,33.5,33.5,LOW,0.0,0.0,0.0,0.0
34846726,AG6,Dormant - Excluded,EXCLUDED,541,2025-06-11,448,308,0,308,0.688,0.0,33.5,33.5,LOW,0.0,0.0,0.0,0.0
34825519,AG6,Dormant - Excluded,EXCLUDED,542,2025-06-10,449,309,0,309,0.688,0.0,33.5,33.5,LOW,0.0,0.0,0.0,0.0
34703983,AG6,Dormant - Excluded,EXCLUDED,543,2025-06-03,456,310,0,310,0.68,0.0,33.5,33.5,LOW,0.0,0.0,0.0,0.0
34714091,AG6,Dormant - Excluded,EXCLUDED,544,2025-06-03,456,310,0,310,0.68,0.0,33.5,33.5,LOW,0.0,0.0,0.0,0.0
34801207,AG6,Dormant - Excluded,EXCLUDED,545,2025-06-07,452,310,0,310,0.686,0.0,33.5,33.5,LOW,0.0,0.0,0.0,0.0
41096507,AG6,Dormant - Excluded,EXCLUDED,546,2026-04-02,153,124,0,124,0.81,0.0,33.5,33.5,LOW,0.0,0.0,0.0,0.0
40564936,AG6,Dormant - Excluded,EXCLUDED,547,2026-03-10,176,130,0,130,0.739,0.0,33.5,33.5,LOW,0.0,0.0,0.0,0.0
39587712,AG6,Dormant - Excluded,EXCLUDED,548,2026-01-23,222,198,0,198,0.892,0.0,33.5,33.5,LOW,0.0,0.0,0.0,0.0
36603180,AG6,Dormant - Excluded,EXCLUDED,549,2025-08-26,372,286,0,286,0.769,0.0,33.4,33.4,LOW,0.0,0.0,0.0,0.0
35843838,AG6,Dormant - Excluded,EXCLUDED,550,2025-07-21,408,295,0,295,0.723,0.0,33.4,33.4,LOW,0.0,0.0,0.0,0.0
35481773,AG6,Dormant - Excluded,EXCLUDED,551,2025-07-08,421,300,0,300,0.713,0.0,33.4,33.4,LOW,0.0,0.0,0.0,0.0
34949953,AG6,Dormant - Excluded,EXCLUDED,552,2025-06-16,443,305,0,305,0.688,0.0,33.4,33.4,LOW,0.0,0.0,0.0,0.0
34871058,AG6,Dormant - Excluded,EXCLUDED,553,2025-06-12,447,306,0,306,0.685,0.0,33.4,33.4,LOW,0.0,0.0,0.0,0.0
34704164,AG6,Dormant - Excluded,EXCLUDED,554,2025-06-03,456,308,0,308,0.675,0.0,33.4,33.4,LOW,0.0,0.0,0.0,0.0
35843481,AG6,Dormant - Excluded,EXCLUDED,555,2025-07-20,409,294,0,294,0.719,0.0,33.3,33.3,LOW,0.0,0.0,0.0,0.0
35087424,AG6,Dormant - Excluded,EXCLUDED,556,2025-06-23,436,302,0,302,0.693,0.0,33.3,33.3,LOW,0.0,0.0,0.0,0.0
34949782,AG6,Dormant - Excluded,EXCLUDED,557,2025-06-16,443,304,0,304,0.686,0.0,33.3,33.3,LOW,0.0,0.0,0.0,0.0
34714052,AG6,Dormant - Excluded,EXCLUDED,558,2025-06-03,456,307,0,307,0.673,0.0,33.3,33.3,LOW,0.0,0.0,0.0,0.0
34714094,AG6,Dormant - Excluded,EXCLUDED,559,2025-06-03,456,307,0,307,0.673,0.0,33.3,33.3,LOW,0.0,0.0,0.0,0.0
36225639,AG6,Dormant - Excluded,EXCLUDED,560,2025-08-05,393,288,0,288,0.733,0.0,33.2,33.2,LOW,0.0,0.0,0.0,0.0
35844245,AG6,Dormant - Excluded,EXCLUDED,561,2025-07-21,408,293,0,293,0.718,0.0,33.2,33.2,LOW,0.0,0.0,0.0,0.0
34846778,AG6,Dormant - Excluded,EXCLUDED,562,2025-06-10,449,303,0,303,0.675,0.0,33.2,33.2,LOW,0.0,0.0,0.0,0.0
34783327,AG6,Dormant - Excluded,EXCLUDED,563,2025-06-06,453,305,0,305,0.673,0.0,33.2,33.2,LOW,0.0,0.0,0.0,0.0
34801187,AG6,Dormant - Excluded,EXCLUDED,564,2025-06-07,452,305,0,305,0.675,0.0,33.2,33.2,LOW,0.0,0.0,0.0,0.0
34704262,AG6,Dormant - Excluded,EXCLUDED,565,2025-06-03,456,306,0,306,0.671,0.0,33.2,33.2,LOW,0.0,0.0,0.0,0.0
33809311,AG6,Dormant - Excluded,EXCLUDED,566,2025-04-26,494,316,0,316,0.64,0.0,33.2,33.2,LOW,0.0,0.0,0.0,0.0
35843757,AG6,Dormant - Excluded,EXCLUDED,567,2025-07-20,409,292,0,292,0.714,0.0,33.1,33.1,LOW,0.0,0.0,0.0,0.0
34949510,AG6,Dormant - Excluded,EXCLUDED,568,2025-06-16,443,300,0,300,0.677,0.0,33.1,33.1,LOW,0.0,0.0,0.0,0.0
35706071,AG6,Dormant - Excluded,EXCLUDED,569,2025-07-16,413,292,0,292,0.707,0.0,33.0,33.0,LOW,0.0,0.0,0.0,0.0
35481458,AG6,Dormant - Excluded,EXCLUDED,570,2025-07-08,421,294,0,294,0.698,0.0,33.0,33.0,LOW,0.0,0.0,0.0,0.0
34849457,AG6,Dormant - Excluded,EXCLUDED,571,2025-06-11,448,301,0,301,0.672,0.0,33.0,33.0,LOW,0.0,0.0,0.0,0.0
34783244,AG6,Dormant - Excluded,EXCLUDED,572,2025-06-06,453,302,0,302,0.667,0.0,33.0,33.0,LOW,0.0,0.0,0.0,0.0
39749622,AG6,Dormant - Excluded,EXCLUDED,573,2026-01-31,214,192,0,192,0.897,0.0,33.0,33.0,LOW,0.0,0.0,0.0,0.0
35334366,AG6,Dormant - Excluded,EXCLUDED,574,2025-07-04,425,293,0,293,0.689,0.0,32.9,32.9,LOW,0.0,0.0,0.0,0.0
34801138,AG6,Dormant - Excluded,EXCLUDED,575,2025-06-09,450,301,0,301,0.669,0.0,32.9,32.9,LOW,0.0,0.0,0.0,0.0
34703922,AG6,Dormant - Excluded,EXCLUDED,576,2025-06-03,456,302,0,302,0.662,0.0,32.9,32.9,LOW,0.0,0.0,0.0,0.0
35087536,AG6,Dormant - Excluded,EXCLUDED,577,2025-06-23,436,294,0,294,0.674,0.0,32.8,32.8,LOW,0.0,0.0,0.0,0.0
35087828,AG6,Dormant - Excluded,EXCLUDED,578,2025-06-23,436,294,0,294,0.674,0.0,32.8,32.8,LOW,0.0,0.0,0.0,0.0
34949645,AG6,Dormant - Excluded,EXCLUDED,579,2025-06-16,443,297,0,297,0.67,0.0,32.8,32.8,LOW,0.0,0.0,0.0,0.0
34838048,AG6,Dormant - Excluded,EXCLUDED,580,2025-06-11,448,298,0,298,0.665,0.0,32.8,32.8,LOW,0.0,0.0,0.0,0.0
34846886,AG6,Dormant - Excluded,EXCLUDED,581,2025-06-11,448,299,0,299,0.667,0.0,32.8,32.8,LOW,0.0,0.0,0.0,0.0
34630367,AG6,Dormant - Excluded,EXCLUDED,582,2025-05-31,459,301,0,301,0.656,0.0,32.8,32.8,LOW,0.0,0.0,0.0,0.0
33798192,AG6,Dormant - Excluded,EXCLUDED,583,2025-04-26,494,310,0,310,0.628,0.0,32.8,32.8,LOW,0.0,0.0,0.0,0.0
40564934,AG6,Dormant - Excluded,EXCLUDED,584,2026-03-10,176,126,0,126,0.716,0.0,32.8,32.8,LOW,0.0,0.0,0.0,0.0
39587485,AG6,Dormant - Excluded,EXCLUDED,585,2026-01-23,222,192,0,192,0.865,0.0,32.8,32.8,LOW,0.0,0.0,0.0,0.0
36225580,AG6,Dormant - Excluded,EXCLUDED,586,2025-08-06,392,281,0,281,0.717,0.0,32.7,32.7,LOW,0.0,0.0,0.0,0.0
35843786,AG6,Dormant - Excluded,EXCLUDED,587,2025-07-21,408,287,0,287,0.703,0.0,32.7,32.7,LOW,0.0,0.0,0.0,0.0
35334696,AG6,Dormant - Excluded,EXCLUDED,588,2025-07-03,426,291,0,291,0.683,0.0,32.7,32.7,LOW,0.0,0.0,0.0,0.0
34801358,AG6,Dormant - Excluded,EXCLUDED,589,2025-06-09,450,297,0,297,0.66,0.0,32.7,32.7,LOW,0.0,0.0,0.0,0.0
34846835,AG6,Dormant - Excluded,EXCLUDED,590,2025-06-10,449,297,0,297,0.661,0.0,32.7,32.7,LOW,0.0,0.0,0.0,0.0
34846788,AG6,Dormant - Excluded,EXCLUDED,591,2025-06-11,448,297,0,297,0.663,0.0,32.7,32.7,LOW,0.0,0.0,0.0,0.0
34714093,AG6,Dormant - Excluded,EXCLUDED,592,2025-06-03,456,299,0,299,0.656,0.0,32.7,32.7,LOW,0.0,0.0,0.0,0.0
34704198,AG6,Dormant - Excluded,EXCLUDED,593,2025-06-03,456,300,0,300,0.658,0.0,32.7,32.7,LOW,0.0,0.0,0.0,0.0
40564930,AG6,Dormant - Excluded,EXCLUDED,594,2026-03-10,176,125,0,125,0.71,0.0,32.7,32.7,LOW,0.0,0.0,0.0,0.0
35087349,AG6,Dormant - Excluded,EXCLUDED,595,2025-06-23,436,292,0,292,0.67,0.0,32.6,32.6,LOW,0.0,0.0,0.0,0.0
34801158,AG6,Dormant - Excluded,EXCLUDED,596,2025-06-09,450,296,0,296,0.658,0.0,32.6,32.6,LOW,0.0,0.0,0.0,0.0
36253962,AG6,Dormant - Excluded,EXCLUDED,597,2025-08-06,392,279,0,279,0.712,0.0,32.5,32.5,LOW,0.0,0.0,0.0,0.0
34949590,AG6,Dormant - Excluded,EXCLUDED,598,2025-06-16,443,293,0,293,0.661,0.0,32.5,32.5,LOW,0.0,0.0,0.0,0.0
34714077,AG6,Dormant - Excluded,EXCLUDED,599,2025-06-04,455,295,0,295,0.648,0.0,32.5,32.5,LOW,0.0,0.0,0.0,0.0
35087495,AG6,Dormant - Excluded,EXCLUDED,600,2025-06-23,436,290,0,290,0.665,0.0,32.4,32.4,LOW,0.0,0.0,0.0,0.0
35087821,AG6,Dormant - Excluded,EXCLUDED,601,2025-06-23,436,290,0,290,0.665,0.0,32.4,32.4,LOW,0.0,0.0,0.0,0.0
34838053,AG6,Dormant - Excluded,EXCLUDED,602,2025-06-11,448,293,0,293,0.654,0.0,32.4,32.4,LOW,0.0,0.0,0.0,0.0
34792177,AG6,Dormant - Excluded,EXCLUDED,603,2025-06-06,453,294,0,294,0.649,0.0,32.4,32.4,LOW,0.0,0.0,0.0,0.0
36225678,AG6,Dormant - Excluded,EXCLUDED,604,2025-08-05,393,277,0,277,0.705,0.0,32.3,32.3,LOW,0.0,0.0,0.0,0.0
35843843,AG6,Dormant - Excluded,EXCLUDED,605,2025-07-21,408,280,0,280,0.686,0.0,32.3,32.3,LOW,0.0,0.0,0.0,0.0
34869068,AG6,Dormant - Excluded,EXCLUDED,606,2025-06-16,443,291,0,291,0.657,0.0,32.3,32.3,LOW,0.0,0.0,0.0,0.0
33798182,AG6,Dormant - Excluded,EXCLUDED,607,2025-04-26,494,302,0,302,0.611,0.0,32.3,32.3,LOW,0.0,0.0,0.0,0.0
33798191,AG6,Dormant - Excluded,EXCLUDED,608,2025-04-26,494,302,0,302,0.611,0.0,32.3,32.3,LOW,0.0,0.0,0.0,0.0
34838050,AG6,Dormant - Excluded,EXCLUDED,609,2025-06-11,448,289,0,289,0.645,0.0,32.2,32.2,LOW,0.0,0.0,0.0,0.0
34801231,AG6,Dormant - Excluded,EXCLUDED,610,2025-06-09,450,290,0,290,0.644,0.0,32.2,32.2,LOW,0.0,0.0,0.0,0.0
34846779,AG6,Dormant - Excluded,EXCLUDED,611,2025-06-11,448,290,0,290,0.647,0.0,32.2,32.2,LOW,0.0,0.0,0.0,0.0
34704202,AG6,Dormant - Excluded,EXCLUDED,612,2025-06-03,456,292,0,292,0.64,0.0,32.2,32.2,LOW,0.0,0.0,0.0,0.0
34726132,AG6,Dormant - Excluded,EXCLUDED,613,2025-06-04,455,292,0,292,0.642,0.0,32.2,32.2,LOW,0.0,0.0,0.0,0.0
33809323,AG6,Dormant - Excluded,EXCLUDED,614,2025-04-26,494,300,0,300,0.607,0.0,32.1,32.1,LOW,0.0,0.0,0.0,0.0
36225635,AG6,Dormant - Excluded,EXCLUDED,615,2025-08-05,393,272,0,272,0.692,0.0,32.0,32.0,LOW,0.0,0.0,0.0,0.0
35287059,AG6,Dormant - Excluded,EXCLUDED,616,2025-07-01,428,282,0,282,0.659,0.0,32.0,32.0,LOW,0.0,0.0,0.0,0.0
35087398,AG6,Dormant - Excluded,EXCLUDED,617,2025-06-23,436,285,0,285,0.654,0.0,32.0,32.0,LOW,0.0,0.0,0.0,0.0
34846770,AG6,Dormant - Excluded,EXCLUDED,618,2025-06-11,448,287,0,287,0.641,0.0,32.0,32.0,LOW,0.0,0.0,0.0,0.0
34801211,AG6,Dormant - Excluded,EXCLUDED,619,2025-06-07,452,288,0,288,0.637,0.0,32.0,32.0,LOW,0.0,0.0,0.0,0.0
34838039,AG6,Dormant - Excluded,EXCLUDED,620,2025-06-11,448,288,0,288,0.643,0.0,32.0,32.0,LOW,0.0,0.0,0.0,0.0
34783308,AG6,Dormant - Excluded,EXCLUDED,621,2025-06-07,452,289,0,289,0.639,0.0,32.0,32.0,LOW,0.0,0.0,0.0,0.0
34714096,AG6,Dormant - Excluded,EXCLUDED,622,2025-06-03,456,290,0,290,0.636,0.0,32.0,32.0,LOW,0.0,0.0,0.0,0.0
35843900,AG6,Dormant - Excluded,EXCLUDED,623,2025-07-21,408,275,0,275,0.674,0.0,31.9,31.9,LOW,0.0,0.0,0.0,0.0
35334623,AG6,Dormant - Excluded,EXCLUDED,624,2025-07-04,425,280,0,280,0.659,0.0,31.9,31.9,LOW,0.0,0.0,0.0,0.0
34949593,AG6,Dormant - Excluded,EXCLUDED,625,2025-06-16,443,285,0,285,0.643,0.0,31.9,31.9,LOW,0.0,0.0,0.0,0.0
34704138,AG6,Dormant - Excluded,EXCLUDED,626,2025-06-03,456,287,0,287,0.629,0.0,31.9,31.9,LOW,0.0,0.0,0.0,0.0
34726136,AG6,Dormant - Excluded,EXCLUDED,627,2025-06-04,455,287,0,287,0.631,0.0,31.9,31.9,LOW,0.0,0.0,0.0,0.0
34846780,AG6,Dormant - Excluded,EXCLUDED,628,2025-06-10,449,287,0,287,0.639,0.0,31.9,31.9,LOW,0.0,0.0,0.0,0.0
34611055,AG6,Dormant - Excluded,EXCLUDED,629,2025-05-30,460,289,0,289,0.628,0.0,31.9,31.9,LOW,0.0,0.0,0.0,0.0
35843928,AG6,Dormant - Excluded,EXCLUDED,630,2025-07-21,408,274,0,274,0.672,0.0,31.8,31.8,LOW,0.0,0.0,0.0,0.0
35087410,AG6,Dormant - Excluded,EXCLUDED,631,2025-06-23,436,281,0,281,0.644,0.0,31.8,31.8,LOW,0.0,0.0,0.0,0.0
35087490,AG6,Dormant - Excluded,EXCLUDED,632,2025-06-23,436,281,0,281,0.644,0.0,31.8,31.8,LOW,0.0,0.0,0.0,0.0
34846737,AG6,Dormant - Excluded,EXCLUDED,633,2025-06-11,448,285,0,285,0.636,0.0,31.8,31.8,LOW,0.0,0.0,0.0,0.0
34846822,AG6,Dormant - Excluded,EXCLUDED,634,2025-06-11,448,285,0,285,0.636,0.0,31.8,31.8,LOW,0.0,0.0,0.0,0.0
34704143,AG6,Dormant - Excluded,EXCLUDED,635,2025-06-03,456,286,0,286,0.627,0.0,31.8,31.8,LOW,0.0,0.0,0.0,0.0
35844108,AG6,Dormant - Excluded,EXCLUDED,636,2025-07-21,408,272,0,272,0.667,0.0,31.7,31.7,LOW,0.0,0.0,0.0,0.0
35843775,AG6,Dormant - Excluded,EXCLUDED,637,2025-07-21,408,273,0,273,0.669,0.0,31.7,31.7,LOW,0.0,0.0,0.0,0.0
34801217,AG6,Dormant - Excluded,EXCLUDED,638,2025-06-07,452,284,0,284,0.628,0.0,31.7,31.7,LOW,0.0,0.0,0.0,0.0
34704179,AG6,Dormant - Excluded,EXCLUDED,639,2025-06-03,456,285,0,285,0.625,0.0,31.7,31.7,LOW,0.0,0.0,0.0,0.0
39587679,AG6,Dormant - Excluded,EXCLUDED,640,2026-01-24,221,183,0,183,0.828,0.0,31.7,31.7,LOW,0.0,0.0,0.0,0.0
36225671,AG6,Dormant - Excluded,EXCLUDED,641,2025-08-06,392,267,0,267,0.681,0.0,31.6,31.6,LOW,0.0,0.0,0.0,0.0
34748960,AG6,Dormant - Excluded,EXCLUDED,642,2025-06-06,453,283,0,283,0.625,0.0,31.6,31.6,LOW,0.0,0.0,0.0,0.0
34783228,AG6,Dormant - Excluded,EXCLUDED,643,2025-06-06,453,283,0,283,0.625,0.0,31.6,31.6,LOW,0.0,0.0,0.0,0.0
34704367,AG6,Dormant - Excluded,EXCLUDED,644,2025-06-03,456,284,0,284,0.623,0.0,31.6,31.6,LOW,0.0,0.0,0.0,0.0
36225673,AG6,Dormant - Excluded,EXCLUDED,645,2025-08-05,393,266,0,266,0.677,0.0,31.5,31.5,LOW,0.0,0.0,0.0,0.0
34783271,AG6,Dormant - Excluded,EXCLUDED,646,2025-06-10,449,281,0,281,0.626,0.0,31.5,31.5,LOW,0.0,0.0,0.0,0.0
34704186,AG6,Dormant - Excluded,EXCLUDED,647,2025-06-03,456,282,0,282,0.618,0.0,31.5,31.5,LOW,0.0,0.0,0.0,0.0
34714112,AG6,Dormant - Excluded,EXCLUDED,648,2025-06-03,456,283,0,283,0.621,0.0,31.5,31.5,LOW,0.0,0.0,0.0,0.0
40564907,AG6,Dormant - Excluded,EXCLUDED,649,2026-03-10,176,117,0,117,0.665,0.0,31.5,31.5,LOW,0.0,0.0,0.0,0.0
35843971,AG6,Dormant - Excluded,EXCLUDED,650,2025-07-21,408,269,0,269,0.659,0.0,31.4,31.4,LOW,0.0,0.0,0.0,0.0
34949636,AG6,Dormant - Excluded,EXCLUDED,651,2025-06-16,443,277,0,277,0.625,0.0,31.4,31.4,LOW,0.0,0.0,0.0,0.0
34783326,AG6,Dormant - Excluded,EXCLUDED,652,2025-06-10,449,279,0,279,0.621,0.0,31.4,31.4,LOW,0.0,0.0,0.0,0.0
34838056,AG6,Dormant - Excluded,EXCLUDED,653,2025-06-11,448,279,0,279,0.623,0.0,31.4,31.4,LOW,0.0,0.0,0.0,0.0
35843651,AG6,Dormant - Excluded,EXCLUDED,654,2025-07-20,409,268,0,268,0.655,0.0,31.3,31.3,LOW,0.0,0.0,0.0,0.0
35481324,AG6,Dormant - Excluded,EXCLUDED,655,2025-07-08,421,271,0,271,0.644,0.0,31.3,31.3,LOW,0.0,0.0,0.0,0.0
34949317,AG6,Dormant - Excluded,EXCLUDED,656,2025-06-16,443,276,0,276,0.623,0.0,31.3,31.3,LOW,0.0,0.0,0.0,0.0
34846714,AG6,Dormant - Excluded,EXCLUDED,657,2025-06-11,448,277,0,277,0.618,0.0,31.3,31.3,LOW,0.0,0.0,0.0,0.0
34714086,AG6,Dormant - Excluded,EXCLUDED,658,2025-06-04,455,279,0,279,0.613,0.0,31.3,31.3,LOW,0.0,0.0,0.0,0.0
33809315,AG6,Dormant - Excluded,EXCLUDED,659,2025-04-26,494,289,0,289,0.585,0.0,31.3,31.3,LOW,0.0,0.0,0.0,0.0
40564924,AG6,Dormant - Excluded,EXCLUDED,660,2026-03-10,176,116,0,116,0.659,0.0,31.3,31.3,LOW,0.0,0.0,0.0,0.0
40564932,AG6,Dormant - Excluded,EXCLUDED,661,2026-03-10,176,116,0,116,0.659,0.0,31.3,31.3,LOW,0.0,0.0,0.0,0.0
35087426,AG6,Dormant - Excluded,EXCLUDED,662,2025-06-23,436,273,0,273,0.626,0.0,31.2,31.2,LOW,0.0,0.0,0.0,0.0
34838013,AG6,Dormant - Excluded,EXCLUDED,663,2025-06-11,448,276,0,276,0.616,0.0,31.2,31.2,LOW,0.0,0.0,0.0,0.0
34783272,AG6,Dormant - Excluded,EXCLUDED,664,2025-06-06,453,278,0,278,0.614,0.0,31.2,31.2,LOW,0.0,0.0,0.0,0.0
34704165,AG6,Dormant - Excluded,EXCLUDED,665,2025-06-03,456,279,0,279,0.612,0.0,31.2,31.2,LOW,0.0,0.0,0.0,0.0
35706084,AG6,Dormant - Excluded,EXCLUDED,666,2025-07-16,413,266,0,266,0.644,0.0,31.0,31.0,LOW,0.0,0.0,0.0,0.0
35706302,AG6,Dormant - Excluded,EXCLUDED,667,2025-07-16,413,266,0,266,0.644,0.0,31.0,31.0,LOW,0.0,0.0,0.0,0.0
34949561,AG6,Dormant - Excluded,EXCLUDED,668,2025-06-16,443,272,0,272,0.614,0.0,31.0,31.0,LOW,0.0,0.0,0.0,0.0
34704369,AG6,Dormant - Excluded,EXCLUDED,669,2025-06-03,456,276,0,276,0.605,0.0,31.0,31.0,LOW,0.0,0.0,0.0,0.0
35087918,AG6,Dormant - Excluded,EXCLUDED,670,2025-06-23,436,269,0,269,0.617,0.0,30.9,30.9,LOW,0.0,0.0,0.0,0.0
34703867,AG6,Dormant - Excluded,EXCLUDED,671,2025-06-03,456,273,0,273,0.599,0.0,30.9,30.9,LOW,0.0,0.0,0.0,0.0
34611082,AG6,Dormant - Excluded,EXCLUDED,672,2025-05-30,460,275,0,275,0.598,0.0,30.9,30.9,LOW,0.0,0.0,0.0,0.0
36804983,AG6,Dormant - Excluded,EXCLUDED,673,2025-09-06,361,209,0,209,0.579,0.0,30.8,30.8,LOW,0.0,0.0,0.0,0.0
36225638,AG6,Dormant - Excluded,EXCLUDED,674,2025-08-05,393,260,0,260,0.662,0.0,30.8,30.8,LOW,0.0,0.0,0.0,0.0
35843254,AG6,Dormant - Excluded,EXCLUDED,675,2025-07-21,408,263,0,263,0.645,0.0,30.8,30.8,LOW,0.0,0.0,0.0,0.0
35843950,AG6,Dormant - Excluded,EXCLUDED,676,2025-07-21,408,263,0,263,0.645,0.0,30.8,30.8,LOW,0.0,0.0,0.0,0.0
35706043,AG6,Dormant - Excluded,EXCLUDED,677,2025-07-16,413,263,0,263,0.637,0.0,30.7,30.7,LOW,0.0,0.0,0.0,0.0
35087375,AG6,Dormant - Excluded,EXCLUDED,678,2025-06-23,436,267,0,267,0.612,0.0,30.7,30.7,LOW,0.0,0.0,0.0,0.0
35087399,AG6,Dormant - Excluded,EXCLUDED,679,2025-06-23,436,267,0,267,0.612,0.0,30.7,30.7,LOW,0.0,0.0,0.0,0.0
34949915,AG6,Dormant - Excluded,EXCLUDED,680,2025-06-16,443,269,0,269,0.607,0.0,30.7,30.7,LOW,0.0,0.0,0.0,0.0
34783230,AG6,Dormant - Excluded,EXCLUDED,681,2025-06-06,453,270,0,270,0.596,0.0,30.7,30.7,LOW,0.0,0.0,0.0,0.0
34704172,AG6,Dormant - Excluded,EXCLUDED,682,2025-06-03,456,271,0,271,0.594,0.0,30.7,30.7,LOW,0.0,0.0,0.0,0.0
34726129,AG6,Dormant - Excluded,EXCLUDED,683,2025-06-04,455,271,0,271,0.596,0.0,30.7,30.7,LOW,0.0,0.0,0.0,0.0
34611070,AG6,Dormant - Excluded,EXCLUDED,684,2025-05-31,459,272,0,272,0.593,0.0,30.7,30.7,LOW,0.0,0.0,0.0,0.0
34714055,AG6,Dormant - Excluded,EXCLUDED,685,2025-06-04,455,269,0,269,0.591,0.0,30.6,30.6,LOW,0.0,0.0,0.0,0.0
34783235,AG6,Dormant - Excluded,EXCLUDED,686,2025-06-07,452,269,0,269,0.595,0.0,30.6,30.6,LOW,0.0,0.0,0.0,0.0
34611087,AG6,Dormant - Excluded,EXCLUDED,687,2025-05-30,460,271,0,271,0.589,0.0,30.6,30.6,LOW,0.0,0.0,0.0,0.0
33798179,AG6,Dormant - Excluded,EXCLUDED,688,2025-04-27,493,280,0,280,0.568,0.0,30.6,30.6,LOW,0.0,0.0,0.0,0.0
34704386,AG6,Dormant - Excluded,EXCLUDED,689,2025-06-03,456,269,0,269,0.59,0.0,30.5,30.5,LOW,0.0,0.0,0.0,0.0
34611054,AG6,Dormant - Excluded,EXCLUDED,690,2025-05-30,460,270,0,270,0.587,0.0,30.5,30.5,LOW,0.0,0.0,0.0,0.0
35706262,AG6,Dormant - Excluded,EXCLUDED,691,2025-07-16,413,259,0,259,0.627,0.0,30.4,30.4,LOW,0.0,0.0,0.0,0.0
35087389,AG6,Dormant - Excluded,EXCLUDED,692,2025-06-23,436,264,0,264,0.606,0.0,30.4,30.4,LOW,0.0,0.0,0.0,0.0
35087544,AG6,Dormant - Excluded,EXCLUDED,693,2025-06-23,436,264,0,264,0.606,0.0,30.4,30.4,LOW,0.0,0.0,0.0,0.0
34949370,AG6,Dormant - Excluded,EXCLUDED,694,2025-06-16,443,265,0,265,0.598,0.0,30.4,30.4,LOW,0.0,0.0,0.0,0.0
33798193,AG6,Dormant - Excluded,EXCLUDED,695,2025-04-26,494,277,0,277,0.561,0.0,30.4,30.4,LOW,0.0,0.0,0.0,0.0
34825605,AG6,Dormant - Excluded,EXCLUDED,696,2025-06-10,449,265,0,265,0.59,0.0,30.3,30.3,LOW,0.0,0.0,0.0,0.0
35843613,AG6,Dormant - Excluded,EXCLUDED,697,2025-07-20,409,256,0,256,0.626,0.0,30.2,30.2,LOW,0.0,0.0,0.0,0.0
35286974,AG6,Dormant - Excluded,EXCLUDED,698,2025-07-01,428,260,0,260,0.607,0.0,30.2,30.2,LOW,0.0,0.0,0.0,0.0
35087975,AG6,Dormant - Excluded,EXCLUDED,699,2025-06-23,436,262,0,262,0.601,0.0,30.2,30.2,LOW,0.0,0.0,0.0,0.0
34849462,AG6,Dormant - Excluded,EXCLUDED,700,2025-06-11,448,264,0,264,0.589,0.0,30.2,30.2,LOW,0.0,0.0,0.0,0.0
34703899,AG6,Dormant - Excluded,EXCLUDED,701,2025-06-03,456,266,0,266,0.583,0.0,30.2,30.2,LOW,0.0,0.0,0.0,0.0
34704135,AG6,Dormant - Excluded,EXCLUDED,702,2025-06-03,456,266,0,266,0.583,0.0,30.2,30.2,LOW,0.0,0.0,0.0,0.0
35843790,AG6,Dormant - Excluded,EXCLUDED,703,2025-07-21,408,255,0,255,0.625,0.0,30.1,30.1,LOW,0.0,0.0,0.0,0.0
35706022,AG6,Dormant - Excluded,EXCLUDED,704,2025-07-16,413,256,0,256,0.62,0.0,30.1,30.1,LOW,0.0,0.0,0.0,0.0
34949870,AG6,Dormant - Excluded,EXCLUDED,705,2025-06-16,443,263,0,263,0.594,0.0,30.1,30.1,LOW,0.0,0.0,0.0,0.0
34825631,AG6,Dormant - Excluded,EXCLUDED,706,2025-06-09,450,264,0,264,0.587,0.0,30.1,30.1,LOW,0.0,0.0,0.0,0.0
35843824,AG6,Dormant - Excluded,EXCLUDED,707,2025-07-21,408,253,0,253,0.62,0.0,30.0,30.0,LOW,0.0,0.0,0.0,0.0
35706253,AG6,Dormant - Excluded,EXCLUDED,708,2025-07-16,413,255,0,255,0.617,0.0,30.0,30.0,LOW,0.0,0.0,0.0,0.0
34801284,AG6,Dormant - Excluded,EXCLUDED,709,2025-06-09,450,263,0,263,0.584,0.0,30.0,30.0,LOW,0.0,0.0,0.0,0.0
34726111,AG6,Dormant - Excluded,EXCLUDED,710,2025-06-04,455,264,0,264,0.58,0.0,30.0,30.0,LOW,0.0,0.0,0.0,0.0
34630441,AG6,Dormant - Excluded,EXCLUDED,711,2025-05-31,459,265,0,265,0.577,0.0,30.0,30.0,LOW,0.0,0.0,0.0,0.0
36805016,AG6,Dormant - Excluded,EXCLUDED,712,2025-09-06,361,201,0,201,0.557,0.0,30.0,30.0,LOW,0.0,0.0,0.0,0.0
34801185,AG6,Dormant - Excluded,EXCLUDED,713,2025-06-07,452,263,0,263,0.582,0.0,29.9,29.9,LOW,0.0,0.0,0.0,0.0
35844131,AG6,Dormant - Excluded,EXCLUDED,714,2025-07-21,408,251,0,251,0.615,0.0,29.8,29.8,LOW,0.0,0.0,0.0,0.0
34949540,AG6,Dormant - Excluded,EXCLUDED,715,2025-06-16,443,259,0,259,0.585,0.0,29.8,29.8,LOW,0.0,0.0,0.0,0.0
34949901,AG6,Dormant - Excluded,EXCLUDED,716,2025-06-16,443,259,0,259,0.585,0.0,29.8,29.8,LOW,0.0,0.0,0.0,0.0
34846801,AG6,Dormant - Excluded,EXCLUDED,717,2025-06-11,448,261,0,261,0.583,0.0,29.8,29.8,LOW,0.0,0.0,0.0,0.0
34704111,AG6,Dormant - Excluded,EXCLUDED,718,2025-06-04,455,263,0,263,0.578,0.0,29.8,29.8,LOW,0.0,0.0,0.0,0.0
34611010,AG6,Dormant - Excluded,EXCLUDED,719,2025-05-30,460,264,0,264,0.574,0.0,29.8,29.8,LOW,0.0,0.0,0.0,0.0
33847418,AG6,Dormant - Excluded,EXCLUDED,720,2025-04-29,491,269,0,269,0.548,0.0,29.8,29.8,LOW,0.0,0.0,0.0,0.0
34703858,AG6,Dormant - Excluded,EXCLUDED,721,2025-06-03,456,262,0,262,0.575,0.0,29.7,29.7,LOW,0.0,0.0,0.0,0.0
35706418,AG6,Dormant - Excluded,EXCLUDED,722,2025-07-16,413,250,0,250,0.605,0.0,29.6,29.6,LOW,0.0,0.0,0.0,0.0
34783346,AG6,Dormant - Excluded,EXCLUDED,723,2025-06-06,453,260,0,260,0.574,0.0,29.6,29.6,LOW,0.0,0.0,0.0,0.0
34801365,AG6,Dormant - Excluded,EXCLUDED,724,2025-06-09,450,260,0,260,0.578,0.0,29.6,29.6,LOW,0.0,0.0,0.0,0.0
34783319,AG6,Dormant - Excluded,EXCLUDED,725,2025-06-06,453,261,0,261,0.576,0.0,29.6,29.6,LOW,0.0,0.0,0.0,0.0
33798178,AG6,Dormant - Excluded,EXCLUDED,726,2025-04-26,494,268,0,268,0.543,0.0,29.6,29.6,LOW,0.0,0.0,0.0,0.0
35706025,AG6,Dormant - Excluded,EXCLUDED,727,2025-07-16,413,249,0,249,0.603,0.0,29.5,29.5,LOW,0.0,0.0,0.0,0.0
35087383,AG6,Dormant - Excluded,EXCLUDED,728,2025-06-23,436,254,0,254,0.583,0.0,29.5,29.5,LOW,0.0,0.0,0.0,0.0
34949469,AG6,Dormant - Excluded,EXCLUDED,729,2025-06-16,443,257,0,257,0.58,0.0,29.5,29.5,LOW,0.0,0.0,0.0,0.0
34949904,AG6,Dormant - Excluded,EXCLUDED,730,2025-06-16,443,257,0,257,0.58,0.0,29.5,29.5,LOW,0.0,0.0,0.0,0.0
34704160,AG6,Dormant - Excluded,EXCLUDED,731,2025-06-03,456,260,0,260,0.57,0.0,29.5,29.5,LOW,0.0,0.0,0.0,0.0
33847411,AG6,Dormant - Excluded,EXCLUDED,732,2025-04-29,491,266,0,266,0.542,0.0,29.5,29.5,LOW,0.0,0.0,0.0,0.0
39749636,AG6,Dormant - Excluded,EXCLUDED,733,2026-01-31,214,160,0,160,0.748,0.0,29.5,29.5,LOW,0.0,0.0,0.0,0.0
39749668,AG6,Dormant - Excluded,EXCLUDED,734,2026-01-31,214,160,0,160,0.748,0.0,29.5,29.5,LOW,0.0,0.0,0.0,0.0
35287067,AG6,Dormant - Excluded,EXCLUDED,735,2025-07-01,428,251,0,251,0.586,0.0,29.4,29.4,LOW,0.0,0.0,0.0,0.0
34846784,AG6,Dormant - Excluded,EXCLUDED,736,2025-06-11,448,257,0,257,0.574,0.0,29.4,29.4,LOW,0.0,0.0,0.0,0.0
34745795,AG6,Dormant - Excluded,EXCLUDED,737,2025-06-05,454,258,0,258,0.568,0.0,29.4,29.4,LOW,0.0,0.0,0.0,0.0
34611072,AG6,Dormant - Excluded,EXCLUDED,738,2025-05-30,460,259,0,259,0.563,0.0,29.4,29.4,LOW,0.0,0.0,0.0,0.0
36409584,AG6,Dormant - Excluded,EXCLUDED,739,2025-08-16,382,240,0,240,0.628,0.0,29.3,29.3,LOW,0.0,0.0,0.0,0.0
35843709,AG6,Dormant - Excluded,EXCLUDED,740,2025-07-21,408,245,0,245,0.6,0.0,29.3,29.3,LOW,0.0,0.0,0.0,0.0
35705962,AG6,Dormant - Excluded,EXCLUDED,741,2025-07-16,413,246,0,246,0.596,0.0,29.3,29.3,LOW,0.0,0.0,0.0,0.0
35481387,AG6,Dormant - Excluded,EXCLUDED,742,2025-07-08,421,248,0,248,0.589,0.0,29.3,29.3,LOW,0.0,0.0,0.0,0.0
34703776,AG6,Dormant - Excluded,EXCLUDED,743,2025-06-03,456,257,0,257,0.564,0.0,29.3,29.3,LOW,0.0,0.0,0.0,0.0
40564920,AG6,Dormant - Excluded,EXCLUDED,744,2026-03-10,176,104,0,104,0.591,0.0,29.3,29.3,LOW,0.0,0.0,0.0,0.0
35087987,AG6,Dormant - Excluded,EXCLUDED,745,2025-06-23,436,252,0,252,0.578,0.0,29.2,29.2,LOW,0.0,0.0,0.0,0.0
34801139,AG6,Dormant - Excluded,EXCLUDED,746,2025-06-09,450,254,0,254,0.564,0.0,29.2,29.2,LOW,0.0,0.0,0.0,0.0
34846867,AG6,Dormant - Excluded,EXCLUDED,747,2025-06-11,448,254,0,254,0.567,0.0,29.2,29.2,LOW,0.0,0.0,0.0,0.0
34748955,AG6,Dormant - Excluded,EXCLUDED,748,2025-06-05,454,256,0,256,0.564,0.0,29.2,29.2,LOW,0.0,0.0,0.0,0.0
35843918,AG6,Dormant - Excluded,EXCLUDED,749,2025-07-21,408,243,0,243,0.596,0.0,29.1,29.1,LOW,0.0,0.0,0.0,0.0
35706617,AG6,Dormant - Excluded,EXCLUDED,750,2025-07-16,413,244,0,244,0.591,0.0,29.1,29.1,LOW,0.0,0.0,0.0,0.0
34949934,AG6,Dormant - Excluded,EXCLUDED,751,2025-06-14,445,252,0,252,0.566,0.0,29.1,29.1,LOW,0.0,0.0,0.0,0.0
34838032,AG6,Dormant - Excluded,EXCLUDED,752,2025-06-11,448,253,0,253,0.565,0.0,29.1,29.1,LOW,0.0,0.0,0.0,0.0
34849429,AG6,Dormant - Excluded,EXCLUDED,753,2025-06-11,448,253,0,253,0.565,0.0,29.1,29.1,LOW,0.0,0.0,0.0,0.0
35286960,AG6,Dormant - Excluded,EXCLUDED,754,2025-07-01,428,248,0,248,0.579,0.0,29.0,29.0,LOW,0.0,0.0,0.0,0.0
34949892,AG6,Dormant - Excluded,EXCLUDED,755,2025-06-16,443,250,0,250,0.564,0.0,29.0,29.0,LOW,0.0,0.0,0.0,0.0
34783323,AG6,Dormant - Excluded,EXCLUDED,756,2025-06-06,453,253,0,253,0.558,0.0,29.0,29.0,LOW,0.0,0.0,0.0,0.0
34801327,AG6,Dormant - Excluded,EXCLUDED,757,2025-06-09,450,253,0,253,0.562,0.0,29.0,29.0,LOW,0.0,0.0,0.0,0.0
33798190,AG6,Dormant - Excluded,EXCLUDED,758,2025-04-26,494,263,0,263,0.532,0.0,29.0,29.0,LOW,0.0,0.0,0.0,0.0
35843289,AG6,Dormant - Excluded,EXCLUDED,759,2025-07-21,408,241,0,241,0.591,0.0,28.9,28.9,LOW,0.0,0.0,0.0,0.0
35286948,AG6,Dormant - Excluded,EXCLUDED,760,2025-07-01,428,247,0,247,0.577,0.0,28.9,28.9,LOW,0.0,0.0,0.0,0.0
34611085,AG6,Dormant - Excluded,EXCLUDED,761,2025-05-30,460,253,0,253,0.55,0.0,28.9,28.9,LOW,0.0,0.0,0.0,0.0
33847404,AG6,Dormant - Excluded,EXCLUDED,762,2025-04-29,491,262,0,262,0.534,0.0,28.9,28.9,LOW,0.0,0.0,0.0,0.0
35482133,AG6,Dormant - Excluded,EXCLUDED,763,2025-07-08,421,244,0,244,0.58,0.0,28.8,28.8,LOW,0.0,0.0,0.0,0.0
39587496,AG6,Dormant - Excluded,EXCLUDED,764,2026-01-23,222,156,0,156,0.703,0.0,28.8,28.8,LOW,0.0,0.0,0.0,0.0
35843765,AG6,Dormant - Excluded,EXCLUDED,765,2025-07-21,408,240,0,240,0.588,0.0,28.7,28.7,LOW,0.0,0.0,0.0,0.0
34783280,AG6,Dormant - Excluded,EXCLUDED,766,2025-06-06,453,249,0,249,0.55,0.0,28.7,28.7,LOW,0.0,0.0,0.0,0.0
34783296,AG6,Dormant - Excluded,EXCLUDED,767,2025-06-06,453,249,0,249,0.55,0.0,28.7,28.7,LOW,0.0,0.0,0.0,0.0
35088055,AG6,Dormant - Excluded,EXCLUDED,768,2025-06-23,436,245,0,245,0.562,0.0,28.6,28.6,LOW,0.0,0.0,0.0,0.0
34949485,AG6,Dormant - Excluded,EXCLUDED,769,2025-06-16,443,246,0,246,0.555,0.0,28.6,28.6,LOW,0.0,0.0,0.0,0.0
34846717,AG6,Dormant - Excluded,EXCLUDED,770,2025-06-11,448,247,0,247,0.551,0.0,28.6,28.6,LOW,0.0,0.0,0.0,0.0
34837968,AG6,Dormant - Excluded,EXCLUDED,771,2025-06-11,448,248,0,248,0.554,0.0,28.6,28.6,LOW,0.0,0.0,0.0,0.0
34726059,AG6,Dormant - Excluded,EXCLUDED,772,2025-06-04,455,249,0,249,0.547,0.0,28.6,28.6,LOW,0.0,0.0,0.0,0.0
34749006,AG6,Dormant - Excluded,EXCLUDED,773,2025-06-05,454,249,0,249,0.548,0.0,28.6,28.6,LOW,0.0,0.0,0.0,0.0
39749629,AG6,Dormant - Excluded,EXCLUDED,774,2026-01-31,214,152,0,152,0.71,0.0,28.6,28.6,LOW,0.0,0.0,0.0,0.0
35843274,AG6,Dormant - Excluded,EXCLUDED,775,2025-07-21,408,238,0,238,0.583,0.0,28.5,28.5,LOW,0.0,0.0,0.0,0.0
35843628,AG6,Dormant - Excluded,EXCLUDED,776,2025-07-21,408,238,0,238,0.583,0.0,28.5,28.5,LOW,0.0,0.0,0.0,0.0
35843779,AG6,Dormant - Excluded,EXCLUDED,777,2025-07-21,408,238,0,238,0.583,0.0,28.5,28.5,LOW,0.0,0.0,0.0,0.0
34704090,AG6,Dormant - Excluded,EXCLUDED,778,2025-06-03,456,248,0,248,0.544,0.0,28.5,28.5,LOW,0.0,0.0,0.0,0.0
34481768,AG6,Dormant - Excluded,EXCLUDED,779,2025-05-26,464,250,0,250,0.539,0.0,28.5,28.5,LOW,0.0,0.0,0.0,0.0
33871252,AG6,Dormant - Excluded,EXCLUDED,780,2025-04-30,490,256,0,256,0.522,0.0,28.5,28.5,LOW,0.0,0.0,0.0,0.0
33798181,AG6,Dormant - Excluded,EXCLUDED,781,2025-04-26,494,258,0,258,0.522,0.0,28.5,28.5,LOW,0.0,0.0,0.0,0.0
35843483,AG6,Dormant - Excluded,EXCLUDED,782,2025-07-20,409,238,0,238,0.582,0.0,28.4,28.4,LOW,0.0,0.0,0.0,0.0
35087805,AG6,Dormant - Excluded,EXCLUDED,783,2025-06-24,435,243,0,243,0.559,0.0,28.4,28.4,LOW,0.0,0.0,0.0,0.0
34846746,AG6,Dormant - Excluded,EXCLUDED,784,2025-06-10,449,246,0,246,0.548,0.0,28.4,28.4,LOW,0.0,0.0,0.0,0.0
34726098,AG6,Dormant - Excluded,EXCLUDED,785,2025-06-04,455,247,0,247,0.543,0.0,28.4,28.4,LOW,0.0,0.0,0.0,0.0
35843936,AG6,Dormant - Excluded,EXCLUDED,786,2025-07-21,408,237,0,237,0.581,0.0,28.3,28.3,LOW,0.0,0.0,0.0,0.0
35087724,AG6,Dormant - Excluded,EXCLUDED,787,2025-06-23,436,242,0,242,0.555,0.0,28.3,28.3,LOW,0.0,0.0,0.0,0.0
34838001,AG6,Dormant - Excluded,EXCLUDED,788,2025-06-11,448,244,0,244,0.545,0.0,28.3,28.3,LOW,0.0,0.0,0.0,0.0
34846752,AG6,Dormant - Excluded,EXCLUDED,789,2025-06-10,449,245,0,245,0.546,0.0,28.3,28.3,LOW,0.0,0.0,0.0,0.0
34611073,AG6,Dormant - Excluded,EXCLUDED,790,2025-05-31,459,247,0,247,0.538,0.0,28.3,28.3,LOW,0.0,0.0,0.0,0.0
34703778,AG6,Dormant - Excluded,EXCLUDED,791,2025-06-03,456,247,0,247,0.542,0.0,28.3,28.3,LOW,0.0,0.0,0.0,0.0
34704081,AG6,Dormant - Excluded,EXCLUDED,792,2025-06-03,456,247,0,247,0.542,0.0,28.3,28.3,LOW,0.0,0.0,0.0,0.0
36603273,AG6,Dormant - Excluded,EXCLUDED,793,2025-08-26,372,228,0,228,0.613,0.0,28.2,28.2,LOW,0.0,0.0,0.0,0.0
34846863,AG6,Dormant - Excluded,EXCLUDED,794,2025-06-10,449,244,0,244,0.543,0.0,28.2,28.2,LOW,0.0,0.0,0.0,0.0
34704107,AG6,Dormant - Excluded,EXCLUDED,795,2025-06-03,456,246,0,246,0.539,0.0,28.2,28.2,LOW,0.0,0.0,0.0,0.0
36603172,AG6,Dormant - Excluded,EXCLUDED,796,2025-08-26,372,227,0,227,0.61,0.0,28.1,28.1,LOW,0.0,0.0,0.0,0.0
35844090,AG6,Dormant - Excluded,EXCLUDED,797,2025-07-21,408,235,0,235,0.576,0.0,28.1,28.1,LOW,0.0,0.0,0.0,0.0
35287007,AG6,Dormant - Excluded,EXCLUDED,798,2025-07-01,428,239,0,239,0.558,0.0,28.1,28.1,LOW,0.0,0.0,0.0,0.0
34949444,AG6,Dormant - Excluded,EXCLUDED,799,2025-06-16,443,241,0,241,0.544,0.0,28.1,28.1,LOW,0.0,0.0,0.0,0.0
34869054,AG6,Dormant - Excluded,EXCLUDED,800,2025-06-16,443,242,0,242,0.546,0.0,28.1,28.1,LOW,0.0,0.0,0.0,0.0
34846776,AG6,Dormant - Excluded,EXCLUDED,801,2025-06-11,448,243,0,243,0.542,0.0,28.1,28.1,LOW,0.0,0.0,0.0,0.0
39587524,AG6,Dormant - Excluded,EXCLUDED,802,2026-01-23,222,150,0,150,0.676,0.0,28.1,28.1,LOW,0.0,0.0,0.0,0.0
36495781,AG6,Dormant - Excluded,EXCLUDED,803,2025-08-22,376,227,0,227,0.604,0.0,28.0,28.0,LOW,0.0,0.0,0.0,0.0
34846785,AG6,Dormant - Excluded,EXCLUDED,804,2025-06-11,448,242,0,242,0.54,0.0,28.0,28.0,LOW,0.0,0.0,0.0,0.0
34792226,AG6,Dormant - Excluded,EXCLUDED,805,2025-06-07,452,243,0,243,0.538,0.0,28.0,28.0,LOW,0.0,0.0,0.0,0.0
34801264,AG6,Dormant - Excluded,EXCLUDED,806,2025-06-07,452,243,0,243,0.538,0.0,28.0,28.0,LOW,0.0,0.0,0.0,0.0
33847408,AG6,Dormant - Excluded,EXCLUDED,807,2025-04-29,491,251,0,251,0.511,0.0,28.0,28.0,LOW,0.0,0.0,0.0,0.0
40564916,AG6,Dormant - Excluded,EXCLUDED,808,2026-03-10,176,97,0,97,0.551,0.0,28.0,28.0,LOW,0.0,0.0,0.0,0.0
35334276,AG6,Dormant - Excluded,EXCLUDED,809,2025-07-04,425,236,0,236,0.555,0.0,27.9,27.9,LOW,0.0,0.0,0.0,0.0
34949878,AG6,Dormant - Excluded,EXCLUDED,810,2025-06-16,443,240,0,240,0.542,0.0,27.9,27.9,LOW,0.0,0.0,0.0,0.0
34801316,AG6,Dormant - Excluded,EXCLUDED,811,2025-06-09,450,241,0,241,0.536,0.0,27.9,27.9,LOW,0.0,0.0,0.0,0.0
34714156,AG6,Dormant - Excluded,EXCLUDED,812,2025-06-04,455,243,0,243,0.534,0.0,27.9,27.9,LOW,0.0,0.0,0.0,0.0
33798173,AG6,Dormant - Excluded,EXCLUDED,813,2025-04-26,494,250,0,250,0.506,0.0,27.9,27.9,LOW,0.0,0.0,0.0,0.0
35844051,AG6,Dormant - Excluded,EXCLUDED,814,2025-07-21,408,232,0,232,0.569,0.0,27.8,27.8,LOW,0.0,0.0,0.0,0.0
35334362,AG6,Dormant - Excluded,EXCLUDED,815,2025-07-03,426,236,0,236,0.554,0.0,27.8,27.8,LOW,0.0,0.0,0.0,0.0
34849377,AG6,Dormant - Excluded,EXCLUDED,816,2025-06-11,448,240,0,240,0.536,0.0,27.8,27.8,LOW,0.0,0.0,0.0,0.0
35843516,AG6,Dormant - Excluded,EXCLUDED,817,2025-07-21,408,231,0,231,0.566,0.0,27.7,27.7,LOW,0.0,0.0,0.0,0.0
35705901,AG6,Dormant - Excluded,EXCLUDED,818,2025-07-16,413,232,0,232,0.562,0.0,27.7,27.7,LOW,0.0,0.0,0.0,0.0
35286978,AG6,Dormant - Excluded,EXCLUDED,819,2025-07-01,428,235,0,235,0.549,0.0,27.7,27.7,LOW,0.0,0.0,0.0,0.0
34745794,AG6,Dormant - Excluded,EXCLUDED,820,2025-06-05,454,240,0,240,0.529,0.0,27.7,27.7,LOW,0.0,0.0,0.0,0.0
34792190,AG6,Dormant - Excluded,EXCLUDED,821,2025-06-07,452,240,0,240,0.531,0.0,27.7,27.7,LOW,0.0,0.0,0.0,0.0
33798188,AG6,Dormant - Excluded,EXCLUDED,822,2025-04-26,494,249,0,249,0.504,0.0,27.7,27.7,LOW,0.0,0.0,0.0,0.0
38142780,AG6,Dormant - Excluded,EXCLUDED,823,2025-11-21,285,166,0,166,0.582,0.0,27.7,27.7,LOW,0.0,0.0,0.0,0.0
35843262,AG6,Dormant - Excluded,EXCLUDED,824,2025-07-21,408,230,0,230,0.564,0.0,27.6,27.6,LOW,0.0,0.0,0.0,0.0
34745786,AG6,Dormant - Excluded,EXCLUDED,825,2025-06-06,453,239,0,239,0.528,0.0,27.6,27.6,LOW,0.0,0.0,0.0,0.0
34838040,AG6,Dormant - Excluded,EXCLUDED,826,2025-06-11,448,239,0,239,0.533,0.0,27.6,27.6,LOW,0.0,0.0,0.0,0.0
34703781,AG6,Dormant - Excluded,EXCLUDED,827,2025-06-03,456,240,0,240,0.526,0.0,27.6,27.6,LOW,0.0,0.0,0.0,0.0
34703970,AG6,Dormant - Excluded,EXCLUDED,828,2025-06-03,456,240,0,240,0.526,0.0,27.6,27.6,LOW,0.0,0.0,0.0,0.0
34726063,AG6,Dormant - Excluded,EXCLUDED,829,2025-06-04,455,240,0,240,0.527,0.0,27.6,27.6,LOW,0.0,0.0,0.0,0.0
34726126,AG6,Dormant - Excluded,EXCLUDED,830,2025-06-04,455,240,0,240,0.527,0.0,27.6,27.6,LOW,0.0,0.0,0.0,0.0
39749591,AG6,Dormant - Excluded,EXCLUDED,831,2026-01-31,214,144,0,144,0.673,0.0,27.6,27.6,LOW,0.0,0.0,0.0,0.0
35706390,AG6,Dormant - Excluded,EXCLUDED,832,2025-07-16,413,230,0,230,0.557,0.0,27.5,27.5,LOW,0.0,0.0,0.0,0.0
34869162,AG6,Dormant - Excluded,EXCLUDED,833,2025-06-12,447,238,0,238,0.532,0.0,27.5,27.5,LOW,0.0,0.0,0.0,0.0
35287003,AG6,Dormant - Excluded,EXCLUDED,834,2025-07-01,428,232,0,232,0.542,0.0,27.4,27.4,LOW,0.0,0.0,0.0,0.0
35334289,AG6,Dormant - Excluded,EXCLUDED,835,2025-07-03,426,232,0,232,0.545,0.0,27.4,27.4,LOW,0.0,0.0,0.0,0.0
34837945,AG6,Dormant - Excluded,EXCLUDED,836,2025-06-11,448,237,0,237,0.529,0.0,27.4,27.4,LOW,0.0,0.0,0.0,0.0
34783287,AG6,Dormant - Excluded,EXCLUDED,837,2025-06-06,453,238,0,238,0.525,0.0,27.4,27.4,LOW,0.0,0.0,0.0,0.0
34792106,AG6,Dormant - Excluded,EXCLUDED,838,2025-06-07,452,238,0,238,0.527,0.0,27.4,27.4,LOW,0.0,0.0,0.0,0.0
40564913,AG6,Dormant - Excluded,EXCLUDED,839,2026-03-10,176,94,0,94,0.534,0.0,27.4,27.4,LOW,0.0,0.0,0.0,0.0
36603264,AG6,Dormant - Excluded,EXCLUDED,840,2025-08-26,372,219,0,219,0.589,0.0,27.3,27.3,LOW,0.0,0.0,0.0,0.0
36225684,AG6,Dormant - Excluded,EXCLUDED,841,2025-08-05,393,225,0,225,0.573,0.0,27.3,27.3,LOW,0.0,0.0,0.0,0.0
35482343,AG6,Dormant - Excluded,EXCLUDED,842,2025-07-08,421,230,0,230,0.546,0.0,27.3,27.3,LOW,0.0,0.0,0.0,0.0
34838003,AG6,Dormant - Excluded,EXCLUDED,843,2025-06-11,448,236,0,236,0.527,0.0,27.3,27.3,LOW,0.0,0.0,0.0,0.0
34846749,AG6,Dormant - Excluded,EXCLUDED,844,2025-06-11,448,236,0,236,0.527,0.0,27.3,27.3,LOW,0.0,0.0,0.0,0.0
38142810,AG6,Dormant - Excluded,EXCLUDED,845,2025-11-21,285,162,0,162,0.568,0.0,27.3,27.3,LOW,0.0,0.0,0.0,0.0
34801311,AG6,Dormant - Excluded,EXCLUDED,846,2025-06-09,450,236,0,236,0.524,0.0,27.2,27.2,LOW,0.0,0.0,0.0,0.0
34703836,AG6,Dormant - Excluded,EXCLUDED,847,2025-06-03,456,237,0,237,0.52,0.0,27.2,27.2,LOW,0.0,0.0,0.0,0.0
34704161,AG6,Dormant - Excluded,EXCLUDED,848,2025-06-03,456,237,0,237,0.52,0.0,27.2,27.2,LOW,0.0,0.0,0.0,0.0
35843322,AG6,Dormant - Excluded,EXCLUDED,849,2025-07-21,408,226,0,226,0.554,0.0,27.1,27.1,LOW,0.0,0.0,0.0,0.0
35844029,AG6,Dormant - Excluded,EXCLUDED,850,2025-07-21,408,226,0,226,0.554,0.0,27.1,27.1,LOW,0.0,0.0,0.0,0.0
35087507,AG6,Dormant - Excluded,EXCLUDED,851,2025-06-23,436,232,0,232,0.532,0.0,27.1,27.1,LOW,0.0,0.0,0.0,0.0
35088178,AG6,Dormant - Excluded,EXCLUDED,852,2025-06-23,436,232,0,232,0.532,0.0,27.1,27.1,LOW,0.0,0.0,0.0,0.0
34849389,AG6,Dormant - Excluded,EXCLUDED,853,2025-06-11,448,234,0,234,0.522,0.0,27.1,27.1,LOW,0.0,0.0,0.0,0.0
34869154,AG6,Dormant - Excluded,EXCLUDED,854,2025-06-12,447,234,0,234,0.523,0.0,27.1,27.1,LOW,0.0,0.0,0.0,0.0
40564906,AG6,Dormant - Excluded,EXCLUDED,855,2026-03-10,176,92,0,92,0.523,0.0,27.1,27.1,LOW,0.0,0.0,0.0,0.0
39749652,AG6,Dormant - Excluded,EXCLUDED,856,2026-01-31,214,140,0,140,0.654,0.0,27.1,27.1,LOW,0.0,0.0,0.0,0.0
36225667,AG6,Dormant - Excluded,EXCLUDED,857,2025-08-05,393,221,0,221,0.562,0.0,27.0,27.0,LOW,0.0,0.0,0.0,0.0
35843511,AG6,Dormant - Excluded,EXCLUDED,858,2025-07-21,408,225,0,225,0.551,0.0,27.0,27.0,LOW,0.0,0.0,0.0,0.0
35334606,AG6,Dormant - Excluded,EXCLUDED,859,2025-07-03,426,229,0,229,0.538,0.0,27.0,27.0,LOW,0.0,0.0,0.0,0.0
34846877,AG6,Dormant - Excluded,EXCLUDED,860,2025-06-11,448,233,0,233,0.52,0.0,27.0,27.0,LOW,0.0,0.0,0.0,0.0
34726057,AG6,Dormant - Excluded,EXCLUDED,861,2025-06-04,455,235,0,235,0.516,0.0,27.0,27.0,LOW,0.0,0.0,0.0,0.0
35843878,AG6,Dormant - Excluded,EXCLUDED,862,2025-07-21,408,224,0,224,0.549,0.0,26.9,26.9,LOW,0.0,0.0,0.0,0.0
35843986,AG6,Dormant - Excluded,EXCLUDED,863,2025-07-21,408,224,0,224,0.549,0.0,26.9,26.9,LOW,0.0,0.0,0.0,0.0
34748958,AG6,Dormant - Excluded,EXCLUDED,864,2025-06-06,453,233,0,233,0.514,0.0,26.9,26.9,LOW,0.0,0.0,0.0,0.0
34783268,AG6,Dormant - Excluded,EXCLUDED,865,2025-06-06,453,233,0,233,0.514,0.0,26.9,26.9,LOW,0.0,0.0,0.0,0.0
34783288,AG6,Dormant - Excluded,EXCLUDED,866,2025-06-06,453,233,0,233,0.514,0.0,26.9,26.9,LOW,0.0,0.0,0.0,0.0
34801368,AG6,Dormant - Excluded,EXCLUDED,867,2025-06-09,450,233,0,233,0.518,0.0,26.9,26.9,LOW,0.0,0.0,0.0,0.0
34825617,AG6,Dormant - Excluded,EXCLUDED,868,2025-06-09,450,233,0,233,0.518,0.0,26.9,26.9,LOW,0.0,0.0,0.0,0.0
35843401,AG6,Dormant - Excluded,EXCLUDED,869,2025-07-21,408,223,0,223,0.547,0.0,26.8,26.8,LOW,0.0,0.0,0.0,0.0
34949818,AG6,Dormant - Excluded,EXCLUDED,870,2025-06-16,443,231,0,231,0.521,0.0,26.8,26.8,LOW,0.0,0.0,0.0,0.0
34949903,AG6,Dormant - Excluded,EXCLUDED,871,2025-06-16,443,231,0,231,0.521,0.0,26.8,26.8,LOW,0.0,0.0,0.0,0.0
34838000,AG6,Dormant - Excluded,EXCLUDED,872,2025-06-11,448,232,0,232,0.518,0.0,26.8,26.8,LOW,0.0,0.0,0.0,0.0
34726038,AG6,Dormant - Excluded,EXCLUDED,873,2025-06-04,455,233,0,233,0.512,0.0,26.8,26.8,LOW,0.0,0.0,0.0,0.0
36225636,AG6,Dormant - Excluded,EXCLUDED,874,2025-08-05,393,218,0,218,0.555,0.0,26.7,26.7,LOW,0.0,0.0,0.0,0.0
34838023,AG6,Dormant - Excluded,EXCLUDED,875,2025-06-11,448,231,0,231,0.516,0.0,26.7,26.7,LOW,0.0,0.0,0.0,0.0
34849362,AG6,Dormant - Excluded,EXCLUDED,876,2025-06-11,448,231,0,231,0.516,0.0,26.7,26.7,LOW,0.0,0.0,0.0,0.0
34726070,AG6,Dormant - Excluded,EXCLUDED,877,2025-06-04,455,232,0,232,0.51,0.0,26.7,26.7,LOW,0.0,0.0,0.0,0.0
34783267,AG6,Dormant - Excluded,EXCLUDED,878,2025-06-07,452,232,0,232,0.513,0.0,26.7,26.7,LOW,0.0,0.0,0.0,0.0
39047623,AG6,Dormant - Excluded,EXCLUDED,879,2025-12-30,246,146,0,146,0.593,0.0,26.7,26.7,LOW,0.0,0.0,0.0,0.0
36603169,AG6,Dormant - Excluded,EXCLUDED,880,2025-08-26,372,213,0,213,0.573,0.0,26.6,26.6,LOW,0.0,0.0,0.0,0.0
34801275,AG6,Dormant - Excluded,EXCLUDED,881,2025-06-07,452,231,0,231,0.511,0.0,26.6,26.6,LOW,0.0,0.0,0.0,0.0
34630397,AG6,Dormant - Excluded,EXCLUDED,882,2025-05-31,459,232,0,232,0.505,0.0,26.6,26.6,LOW,0.0,0.0,0.0,0.0
35705858,AG6,Dormant - Excluded,EXCLUDED,883,2025-07-16,413,221,0,221,0.535,0.0,26.5,26.5,LOW,0.0,0.0,0.0,0.0
34949803,AG6,Dormant - Excluded,EXCLUDED,884,2025-06-16,443,228,0,228,0.515,0.0,26.5,26.5,LOW,0.0,0.0,0.0,0.0
40564911,AG6,Dormant - Excluded,EXCLUDED,885,2026-03-10,176,89,0,89,0.506,0.0,26.5,26.5,LOW,0.0,0.0,0.0,0.0
35087473,AG6,Dormant - Excluded,EXCLUDED,886,2025-06-23,436,226,0,226,0.518,0.0,26.4,26.4,LOW,0.0,0.0,0.0,0.0
34748971,AG6,Dormant - Excluded,EXCLUDED,887,2025-06-05,454,229,0,229,0.504,0.0,26.4,26.4,LOW,0.0,0.0,0.0,0.0
34703875,AG6,Dormant - Excluded,EXCLUDED,888,2025-06-03,456,230,0,230,0.504,0.0,26.4,26.4,LOW,0.0,0.0,0.0,0.0
34704104,AG6,Dormant - Excluded,EXCLUDED,889,2025-06-03,456,230,0,230,0.504,0.0,26.4,26.4,LOW,0.0,0.0,0.0,0.0
34704120,AG6,Dormant - Excluded,EXCLUDED,890,2025-06-04,455,230,0,230,0.505,0.0,26.4,26.4,LOW,0.0,0.0,0.0,0.0
35843773,AG6,Dormant - Excluded,EXCLUDED,891,2025-07-21,408,218,0,218,0.534,0.0,26.3,26.3,LOW,0.0,0.0,0.0,0.0
38142796,AG6,Dormant - Excluded,EXCLUDED,892,2025-11-21,285,154,0,154,0.54,0.0,26.3,26.3,LOW,0.0,0.0,0.0,0.0
35481504,AG6,Dormant - Excluded,EXCLUDED,893,2025-07-08,421,220,0,220,0.523,0.0,26.2,26.2,LOW,0.0,0.0,0.0,0.0
34726026,AG6,Dormant - Excluded,EXCLUDED,894,2025-06-04,455,228,0,228,0.501,0.0,26.2,26.2,LOW,0.0,0.0,0.0,0.0
35898436,AG6,Dormant - Excluded,EXCLUDED,895,2025-07-23,406,216,0,216,0.532,0.0,26.1,26.1,LOW,0.0,0.0,0.0,0.0
35286862,AG6,Dormant - Excluded,EXCLUDED,896,2025-07-01,428,221,0,221,0.516,0.0,26.1,26.1,LOW,0.0,0.0,0.0,0.0
34801134,AG6,Dormant - Excluded,EXCLUDED,897,2025-06-09,450,226,0,226,0.502,0.0,26.1,26.1,LOW,0.0,0.0,0.0,0.0
34801262,AG6,Dormant - Excluded,EXCLUDED,898,2025-06-09,450,226,0,226,0.502,0.0,26.1,26.1,LOW,0.0,0.0,0.0,0.0
34849406,AG6,Dormant - Excluded,EXCLUDED,899,2025-06-11,448,226,0,226,0.504,0.0,26.1,26.1,LOW,0.0,0.0,0.0,0.0
34726122,AG6,Dormant - Excluded,EXCLUDED,900,2025-06-04,455,227,0,227,0.499,0.0,26.1,26.1,LOW,0.0,0.0,0.0,0.0
34630388,AG6,Dormant - Excluded,EXCLUDED,901,2025-05-31,459,228,0,228,0.497,0.0,26.1,26.1,LOW,0.0,0.0,0.0,0.0
39749657,AG6,Dormant - Excluded,EXCLUDED,902,2026-01-31,214,132,0,132,0.617,0.0,26.1,26.1,LOW,0.0,0.0,0.0,0.0
34783226,AG6,Dormant - Excluded,EXCLUDED,903,2025-06-06,453,226,0,226,0.499,0.0,26.0,26.0,LOW,0.0,0.0,0.0,0.0
34849365,AG6,Dormant - Excluded,EXCLUDED,904,2025-06-10,449,225,0,225,0.501,0.0,25.9,25.9,LOW,0.0,0.0,0.0,0.0
34849475,AG6,Dormant - Excluded,EXCLUDED,905,2025-06-10,449,225,0,225,0.501,0.0,25.9,25.9,LOW,0.0,0.0,0.0,0.0
34714159,AG6,Dormant - Excluded,EXCLUDED,906,2025-06-04,455,226,0,226,0.497,0.0,25.9,25.9,LOW,0.0,0.0,0.0,0.0
33864452,AG6,Dormant - Excluded,EXCLUDED,907,2025-04-30,490,231,0,231,0.471,0.0,25.9,25.9,LOW,0.0,0.0,0.0,0.0
35705881,AG6,Dormant - Excluded,EXCLUDED,908,2025-07-16,413,215,0,215,0.521,0.0,25.8,25.8,LOW,0.0,0.0,0.0,0.0
34801271,AG6,Dormant - Excluded,EXCLUDED,909,2025-06-09,450,224,0,224,0.498,0.0,25.8,25.8,LOW,0.0,0.0,0.0,0.0
34846927,AG6,Dormant - Excluded,EXCLUDED,910,2025-06-10,449,224,0,224,0.499,0.0,25.8,25.8,LOW,0.0,0.0,0.0,0.0
34630369,AG6,Dormant - Excluded,EXCLUDED,911,2025-05-31,459,225,0,225,0.49,0.0,25.8,25.8,LOW,0.0,0.0,0.0,0.0
34704004,AG6,Dormant - Excluded,EXCLUDED,912,2025-06-03,456,225,0,225,0.493,0.0,25.8,25.8,LOW,0.0,0.0,0.0,0.0
41345557,AG6,Dormant - Excluded,EXCLUDED,913,2026-04-13,142,74,0,74,0.521,0.0,25.8,25.8,LOW,0.0,0.0,0.0,0.0
34714137,AG6,Dormant - Excluded,EXCLUDED,914,2025-06-04,455,223,0,223,0.49,0.0,25.7,25.7,LOW,0.0,0.0,0.0,0.0
36805060,AG6,Dormant - Excluded,EXCLUDED,915,2025-09-06,361,169,0,169,0.468,0.0,25.7,25.7,LOW,0.0,0.0,0.0,0.0
35286861,AG6,Dormant - Excluded,EXCLUDED,916,2025-07-01,428,216,0,216,0.505,0.0,25.6,25.6,LOW,0.0,0.0,0.0,0.0
35087440,AG6,Dormant - Excluded,EXCLUDED,917,2025-06-23,436,218,0,218,0.5,0.0,25.6,25.6,LOW,0.0,0.0,0.0,0.0
34801360,AG6,Dormant - Excluded,EXCLUDED,918,2025-06-09,450,221,0,221,0.491,0.0,25.6,25.6,LOW,0.0,0.0,0.0,0.0
34726029,AG6,Dormant - Excluded,EXCLUDED,919,2025-06-04,455,222,0,222,0.488,0.0,25.6,25.6,LOW,0.0,0.0,0.0,0.0
34726033,AG6,Dormant - Excluded,EXCLUDED,920,2025-06-04,455,222,0,222,0.488,0.0,25.6,25.6,LOW,0.0,0.0,0.0,0.0
34792075,AG6,Dormant - Excluded,EXCLUDED,921,2025-06-06,453,222,0,222,0.49,0.0,25.6,25.6,LOW,0.0,0.0,0.0,0.0
35843461,AG6,Dormant - Excluded,EXCLUDED,922,2025-07-21,408,212,0,212,0.52,0.0,25.5,25.5,LOW,0.0,0.0,0.0,0.0
35843846,AG6,Dormant - Excluded,EXCLUDED,923,2025-07-21,408,212,0,212,0.52,0.0,25.5,25.5,LOW,0.0,0.0,0.0,0.0
35706560,AG6,Dormant - Excluded,EXCLUDED,924,2025-07-16,413,213,0,213,0.516,0.0,25.5,25.5,LOW,0.0,0.0,0.0,0.0
34949484,AG6,Dormant - Excluded,EXCLUDED,925,2025-06-16,443,219,0,219,0.494,0.0,25.5,25.5,LOW,0.0,0.0,0.0,0.0
34714175,AG6,Dormant - Excluded,EXCLUDED,926,2025-06-03,456,221,0,221,0.485,0.0,25.5,25.5,LOW,0.0,0.0,0.0,0.0
36225619,AG6,Dormant - Excluded,EXCLUDED,927,2025-08-05,393,208,0,208,0.529,0.0,25.4,25.4,LOW,0.0,0.0,0.0,0.0
35482030,AG6,Dormant - Excluded,EXCLUDED,928,2025-07-08,421,213,0,213,0.506,0.0,25.4,25.4,LOW,0.0,0.0,0.0,0.0
34949900,AG6,Dormant - Excluded,EXCLUDED,929,2025-06-16,443,218,0,218,0.492,0.0,25.4,25.4,LOW,0.0,0.0,0.0,0.0
34825568,AG6,Dormant - Excluded,EXCLUDED,930,2025-06-10,449,219,0,219,0.488,0.0,25.4,25.4,LOW,0.0,0.0,0.0,0.0
33798176,AG6,Dormant - Excluded,EXCLUDED,931,2025-04-26,494,228,0,228,0.462,0.0,25.4,25.4,LOW,0.0,0.0,0.0,0.0
34801280,AG6,Dormant - Excluded,EXCLUDED,932,2025-06-09,450,218,0,218,0.484,0.0,25.3,25.3,LOW,0.0,0.0,0.0,0.0
34849347,AG6,Dormant - Excluded,EXCLUDED,933,2025-06-11,448,218,0,218,0.487,0.0,25.3,25.3,LOW,0.0,0.0,0.0,0.0
34726036,AG6,Dormant - Excluded,EXCLUDED,934,2025-06-04,455,219,0,219,0.481,0.0,25.3,25.3,LOW,0.0,0.0,0.0,0.0
34726112,AG6,Dormant - Excluded,EXCLUDED,935,2025-06-04,455,219,0,219,0.481,0.0,25.3,25.3,LOW,0.0,0.0,0.0,0.0
38141284,AG6,Dormant - Excluded,EXCLUDED,936,2025-11-21,285,147,0,147,0.516,0.0,25.3,25.3,LOW,0.0,0.0,0.0,0.0
35843873,AG6,Dormant - Excluded,EXCLUDED,937,2025-07-21,408,210,0,210,0.515,0.0,25.2,25.2,LOW,0.0,0.0,0.0,0.0
35287020,AG6,Dormant - Excluded,EXCLUDED,938,2025-07-01,428,213,0,213,0.498,0.0,25.2,25.2,LOW,0.0,0.0,0.0,0.0
34801198,AG6,Dormant - Excluded,EXCLUDED,939,2025-06-09,450,217,0,217,0.482,0.0,25.2,25.2,LOW,0.0,0.0,0.0,0.0
33868740,AG6,Dormant - Excluded,EXCLUDED,940,2025-04-30,490,226,0,226,0.461,0.0,25.2,25.2,LOW,0.0,0.0,0.0,0.0
35843911,AG6,Dormant - Excluded,EXCLUDED,941,2025-07-21,408,209,0,209,0.512,0.0,25.1,25.1,LOW,0.0,0.0,0.0,0.0
34869075,AG6,Dormant - Excluded,EXCLUDED,942,2025-06-16,443,215,0,215,0.485,0.0,25.1,25.1,LOW,0.0,0.0,0.0,0.0
34801172,AG6,Dormant - Excluded,EXCLUDED,943,2025-06-09,450,216,0,216,0.48,0.0,25.1,25.1,LOW,0.0,0.0,0.0,0.0
34703845,AG6,Dormant - Excluded,EXCLUDED,944,2025-06-03,456,217,0,217,0.476,0.0,25.1,25.1,LOW,0.0,0.0,0.0,0.0
34704215,AG6,Dormant - Excluded,EXCLUDED,945,2025-06-03,456,217,0,217,0.476,0.0,25.1,25.1,LOW,0.0,0.0,0.0,0.0
34714125,AG6,Dormant - Excluded,EXCLUDED,946,2025-06-04,455,217,0,217,0.477,0.0,25.1,25.1,LOW,0.0,0.0,0.0,0.0
33798185,AG6,Dormant - Excluded,EXCLUDED,947,2025-04-26,494,226,0,226,0.457,0.0,25.1,25.1,LOW,0.0,0.0,0.0,0.0
33798189,AG6,Dormant - Excluded,EXCLUDED,948,2025-04-26,494,226,0,226,0.457,0.0,25.1,25.1,LOW,0.0,0.0,0.0,0.0
39749599,AG6,Dormant - Excluded,EXCLUDED,949,2026-01-31,214,125,0,125,0.584,0.0,25.1,25.1,LOW,0.0,0.0,0.0,0.0
36804963,AG6,Dormant - Excluded,EXCLUDED,950,2025-09-06,361,164,0,164,0.454,0.0,25.1,25.1,LOW,0.0,0.0,0.0,0.0
36603189,AG6,Dormant - Excluded,EXCLUDED,951,2025-08-26,372,201,0,201,0.54,0.0,25.1,25.1,LOW,0.0,0.0,0.0,0.0
35334363,AG6,Dormant - Excluded,EXCLUDED,952,2025-07-03,426,212,0,212,0.498,0.0,25.0,25.0,LOW,0.0,0.0,0.0,0.0
36226442,AG6,Dormant - Excluded,EXCLUDED,953,2025-08-05,393,204,0,204,0.519,0.0,24.9,24.9,LOW,0.0,0.0,0.0,0.0
34748924,AG6,Dormant - Excluded,EXCLUDED,954,2025-06-05,454,215,0,215,0.474,0.0,24.9,24.9,LOW,0.0,0.0,0.0,0.0
34749003,AG6,Dormant - Excluded,EXCLUDED,955,2025-06-05,454,215,0,215,0.474,0.0,24.9,24.9,LOW,0.0,0.0,0.0,0.0
34748961,AG6,Dormant - Excluded,EXCLUDED,956,2025-06-06,453,215,0,215,0.475,0.0,24.9,24.9,LOW,0.0,0.0,0.0,0.0
34783258,AG6,Dormant - Excluded,EXCLUDED,957,2025-06-06,453,215,0,215,0.475,0.0,24.9,24.9,LOW,0.0,0.0,0.0,0.0
34783339,AG6,Dormant - Excluded,EXCLUDED,958,2025-06-06,453,215,0,215,0.475,0.0,24.9,24.9,LOW,0.0,0.0,0.0,0.0
41345573,AG6,Dormant - Excluded,EXCLUDED,959,2026-04-13,142,69,0,69,0.486,0.0,24.9,24.9,LOW,0.0,0.0,0.0,0.0
39047662,AG6,Dormant - Excluded,EXCLUDED,960,2025-12-30,246,133,0,133,0.541,0.0,24.9,24.9,LOW,0.0,0.0,0.0,0.0
35843863,AG6,Dormant - Excluded,EXCLUDED,961,2025-07-21,408,207,0,207,0.507,0.0,24.8,24.8,LOW,0.0,0.0,0.0,0.0
35087492,AG6,Dormant - Excluded,EXCLUDED,962,2025-06-23,436,212,0,212,0.486,0.0,24.8,24.8,LOW,0.0,0.0,0.0,0.0
34849405,AG6,Dormant - Excluded,EXCLUDED,963,2025-06-11,448,213,0,213,0.475,0.0,24.8,24.8,LOW,0.0,0.0,0.0,0.0
34726134,AG6,Dormant - Excluded,EXCLUDED,964,2025-06-04,455,214,0,214,0.47,0.0,24.8,24.8,LOW,0.0,0.0,0.0,0.0
35843544,AG6,Dormant - Excluded,EXCLUDED,965,2025-07-20,409,206,0,206,0.504,0.0,24.7,24.7,LOW,0.0,0.0,0.0,0.0
34949525,AG6,Dormant - Excluded,EXCLUDED,966,2025-06-16,443,212,0,212,0.479,0.0,24.7,24.7,LOW,0.0,0.0,0.0,0.0
34825651,AG6,Dormant - Excluded,EXCLUDED,967,2025-06-10,449,213,0,213,0.474,0.0,24.7,24.7,LOW,0.0,0.0,0.0,0.0
34849468,AG6,Dormant - Excluded,EXCLUDED,968,2025-06-10,449,213,0,213,0.474,0.0,24.7,24.7,LOW,0.0,0.0,0.0,0.0
34469693,AG6,Dormant - Excluded,EXCLUDED,969,2025-05-26,464,216,0,216,0.466,0.0,24.7,24.7,LOW,0.0,0.0,0.0,0.0
35843656,AG6,Dormant - Excluded,EXCLUDED,970,2025-07-20,409,205,0,205,0.501,0.0,24.6,24.6,LOW,0.0,0.0,0.0,0.0
34726041,AG6,Dormant - Excluded,EXCLUDED,971,2025-06-04,455,213,0,213,0.468,0.0,24.6,24.6,LOW,0.0,0.0,0.0,0.0
34726101,AG6,Dormant - Excluded,EXCLUDED,972,2025-06-04,455,213,0,213,0.468,0.0,24.6,24.6,LOW,0.0,0.0,0.0,0.0
34745756,AG6,Dormant - Excluded,EXCLUDED,973,2025-06-05,454,213,0,213,0.469,0.0,24.6,24.6,LOW,0.0,0.0,0.0,0.0
34745725,AG6,Dormant - Excluded,EXCLUDED,974,2025-06-06,453,213,0,213,0.47,0.0,24.6,24.6,LOW,0.0,0.0,0.0,0.0
34745755,AG6,Dormant - Excluded,EXCLUDED,975,2025-06-06,453,213,0,213,0.47,0.0,24.6,24.6,LOW,0.0,0.0,0.0,0.0
34630425,AG6,Dormant - Excluded,EXCLUDED,976,2025-05-31,459,214,0,214,0.466,0.0,24.6,24.6,LOW,0.0,0.0,0.0,0.0
36225655,AG6,Dormant - Excluded,EXCLUDED,977,2025-08-05,393,201,0,201,0.511,0.0,24.6,24.6,LOW,0.0,0.0,0.0,0.0
35843528,AG6,Dormant - Excluded,EXCLUDED,978,2025-07-21,408,204,0,204,0.5,0.0,24.5,24.5,LOW,0.0,0.0,0.0,0.0
35705930,AG6,Dormant - Excluded,EXCLUDED,979,2025-07-16,413,205,0,205,0.496,0.0,24.5,24.5,LOW,0.0,0.0,0.0,0.0
34801361,AG6,Dormant - Excluded,EXCLUDED,980,2025-06-07,452,212,0,212,0.469,0.0,24.5,24.5,LOW,0.0,0.0,0.0,0.0
34745679,AG6,Dormant - Excluded,EXCLUDED,981,2025-06-05,454,212,0,212,0.467,0.0,24.4,24.4,LOW,0.0,0.0,0.0,0.0
34742585,AG6,Dormant - Excluded,EXCLUDED,982,2025-06-06,453,212,0,212,0.468,0.0,24.4,24.4,LOW,0.0,0.0,0.0,0.0
33798187,AG6,Dormant - Excluded,EXCLUDED,983,2025-04-26,494,218,0,218,0.441,0.0,24.4,24.4,LOW,0.0,0.0,0.0,0.0
39587515,AG6,Dormant - Excluded,EXCLUDED,984,2026-01-24,221,123,0,123,0.557,0.0,24.4,24.4,LOW,0.0,0.0,0.0,0.0
35706082,AG6,Dormant - Excluded,EXCLUDED,985,2025-07-16,413,203,0,203,0.492,0.0,24.3,24.3,LOW,0.0,0.0,0.0,0.0
34846761,AG6,Dormant - Excluded,EXCLUDED,986,2025-06-11,448,210,0,210,0.469,0.0,24.3,24.3,LOW,0.0,0.0,0.0,0.0
34849487,AG6,Dormant - Excluded,EXCLUDED,987,2025-06-11,448,210,0,210,0.469,0.0,24.3,24.3,LOW,0.0,0.0,0.0,0.0
34745678,AG6,Dormant - Excluded,EXCLUDED,988,2025-06-06,453,211,0,211,0.466,0.0,24.3,24.3,LOW,0.0,0.0,0.0,0.0
34703818,AG6,Dormant - Excluded,EXCLUDED,989,2025-06-03,456,212,0,212,0.465,0.0,24.3,24.3,LOW,0.0,0.0,0.0,0.0
34703937,AG6,Dormant - Excluded,EXCLUDED,990,2025-06-03,456,212,0,212,0.465,0.0,24.3,24.3,LOW,0.0,0.0,0.0,0.0
35481332,AG6,Dormant - Excluded,EXCLUDED,991,2025-07-08,421,204,0,204,0.485,0.0,24.2,24.2,LOW,0.0,0.0,0.0,0.0
34949330,AG6,Dormant - Excluded,EXCLUDED,992,2025-06-16,443,208,0,208,0.47,0.0,24.2,24.2,LOW,0.0,0.0,0.0,0.0
34869092,AG6,Dormant - Excluded,EXCLUDED,993,2025-06-12,447,209,0,209,0.468,0.0,24.2,24.2,LOW,0.0,0.0,0.0,0.0
34825544,AG6,Dormant - Excluded,EXCLUDED,994,2025-06-09,450,210,0,210,0.467,0.0,24.2,24.2,LOW,0.0,0.0,0.0,0.0
34481786,AG6,Dormant - Excluded,EXCLUDED,995,2025-05-28,462,212,0,212,0.459,0.0,24.2,24.2,LOW,0.0,0.0,0.0,0.0
36225590,AG6,Dormant - Excluded,EXCLUDED,996,2025-08-05,393,198,0,198,0.504,0.0,24.2,24.2,LOW,0.0,0.0,0.0,0.0
36225632,AG6,Dormant - Excluded,EXCLUDED,997,2025-08-05,393,198,0,198,0.504,0.0,24.2,24.2,LOW,0.0,0.0,0.0,0.0
35843880,AG6,Dormant - Excluded,EXCLUDED,998,2025-07-21,408,201,0,201,0.493,0.0,24.2,24.2,LOW,0.0,0.0,0.0,0.0
35334545,AG6,Dormant - Excluded,EXCLUDED,999,2025-07-03,426,204,0,204,0.479,0.0,24.1,24.1,LOW,0.0,0.0,0.0,0.0
34846758,AG6,Dormant - Excluded,EXCLUDED,1000,2025-06-11,448,209,0,209,0.467,0.0,24.1,24.1,LOW,0.0,0.0,0.0,0.0
34745748,AG6,Dormant - Excluded,EXCLUDED,1001,2025-06-05,454,210,0,210,0.463,0.0,24.1,24.1,LOW,0.0,0.0,0.0,0.0
34611025,AG6,Dormant - Excluded,EXCLUDED,1002,2025-05-30,460,211,0,211,0.459,0.0,24.1,24.1,LOW,0.0,0.0,0.0,0.0
34611065,AG6,Dormant - Excluded,EXCLUDED,1003,2025-05-31,459,211,0,211,0.46,0.0,24.1,24.1,LOW,0.0,0.0,0.0,0.0
34949860,AG6,Dormant - Excluded,EXCLUDED,1004,2025-06-16,443,207,0,207,0.467,0.0,24.0,24.0,LOW,0.0,0.0,0.0,0.0
34825615,AG6,Dormant - Excluded,EXCLUDED,1005,2025-06-10,449,208,0,208,0.463,0.0,24.0,24.0,LOW,0.0,0.0,0.0,0.0
34726024,AG6,Dormant - Excluded,EXCLUDED,1006,2025-06-04,455,209,0,209,0.459,0.0,24.0,24.0,LOW,0.0,0.0,0.0,0.0
34792299,AG6,Dormant - Excluded,EXCLUDED,1007,2025-06-07,452,209,0,209,0.462,0.0,24.0,24.0,LOW,0.0,0.0,0.0,0.0
34801155,AG6,Dormant - Excluded,EXCLUDED,1008,2025-06-07,452,209,0,209,0.462,0.0,24.0,24.0,LOW,0.0,0.0,0.0,0.0
33798167,AG6,Dormant - Excluded,EXCLUDED,1009,2025-04-26,494,214,0,214,0.433,0.0,24.0,24.0,LOW,0.0,0.0,0.0,0.0
35705887,AG6,Dormant - Excluded,EXCLUDED,1010,2025-07-16,413,200,0,200,0.484,0.0,24.0,24.0,LOW,0.0,0.0,0.0,0.0
34949668,AG6,Dormant - Excluded,EXCLUDED,1011,2025-06-16,443,206,0,206,0.465,0.0,23.9,23.9,LOW,0.0,0.0,0.0,0.0
34838017,AG6,Dormant - Excluded,EXCLUDED,1012,2025-06-11,448,207,0,207,0.462,0.0,23.9,23.9,LOW,0.0,0.0,0.0,0.0
34611101,AG6,Dormant - Excluded,EXCLUDED,1013,2025-05-30,460,209,0,209,0.454,0.0,23.9,23.9,LOW,0.0,0.0,0.0,0.0
38142799,AG6,Dormant - Excluded,EXCLUDED,1014,2025-11-21,285,136,0,136,0.477,0.0,23.9,23.9,LOW,0.0,0.0,0.0,0.0
36225669,AG6,Dormant - Excluded,EXCLUDED,1015,2025-08-05,393,196,0,196,0.499,0.0,23.9,23.9,LOW,0.0,0.0,0.0,0.0
34783239,AG6,Dormant - Excluded,EXCLUDED,1016,2025-06-10,449,206,0,206,0.459,0.0,23.8,23.8,LOW,0.0,0.0,0.0,0.0
34792339,AG6,Dormant - Excluded,EXCLUDED,1017,2025-06-07,452,207,0,207,0.458,0.0,23.8,23.8,LOW,0.0,0.0,0.0,0.0
34630399,AG6,Dormant - Excluded,EXCLUDED,1018,2025-05-31,459,208,0,208,0.453,0.0,23.8,23.8,LOW,0.0,0.0,0.0,0.0
34704050,AG6,Dormant - Excluded,EXCLUDED,1019,2025-06-03,456,208,0,208,0.456,0.0,23.8,23.8,LOW,0.0,0.0,0.0,0.0
34714126,AG6,Dormant - Excluded,EXCLUDED,1020,2025-06-04,455,208,0,208,0.457,0.0,23.8,23.8,LOW,0.0,0.0,0.0,0.0
35843894,AG6,Dormant - Excluded,EXCLUDED,1021,2025-07-20,409,198,0,198,0.484,0.0,23.8,23.8,LOW,0.0,0.0,0.0,0.0
35843229,AG6,Dormant - Excluded,EXCLUDED,1022,2025-07-21,408,198,0,198,0.485,0.0,23.8,23.8,LOW,0.0,0.0,0.0,0.0
34949654,AG6,Dormant - Excluded,EXCLUDED,1023,2025-06-16,443,204,0,204,0.46,0.0,23.7,23.7,LOW,0.0,0.0,0.0,0.0
34846767,AG6,Dormant - Excluded,EXCLUDED,1024,2025-06-11,448,205,0,205,0.458,0.0,23.7,23.7,LOW,0.0,0.0,0.0,0.0
36225582,AG6,Dormant - Excluded,EXCLUDED,1025,2025-08-05,393,195,0,195,0.496,0.0,23.7,23.7,LOW,0.0,0.0,0.0,0.0
35843207,AG6,Dormant - Excluded,EXCLUDED,1026,2025-07-20,409,197,0,197,0.482,0.0,23.7,23.7,LOW,0.0,0.0,0.0,0.0
35843610,AG6,Dormant - Excluded,EXCLUDED,1027,2025-07-21,408,197,0,197,0.483,0.0,23.7,23.7,LOW,0.0,0.0,0.0,0.0
35705992,AG6,Dormant - Excluded,EXCLUDED,1028,2025-07-16,413,198,0,198,0.479,0.0,23.7,23.7,LOW,0.0,0.0,0.0,0.0
35334332,AG6,Dormant - Excluded,EXCLUDED,1029,2025-07-03,426,200,0,200,0.469,0.0,23.7,23.7,LOW,0.0,0.0,0.0,0.0
34783300,AG6,Dormant - Excluded,EXCLUDED,1030,2025-06-06,453,205,0,205,0.453,0.0,23.6,23.6,LOW,0.0,0.0,0.0,0.0
34703792,AG6,Dormant - Excluded,EXCLUDED,1031,2025-06-03,456,206,0,206,0.452,0.0,23.6,23.6,LOW,0.0,0.0,0.0,0.0
36764705,AG6,Dormant - Excluded,EXCLUDED,1032,2025-09-04,363,152,0,152,0.419,0.0,23.6,23.6,LOW,0.0,0.0,0.0,0.0
35843372,AG6,Dormant - Excluded,EXCLUDED,1033,2025-07-21,408,196,0,196,0.48,0.0,23.6,23.6,LOW,0.0,0.0,0.0,0.0
35706230,AG6,Dormant - Excluded,EXCLUDED,1034,2025-07-16,413,197,0,197,0.477,0.0,23.6,23.6,LOW,0.0,0.0,0.0,0.0
34869090,AG6,Dormant - Excluded,EXCLUDED,1035,2025-06-12,447,203,0,203,0.454,0.0,23.5,23.5,LOW,0.0,0.0,0.0,0.0
34949854,AG6,Dormant - Excluded,EXCLUDED,1036,2025-06-16,443,203,0,203,0.458,0.0,23.5,23.5,LOW,0.0,0.0,0.0,0.0
36603268,AG6,Dormant - Excluded,EXCLUDED,1037,2025-08-26,372,189,0,189,0.508,0.0,23.5,23.5,LOW,0.0,0.0,0.0,0.0
35334348,AG6,Dormant - Excluded,EXCLUDED,1038,2025-07-03,426,199,0,199,0.467,0.0,23.5,23.5,LOW,0.0,0.0,0.0,0.0
34846946,AG6,Dormant - Excluded,EXCLUDED,1039,2025-06-10,449,203,0,203,0.452,0.0,23.4,23.4,LOW,0.0,0.0,0.0,0.0
34703815,AG6,Dormant - Excluded,EXCLUDED,1040,2025-06-03,456,204,0,204,0.447,0.0,23.4,23.4,LOW,0.0,0.0,0.0,0.0
33868735,AG6,Dormant - Excluded,EXCLUDED,1041,2025-04-30,490,209,0,209,0.427,0.0,23.4,23.4,LOW,0.0,0.0,0.0,0.0
35843264,AG6,Dormant - Excluded,EXCLUDED,1042,2025-07-20,409,195,0,195,0.477,0.0,23.4,23.4,LOW,0.0,0.0,0.0,0.0
35843694,AG6,Dormant - Excluded,EXCLUDED,1043,2025-07-21,408,195,0,195,0.478,0.0,23.4,23.4,LOW,0.0,0.0,0.0,0.0
35843882,AG6,Dormant - Excluded,EXCLUDED,1044,2025-07-21,408,195,0,195,0.478,0.0,23.4,23.4,LOW,0.0,0.0,0.0,0.0
34846772,AG6,Dormant - Excluded,EXCLUDED,1045,2025-06-11,448,202,0,202,0.451,0.0,23.3,23.3,LOW,0.0,0.0,0.0,0.0
34849401,AG6,Dormant - Excluded,EXCLUDED,1046,2025-06-11,448,202,0,202,0.451,0.0,23.3,23.3,LOW,0.0,0.0,0.0,0.0
34611021,AG6,Dormant - Excluded,EXCLUDED,1047,2025-05-30,460,203,0,203,0.441,0.0,23.3,23.3,LOW,0.0,0.0,0.0,0.0
36225579,AG6,Dormant - Excluded,EXCLUDED,1048,2025-08-06,392,192,0,192,0.49,0.0,23.3,23.3,LOW,0.0,0.0,0.0,0.0
36225606,AG6,Dormant - Excluded,EXCLUDED,1049,2025-08-06,392,192,0,192,0.49,0.0,23.3,23.3,LOW,0.0,0.0,0.0,0.0
36764488,AG6,Dormant - Excluded,EXCLUDED,1050,2025-09-04,363,148,0,148,0.408,0.0,23.2,23.2,LOW,0.0,0.0,0.0,0.0
34949620,AG6,Dormant - Excluded,EXCLUDED,1051,2025-06-16,443,199,0,199,0.449,0.0,23.2,23.2,LOW,0.0,0.0,0.0,0.0
38142808,AG6,Dormant - Excluded,EXCLUDED,1052,2025-11-21,285,131,0,131,0.46,0.0,23.1,23.1,LOW,0.0,0.0,0.0,0.0
35843683,AG6,Dormant - Excluded,EXCLUDED,1053,2025-07-21,408,193,0,193,0.473,0.0,23.1,23.1,LOW,0.0,0.0,0.0,0.0
35843862,AG6,Dormant - Excluded,EXCLUDED,1054,2025-07-21,408,193,0,193,0.473,0.0,23.1,23.1,LOW,0.0,0.0,0.0,0.0
34846740,AG6,Dormant - Excluded,EXCLUDED,1055,2025-06-11,448,199,0,199,0.444,0.0,23.1,23.1,LOW,0.0,0.0,0.0,0.0
34869058,AG6,Dormant - Excluded,EXCLUDED,1056,2025-06-12,447,199,0,199,0.445,0.0,23.1,23.1,LOW,0.0,0.0,0.0,0.0
34869126,AG6,Dormant - Excluded,EXCLUDED,1057,2025-06-12,447,199,0,199,0.445,0.0,23.1,23.1,LOW,0.0,0.0,0.0,0.0
34704349,AG6,Dormant - Excluded,EXCLUDED,1058,2025-06-03,456,201,0,201,0.441,0.0,23.1,23.1,LOW,0.0,0.0,0.0,0.0
35843279,AG6,Dormant - Excluded,EXCLUDED,1059,2025-07-21,408,192,0,192,0.471,0.0,23.0,23.0,LOW,0.0,0.0,0.0,0.0
34949816,AG6,Dormant - Excluded,EXCLUDED,1060,2025-06-16,443,198,0,198,0.447,0.0,23.0,23.0,LOW,0.0,0.0,0.0,0.0
34949886,AG6,Dormant - Excluded,EXCLUDED,1061,2025-06-16,443,198,0,198,0.447,0.0,23.0,23.0,LOW,0.0,0.0,0.0,0.0
34703921,AG6,Dormant - Excluded,EXCLUDED,1062,2025-06-03,456,199,0,199,0.436,0.0,23.0,23.0,LOW,0.0,0.0,0.0,0.0
38142703,AG6,Dormant - Excluded,EXCLUDED,1063,2025-11-21,285,130,0,130,0.456,0.0,22.9,22.9,LOW,0.0,0.0,0.0,0.0
34801195,AG6,Dormant - Excluded,EXCLUDED,1064,2025-06-09,450,198,0,198,0.44,0.0,22.9,22.9,LOW,0.0,0.0,0.0,0.0
34630405,AG6,Dormant - Excluded,EXCLUDED,1065,2025-05-31,459,199,0,199,0.434,0.0,22.9,22.9,LOW,0.0,0.0,0.0,0.0
34726019,AG6,Dormant - Excluded,EXCLUDED,1066,2025-06-04,455,198,0,198,0.435,0.0,22.8,22.8,LOW,0.0,0.0,0.0,0.0
34783294,AG6,Dormant - Excluded,EXCLUDED,1067,2025-06-06,453,198,0,198,0.437,0.0,22.8,22.8,LOW,0.0,0.0,0.0,0.0
36804984,AG6,Dormant - Excluded,EXCLUDED,1068,2025-09-06,361,145,0,145,0.402,0.0,22.7,22.7,LOW,0.0,0.0,0.0,0.0
35087886,AG6,Dormant - Excluded,EXCLUDED,1069,2025-06-23,436,195,0,195,0.447,0.0,22.7,22.7,LOW,0.0,0.0,0.0,0.0
38142771,AG6,Dormant - Excluded,EXCLUDED,1070,2025-11-21,285,128,0,128,0.449,0.0,22.6,22.6,LOW,0.0,0.0,0.0,0.0
36225628,AG6,Dormant - Excluded,EXCLUDED,1071,2025-08-05,393,186,0,186,0.473,0.0,22.6,22.6,LOW,0.0,0.0,0.0,0.0
34846727,AG6,Dormant - Excluded,EXCLUDED,1072,2025-06-11,448,195,0,195,0.435,0.0,22.6,22.6,LOW,0.0,0.0,0.0,0.0
34949853,AG6,Dormant - Excluded,EXCLUDED,1073,2025-06-16,443,195,0,195,0.44,0.0,22.6,22.6,LOW,0.0,0.0,0.0,0.0
34745764,AG6,Dormant - Excluded,EXCLUDED,1074,2025-06-06,453,196,0,196,0.433,0.0,22.6,22.6,LOW,0.0,0.0,0.0,0.0
34783251,AG6,Dormant - Excluded,EXCLUDED,1075,2025-06-07,452,196,0,196,0.434,0.0,22.6,22.6,LOW,0.0,0.0,0.0,0.0
34792345,AG6,Dormant - Excluded,EXCLUDED,1076,2025-06-07,452,196,0,196,0.434,0.0,22.6,22.6,LOW,0.0,0.0,0.0,0.0
35843592,AG6,Dormant - Excluded,EXCLUDED,1077,2025-07-21,408,189,0,189,0.463,0.0,22.5,22.5,LOW,0.0,0.0,0.0,0.0
35087578,AG6,Dormant - Excluded,EXCLUDED,1078,2025-06-23,436,193,0,193,0.443,0.0,22.5,22.5,LOW,0.0,0.0,0.0,0.0
34481762,AG6,Dormant - Excluded,EXCLUDED,1079,2025-05-28,462,197,0,197,0.426,0.0,22.5,22.5,LOW,0.0,0.0,0.0,0.0
34481765,AG6,Dormant - Excluded,EXCLUDED,1080,2025-05-28,462,197,0,197,0.426,0.0,22.5,22.5,LOW,0.0,0.0,0.0,0.0
36225617,AG6,Dormant - Excluded,EXCLUDED,1081,2025-08-06,392,184,0,184,0.469,0.0,22.4,22.4,LOW,0.0,0.0,0.0,0.0
34703898,AG6,Dormant - Excluded,EXCLUDED,1082,2025-06-03,456,195,0,195,0.428,0.0,22.4,22.4,LOW,0.0,0.0,0.0,0.0
34703934,AG6,Dormant - Excluded,EXCLUDED,1083,2025-06-03,456,195,0,195,0.428,0.0,22.4,22.4,LOW,0.0,0.0,0.0,0.0
34726016,AG6,Dormant - Excluded,EXCLUDED,1084,2025-06-04,455,195,0,195,0.429,0.0,22.4,22.4,LOW,0.0,0.0,0.0,0.0
34726017,AG6,Dormant - Excluded,EXCLUDED,1085,2025-06-04,455,195,0,195,0.429,0.0,22.4,22.4,LOW,0.0,0.0,0.0,0.0
39749630,AG6,Dormant - Excluded,EXCLUDED,1086,2026-01-31,214,110,0,110,0.514,0.0,22.3,22.3,LOW,0.0,0.0,0.0,0.0
35843335,AG6,Dormant - Excluded,EXCLUDED,1087,2025-07-21,408,187,0,187,0.458,0.0,22.3,22.3,LOW,0.0,0.0,0.0,0.0
35481923,AG6,Dormant - Excluded,EXCLUDED,1088,2025-07-08,421,189,0,189,0.449,0.0,22.3,22.3,LOW,0.0,0.0,0.0,0.0
34801186,AG6,Dormant - Excluded,EXCLUDED,1089,2025-06-09,450,194,0,194,0.431,0.0,22.3,22.3,LOW,0.0,0.0,0.0,0.0
34949802,AG6,Dormant - Excluded,EXCLUDED,1090,2025-06-16,443,192,0,192,0.433,0.0,22.2,22.2,LOW,0.0,0.0,0.0,0.0
34846747,AG6,Dormant - Excluded,EXCLUDED,1091,2025-06-11,448,193,0,193,0.431,0.0,22.2,22.2,LOW,0.0,0.0,0.0,0.0
34704123,AG6,Dormant - Excluded,EXCLUDED,1092,2025-06-03,456,194,0,194,0.425,0.0,22.2,22.2,LOW,0.0,0.0,0.0,0.0
34704258,AG6,Dormant - Excluded,EXCLUDED,1093,2025-06-03,456,194,0,194,0.425,0.0,22.2,22.2,LOW,0.0,0.0,0.0,0.0
34714173,AG6,Dormant - Excluded,EXCLUDED,1094,2025-06-04,455,194,0,194,0.426,0.0,22.2,22.2,LOW,0.0,0.0,0.0,0.0
34726014,AG6,Dormant - Excluded,EXCLUDED,1095,2025-06-04,455,194,0,194,0.426,0.0,22.2,22.2,LOW,0.0,0.0,0.0,0.0
34745720,AG6,Dormant - Excluded,EXCLUDED,1096,2025-06-05,454,194,0,194,0.427,0.0,22.2,22.2,LOW,0.0,0.0,0.0,0.0
33798170,AG6,Dormant - Excluded,EXCLUDED,1097,2025-04-26,494,200,0,200,0.405,0.0,22.2,22.2,LOW,0.0,0.0,0.0,0.0
35843815,AG6,Dormant - Excluded,EXCLUDED,1098,2025-07-21,408,185,0,185,0.453,0.0,22.1,22.1,LOW,0.0,0.0,0.0,0.0
34949215,AG6,Dormant - Excluded,EXCLUDED,1099,2025-06-16,443,191,0,191,0.431,0.0,22.1,22.1,LOW,0.0,0.0,0.0,0.0
34949502,AG6,Dormant - Excluded,EXCLUDED,1100,2025-06-16,443,191,0,191,0.431,0.0,22.1,22.1,LOW,0.0,0.0,0.0,0.0
34949836,AG6,Dormant - Excluded,EXCLUDED,1101,2025-06-16,443,191,0,191,0.431,0.0,22.1,22.1,LOW,0.0,0.0,0.0,0.0
34837987,AG6,Dormant - Excluded,EXCLUDED,1102,2025-06-11,448,192,0,192,0.429,0.0,22.1,22.1,LOW,0.0,0.0,0.0,0.0
34726015,AG6,Dormant - Excluded,EXCLUDED,1103,2025-06-04,455,193,0,193,0.424,0.0,22.1,22.1,LOW,0.0,0.0,0.0,0.0
34630394,AG6,Dormant - Excluded,EXCLUDED,1104,2025-05-31,459,194,0,194,0.423,0.0,22.1,22.1,LOW,0.0,0.0,0.0,0.0
35334694,AG6,Dormant - Excluded,EXCLUDED,1105,2025-07-04,425,187,0,187,0.44,0.0,22.0,22.0,LOW,0.0,0.0,0.0,0.0
35482055,AG6,Dormant - Excluded,EXCLUDED,1106,2025-07-08,421,187,0,187,0.444,0.0,22.0,22.0,LOW,0.0,0.0,0.0,0.0
34703812,AG6,Dormant - Excluded,EXCLUDED,1107,2025-06-03,456,193,0,193,0.423,0.0,22.0,22.0,LOW,0.0,0.0,0.0,0.0
34704328,AG6,Dormant - Excluded,EXCLUDED,1108,2025-06-03,456,193,0,193,0.423,0.0,22.0,22.0,LOW,0.0,0.0,0.0,0.0
35843547,AG6,Dormant - Excluded,EXCLUDED,1109,2025-07-21,408,184,0,184,0.451,0.0,21.9,21.9,LOW,0.0,0.0,0.0,0.0
35087550,AG6,Dormant - Excluded,EXCLUDED,1110,2025-06-23,436,188,0,188,0.431,0.0,21.9,21.9,LOW,0.0,0.0,0.0,0.0
34949843,AG6,Dormant - Excluded,EXCLUDED,1111,2025-06-16,443,189,0,189,0.427,0.0,21.9,21.9,LOW,0.0,0.0,0.0,0.0
34825545,AG6,Dormant - Excluded,EXCLUDED,1112,2025-06-10,449,191,0,191,0.425,0.0,21.9,21.9,LOW,0.0,0.0,0.0,0.0
34704224,AG6,Dormant - Excluded,EXCLUDED,1113,2025-06-03,456,192,0,192,0.421,0.0,21.9,21.9,LOW,0.0,0.0,0.0,0.0
34714064,AG6,Dormant - Excluded,EXCLUDED,1114,2025-06-03,456,192,0,192,0.421,0.0,21.9,21.9,LOW,0.0,0.0,0.0,0.0
34745771,AG6,Dormant - Excluded,EXCLUDED,1115,2025-06-06,453,192,0,192,0.424,0.0,21.9,21.9,LOW,0.0,0.0,0.0,0.0
34783229,AG6,Dormant - Excluded,EXCLUDED,1116,2025-06-06,453,192,0,192,0.424,0.0,21.9,21.9,LOW,0.0,0.0,0.0,0.0
34838031,AG6,Dormant - Excluded,EXCLUDED,1117,2025-06-11,448,190,0,190,0.424,0.0,21.8,21.8,LOW,0.0,0.0,0.0,0.0
34792175,AG6,Dormant - Excluded,EXCLUDED,1118,2025-06-06,453,191,0,191,0.422,0.0,21.8,21.8,LOW,0.0,0.0,0.0,0.0
35843837,AG6,Dormant - Excluded,EXCLUDED,1119,2025-07-21,408,182,0,182,0.446,0.0,21.7,21.7,LOW,0.0,0.0,0.0,0.0
34838033,AG6,Dormant - Excluded,EXCLUDED,1120,2025-06-11,448,189,0,189,0.422,0.0,21.7,21.7,LOW,0.0,0.0,0.0,0.0
34838054,AG6,Dormant - Excluded,EXCLUDED,1121,2025-06-11,448,189,0,189,0.422,0.0,21.7,21.7,LOW,0.0,0.0,0.0,0.0
35481340,AG6,Dormant - Excluded,EXCLUDED,1122,2025-07-08,421,183,0,183,0.435,0.0,21.6,21.6,LOW,0.0,0.0,0.0,0.0
35087425,AG6,Dormant - Excluded,EXCLUDED,1123,2025-06-23,436,186,0,186,0.427,0.0,21.6,21.6,LOW,0.0,0.0,0.0,0.0
34726018,AG6,Dormant - Excluded,EXCLUDED,1124,2025-06-04,455,189,0,189,0.415,0.0,21.6,21.6,LOW,0.0,0.0,0.0,0.0
34849447,AG6,Dormant - Excluded,EXCLUDED,1125,2025-06-10,449,189,0,189,0.421,0.0,21.6,21.6,LOW,0.0,0.0,0.0,0.0
33798168,AG6,Dormant - Excluded,EXCLUDED,1126,2025-04-26,494,195,0,195,0.395,0.0,21.6,21.6,LOW,0.0,0.0,0.0,0.0
35843539,AG6,Dormant - Excluded,EXCLUDED,1127,2025-07-20,409,180,0,180,0.44,0.0,21.5,21.5,LOW,0.0,0.0,0.0,0.0
34849395,AG6,Dormant - Excluded,EXCLUDED,1128,2025-06-11,448,187,0,187,0.417,0.0,21.5,21.5,LOW,0.0,0.0,0.0,0.0
34745724,AG6,Dormant - Excluded,EXCLUDED,1129,2025-06-06,453,188,0,188,0.415,0.0,21.5,21.5,LOW,0.0,0.0,0.0,0.0
34801285,AG6,Dormant - Excluded,EXCLUDED,1130,2025-06-07,452,188,0,188,0.416,0.0,21.5,21.5,LOW,0.0,0.0,0.0,0.0
34801180,AG6,Dormant - Excluded,EXCLUDED,1131,2025-06-09,450,188,0,188,0.418,0.0,21.5,21.5,LOW,0.0,0.0,0.0,0.0
34849390,AG6,Dormant - Excluded,EXCLUDED,1132,2025-06-11,448,188,0,188,0.42,0.0,21.5,21.5,LOW,0.0,0.0,0.0,0.0
34703885,AG6,Dormant - Excluded,EXCLUDED,1133,2025-06-03,456,189,0,189,0.414,0.0,21.5,21.5,LOW,0.0,0.0,0.0,0.0
41345551,AG6,Dormant - Excluded,EXCLUDED,1134,2026-04-13,142,51,0,51,0.359,0.0,21.4,21.4,LOW,0.0,0.0,0.0,0.0
35898416,AG6,Dormant - Excluded,EXCLUDED,1135,2025-07-24,405,179,0,179,0.442,0.0,21.4,21.4,LOW,0.0,0.0,0.0,0.0
34846756,AG6,Dormant - Excluded,EXCLUDED,1136,2025-06-11,448,186,0,186,0.415,0.0,21.4,21.4,LOW,0.0,0.0,0.0,0.0
34846759,AG6,Dormant - Excluded,EXCLUDED,1137,2025-06-11,448,186,0,186,0.415,0.0,21.4,21.4,LOW,0.0,0.0,0.0,0.0
34846765,AG6,Dormant - Excluded,EXCLUDED,1138,2025-06-11,448,186,0,186,0.415,0.0,21.4,21.4,LOW,0.0,0.0,0.0,0.0
39587462,AG6,Dormant - Excluded,EXCLUDED,1139,2026-01-23,222,106,0,106,0.477,0.0,21.3,21.3,LOW,0.0,0.0,0.0,0.0
35843427,AG6,Dormant - Excluded,EXCLUDED,1140,2025-07-21,408,179,0,179,0.439,0.0,21.3,21.3,LOW,0.0,0.0,0.0,0.0
35843464,AG6,Dormant - Excluded,EXCLUDED,1141,2025-07-21,408,179,0,179,0.439,0.0,21.3,21.3,LOW,0.0,0.0,0.0,0.0
34714170,AG6,Dormant - Excluded,EXCLUDED,1142,2025-06-04,455,187,0,187,0.411,0.0,21.3,21.3,LOW,0.0,0.0,0.0,0.0
35843492,AG6,Dormant - Excluded,EXCLUDED,1143,2025-07-21,408,177,0,177,0.434,0.0,21.2,21.2,LOW,0.0,0.0,0.0,0.0
34825614,AG6,Dormant - Excluded,EXCLUDED,1144,2025-06-09,450,185,0,185,0.411,0.0,21.2,21.2,LOW,0.0,0.0,0.0,0.0
34825590,AG6,Dormant - Excluded,EXCLUDED,1145,2025-06-10,449,185,0,185,0.412,0.0,21.2,21.2,LOW,0.0,0.0,0.0,0.0
34837933,AG6,Dormant - Excluded,EXCLUDED,1146,2025-06-11,448,185,0,185,0.413,0.0,21.2,21.2,LOW,0.0,0.0,0.0,0.0
34849393,AG6,Dormant - Excluded,EXCLUDED,1147,2025-06-11,448,185,0,185,0.413,0.0,21.2,21.2,LOW,0.0,0.0,0.0,0.0
34726020,AG6,Dormant - Excluded,EXCLUDED,1148,2025-06-04,455,185,0,185,0.407,0.0,21.1,21.1,LOW,0.0,0.0,0.0,0.0
34745715,AG6,Dormant - Excluded,EXCLUDED,1149,2025-06-06,453,185,0,185,0.408,0.0,21.1,21.1,LOW,0.0,0.0,0.0,0.0
34846922,AG6,Dormant - Excluded,EXCLUDED,1150,2025-06-10,449,183,0,183,0.408,0.0,21.0,21.0,LOW,0.0,0.0,0.0,0.0
34869116,AG6,Dormant - Excluded,EXCLUDED,1151,2025-06-12,447,183,0,183,0.409,0.0,21.0,21.0,LOW,0.0,0.0,0.0,0.0
35843756,AG6,Dormant - Excluded,EXCLUDED,1152,2025-07-21,408,175,0,175,0.429,0.0,20.9,20.9,LOW,0.0,0.0,0.0,0.0
35898407,AG6,Dormant - Excluded,EXCLUDED,1153,2025-07-23,406,175,0,175,0.431,0.0,20.9,20.9,LOW,0.0,0.0,0.0,0.0
35341416,AG6,Dormant - Excluded,EXCLUDED,1154,2025-07-03,426,179,0,179,0.42,0.0,20.9,20.9,LOW,0.0,0.0,0.0,0.0
34869119,AG6,Dormant - Excluded,EXCLUDED,1155,2025-06-12,447,182,0,182,0.407,0.0,20.9,20.9,LOW,0.0,0.0,0.0,0.0
34801305,AG6,Dormant - Excluded,EXCLUDED,1156,2025-06-07,452,183,0,183,0.405,0.0,20.9,20.9,LOW,0.0,0.0,0.0,0.0
34630401,AG6,Dormant - Excluded,EXCLUDED,1157,2025-05-31,459,184,0,184,0.401,0.0,20.9,20.9,LOW,0.0,0.0,0.0,0.0
34745727,AG6,Dormant - Excluded,EXCLUDED,1158,2025-06-05,454,184,0,184,0.405,0.0,20.9,20.9,LOW,0.0,0.0,0.0,0.0
41345567,AG6,Dormant - Excluded,EXCLUDED,1159,2026-04-13,142,47,0,47,0.331,0.0,20.8,20.8,LOW,0.0,0.0,0.0,0.0
34849392,AG6,Dormant - Excluded,EXCLUDED,1160,2025-06-10,449,182,0,182,0.405,0.0,20.8,20.8,LOW,0.0,0.0,0.0,0.0
34837984,AG6,Dormant - Excluded,EXCLUDED,1161,2025-06-11,448,182,0,182,0.406,0.0,20.8,20.8,LOW,0.0,0.0,0.0,0.0
34838025,AG6,Dormant - Excluded,EXCLUDED,1162,2025-06-11,448,182,0,182,0.406,0.0,20.8,20.8,LOW,0.0,0.0,0.0,0.0
34846728,AG6,Dormant - Excluded,EXCLUDED,1163,2025-06-11,448,182,0,182,0.406,0.0,20.8,20.8,LOW,0.0,0.0,0.0,0.0
34704173,AG6,Dormant - Excluded,EXCLUDED,1164,2025-06-03,456,183,0,183,0.401,0.0,20.8,20.8,LOW,0.0,0.0,0.0,0.0
34748985,AG6,Dormant - Excluded,EXCLUDED,1165,2025-06-06,453,183,0,183,0.404,0.0,20.8,20.8,LOW,0.0,0.0,0.0,0.0
35843590,AG6,Dormant - Excluded,EXCLUDED,1166,2025-07-21,408,174,0,174,0.426,0.0,20.7,20.7,LOW,0.0,0.0,0.0,0.0
35706238,AG6,Dormant - Excluded,EXCLUDED,1167,2025-07-16,413,175,0,175,0.424,0.0,20.7,20.7,LOW,0.0,0.0,0.0,0.0
34949471,AG6,Dormant - Excluded,EXCLUDED,1168,2025-06-16,443,180,0,180,0.406,0.0,20.7,20.7,LOW,0.0,0.0,0.0,0.0
34838030,AG6,Dormant - Excluded,EXCLUDED,1169,2025-06-11,448,181,0,181,0.404,0.0,20.7,20.7,LOW,0.0,0.0,0.0,0.0
34869111,AG6,Dormant - Excluded,EXCLUDED,1170,2025-06-12,447,181,0,181,0.405,0.0,20.7,20.7,LOW,0.0,0.0,0.0,0.0
35898426,AG6,Dormant - Excluded,EXCLUDED,1171,2025-07-24,405,172,0,172,0.425,0.0,20.6,20.6,LOW,0.0,0.0,0.0,0.0
35843782,AG6,Dormant - Excluded,EXCLUDED,1172,2025-07-21,408,173,0,173,0.424,0.0,20.6,20.6,LOW,0.0,0.0,0.0,0.0
35087423,AG6,Dormant - Excluded,EXCLUDED,1173,2025-06-23,436,178,0,178,0.408,0.0,20.6,20.6,LOW,0.0,0.0,0.0,0.0
34703861,AG6,Dormant - Excluded,EXCLUDED,1174,2025-06-03,456,181,0,181,0.397,0.0,20.6,20.6,LOW,0.0,0.0,0.0,0.0
34703956,AG6,Dormant - Excluded,EXCLUDED,1175,2025-06-04,455,181,0,181,0.398,0.0,20.6,20.6,LOW,0.0,0.0,0.0,0.0
36603185,AG6,Dormant - Excluded,EXCLUDED,1176,2025-08-26,372,165,0,165,0.444,0.0,20.5,20.5,LOW,0.0,0.0,0.0,0.0
34714146,AG6,Dormant - Excluded,EXCLUDED,1177,2025-06-04,455,180,0,180,0.396,0.0,20.5,20.5,LOW,0.0,0.0,0.0,0.0
34714160,AG6,Dormant - Excluded,EXCLUDED,1178,2025-06-04,455,180,0,180,0.396,0.0,20.5,20.5,LOW,0.0,0.0,0.0,0.0
36225650,AG6,Dormant - Excluded,EXCLUDED,1179,2025-08-05,393,168,0,168,0.427,0.0,20.4,20.4,LOW,0.0,0.0,0.0,0.0
34783273,AG6,Dormant - Excluded,EXCLUDED,1180,2025-06-06,453,179,0,179,0.395,0.0,20.4,20.4,LOW,0.0,0.0,0.0,0.0
34801296,AG6,Dormant - Excluded,EXCLUDED,1181,2025-06-07,452,179,0,179,0.396,0.0,20.4,20.4,LOW,0.0,0.0,0.0,0.0
34703790,AG6,Dormant - Excluded,EXCLUDED,1182,2025-06-03,456,180,0,180,0.395,0.0,20.4,20.4,LOW,0.0,0.0,0.0,0.0
34704217,AG6,Dormant - Excluded,EXCLUDED,1183,2025-06-03,456,180,0,180,0.395,0.0,20.4,20.4,LOW,0.0,0.0,0.0,0.0
35334493,AG6,Dormant - Excluded,EXCLUDED,1184,2025-07-03,426,174,0,174,0.408,0.0,20.3,20.3,LOW,0.0,0.0,0.0,0.0
35087617,AG6,Dormant - Excluded,EXCLUDED,1185,2025-06-23,436,176,0,176,0.404,0.0,20.3,20.3,LOW,0.0,0.0,0.0,0.0
34869101,AG6,Dormant - Excluded,EXCLUDED,1186,2025-06-11,448,178,0,178,0.397,0.0,20.3,20.3,LOW,0.0,0.0,0.0,0.0
34630386,AG6,Dormant - Excluded,EXCLUDED,1187,2025-05-31,459,179,0,179,0.39,0.0,20.3,20.3,LOW,0.0,0.0,0.0,0.0
34704051,AG6,Dormant - Excluded,EXCLUDED,1188,2025-06-03,456,179,0,179,0.393,0.0,20.3,20.3,LOW,0.0,0.0,0.0,0.0
34469736,AG6,Dormant - Excluded,EXCLUDED,1189,2025-05-26,464,180,0,180,0.388,0.0,20.3,20.3,LOW,0.0,0.0,0.0,0.0
35843687,AG6,Dormant - Excluded,EXCLUDED,1190,2025-07-21,408,170,0,170,0.417,0.0,20.2,20.2,LOW,0.0,0.0,0.0,0.0
35843764,AG6,Dormant - Excluded,EXCLUDED,1191,2025-07-21,408,170,0,170,0.417,0.0,20.2,20.2,LOW,0.0,0.0,0.0,0.0
34869086,AG6,Dormant - Excluded,EXCLUDED,1192,2025-06-12,447,176,0,176,0.394,0.0,20.2,20.2,LOW,0.0,0.0,0.0,0.0
34745743,AG6,Dormant - Excluded,EXCLUDED,1193,2025-06-05,454,178,0,178,0.392,0.0,20.2,20.2,LOW,0.0,0.0,0.0,0.0
34783232,AG6,Dormant - Excluded,EXCLUDED,1194,2025-06-06,453,178,0,178,0.393,0.0,20.2,20.2,LOW,0.0,0.0,0.0,0.0
36603196,AG6,Dormant - Excluded,EXCLUDED,1195,2025-08-26,372,161,0,161,0.433,0.0,20.1,20.1,LOW,0.0,0.0,0.0,0.0
35706452,AG6,Dormant - Excluded,EXCLUDED,1196,2025-07-16,413,170,0,170,0.412,0.0,20.1,20.1,LOW,0.0,0.0,0.0,0.0
35087342,AG6,Dormant - Excluded,EXCLUDED,1197,2025-06-23,436,174,0,174,0.399,0.0,20.1,20.1,LOW,0.0,0.0,0.0,0.0
35087989,AG6,Dormant - Excluded,EXCLUDED,1198,2025-06-23,436,174,0,174,0.399,0.0,20.1,20.1,LOW,0.0,0.0,0.0,0.0
34869103,AG6,Dormant - Excluded,EXCLUDED,1199,2025-06-11,448,176,0,176,0.393,0.0,20.1,20.1,LOW,0.0,0.0,0.0,0.0
34704320,AG6,Dormant - Excluded,EXCLUDED,1200,2025-06-03,456,177,0,177,0.388,0.0,20.1,20.1,LOW,0.0,0.0,0.0,0.0
34726091,AG6,Dormant - Excluded,EXCLUDED,1201,2025-06-04,455,177,0,177,0.389,0.0,20.1,20.1,LOW,0.0,0.0,0.0,0.0
34745784,AG6,Dormant - Excluded,EXCLUDED,1202,2025-06-06,453,177,0,177,0.391,0.0,20.1,20.1,LOW,0.0,0.0,0.0,0.0
34630395,AG6,Dormant - Excluded,EXCLUDED,1203,2025-05-31,459,178,0,178,0.388,0.0,20.1,20.1,LOW,0.0,0.0,0.0,0.0
35843637,AG6,Dormant - Excluded,EXCLUDED,1204,2025-07-21,408,168,0,168,0.412,0.0,20.0,20.0,LOW,0.0,0.0,0.0,0.0
34949273,AG6,Dormant - Excluded,EXCLUDED,1205,2025-06-16,443,174,0,174,0.393,0.0,20.0,20.0,LOW,0.0,0.0,0.0,0.0
34825664,AG6,Dormant - Excluded,EXCLUDED,1206,2025-06-10,449,175,0,175,0.39,0.0,20.0,20.0,LOW,0.0,0.0,0.0,0.0
34869107,AG6,Dormant - Excluded,EXCLUDED,1207,2025-06-12,447,175,0,175,0.391,0.0,20.0,20.0,LOW,0.0,0.0,0.0,0.0
36226441,AG6,Dormant - Excluded,EXCLUDED,1208,2025-08-05,393,165,0,165,0.42,0.0,19.9,19.9,LOW,0.0,0.0,0.0,0.0
35843770,AG6,Dormant - Excluded,EXCLUDED,1209,2025-07-21,408,167,0,167,0.409,0.0,19.9,19.9,LOW,0.0,0.0,0.0,0.0
35482000,AG6,Dormant - Excluded,EXCLUDED,1210,2025-07-08,421,170,0,170,0.404,0.0,19.9,19.9,LOW,0.0,0.0,0.0,0.0
34611051,AG6,Dormant - Excluded,EXCLUDED,1211,2025-05-31,459,176,0,176,0.383,0.0,19.9,19.9,LOW,0.0,0.0,0.0,0.0
35087951,AG6,Dormant - Excluded,EXCLUDED,1212,2025-06-23,436,171,0,171,0.392,0.0,19.8,19.8,LOW,0.0,0.0,0.0,0.0
34745746,AG6,Dormant - Excluded,EXCLUDED,1213,2025-06-05,454,174,0,174,0.383,0.0,19.8,19.8,LOW,0.0,0.0,0.0,0.0
34846856,AG6,Dormant - Excluded,EXCLUDED,1214,2025-06-10,449,174,0,174,0.388,0.0,19.8,19.8,LOW,0.0,0.0,0.0,0.0
34481779,AG6,Dormant - Excluded,EXCLUDED,1215,2025-05-28,462,175,0,175,0.379,0.0,19.8,19.8,LOW,0.0,0.0,0.0,0.0
35843710,AG6,Dormant - Excluded,EXCLUDED,1216,2025-07-21,408,166,0,166,0.407,0.0,19.7,19.7,LOW,0.0,0.0,0.0,0.0
35843895,AG6,Dormant - Excluded,EXCLUDED,1217,2025-07-21,408,166,0,166,0.407,0.0,19.7,19.7,LOW,0.0,0.0,0.0,0.0
35705880,AG6,Dormant - Excluded,EXCLUDED,1218,2025-07-16,413,167,0,167,0.404,0.0,19.7,19.7,LOW,0.0,0.0,0.0,0.0
35334450,AG6,Dormant - Excluded,EXCLUDED,1219,2025-07-03,426,169,0,169,0.397,0.0,19.7,19.7,LOW,0.0,0.0,0.0,0.0
34837986,AG6,Dormant - Excluded,EXCLUDED,1220,2025-06-11,448,172,0,172,0.384,0.0,19.7,19.7,LOW,0.0,0.0,0.0,0.0
34949761,AG6,Dormant - Excluded,EXCLUDED,1221,2025-06-16,443,172,0,172,0.388,0.0,19.7,19.7,LOW,0.0,0.0,0.0,0.0
34846845,AG6,Dormant - Excluded,EXCLUDED,1222,2025-06-10,449,173,0,173,0.385,0.0,19.7,19.7,LOW,0.0,0.0,0.0,0.0
34703951,AG6,Dormant - Excluded,EXCLUDED,1223,2025-06-03,456,174,0,174,0.382,0.0,19.7,19.7,LOW,0.0,0.0,0.0,0.0
34869081,AG6,Dormant - Excluded,EXCLUDED,1224,2025-06-12,447,171,0,171,0.383,0.0,19.6,19.6,LOW,0.0,0.0,0.0,0.0
34949560,AG6,Dormant - Excluded,EXCLUDED,1225,2025-06-16,443,171,0,171,0.386,0.0,19.6,19.6,LOW,0.0,0.0,0.0,0.0
34745718,AG6,Dormant - Excluded,EXCLUDED,1226,2025-06-05,454,172,0,172,0.379,0.0,19.6,19.6,LOW,0.0,0.0,0.0,0.0
34849479,AG6,Dormant - Excluded,EXCLUDED,1227,2025-06-10,449,172,0,172,0.383,0.0,19.6,19.6,LOW,0.0,0.0,0.0,0.0
34703893,AG6,Dormant - Excluded,EXCLUDED,1228,2025-06-03,456,173,0,173,0.379,0.0,19.6,19.6,LOW,0.0,0.0,0.0,0.0
41345549,AG6,Dormant - Excluded,EXCLUDED,1229,2026-04-13,142,40,0,40,0.282,0.0,19.5,19.5,LOW,0.0,0.0,0.0,0.0
35843429,AG6,Dormant - Excluded,EXCLUDED,1230,2025-07-21,408,164,0,164,0.402,0.0,19.5,19.5,LOW,0.0,0.0,0.0,0.0
35087903,AG6,Dormant - Excluded,EXCLUDED,1231,2025-06-23,436,169,0,169,0.388,0.0,19.5,19.5,LOW,0.0,0.0,0.0,0.0
34949266,AG6,Dormant - Excluded,EXCLUDED,1232,2025-06-16,443,170,0,170,0.384,0.0,19.5,19.5,LOW,0.0,0.0,0.0,0.0
34745761,AG6,Dormant - Excluded,EXCLUDED,1233,2025-06-05,454,171,0,171,0.377,0.0,19.5,19.5,LOW,0.0,0.0,0.0,0.0
36225653,AG6,Dormant - Excluded,EXCLUDED,1234,2025-08-05,393,160,0,160,0.407,0.0,19.4,19.4,LOW,0.0,0.0,0.0,0.0
35843670,AG6,Dormant - Excluded,EXCLUDED,1235,2025-07-21,408,163,0,163,0.4,0.0,19.4,19.4,LOW,0.0,0.0,0.0,0.0
34825598,AG6,Dormant - Excluded,EXCLUDED,1236,2025-06-10,449,170,0,170,0.379,0.0,19.4,19.4,LOW,0.0,0.0,0.0,0.0
34837953,AG6,Dormant - Excluded,EXCLUDED,1237,2025-06-11,448,170,0,170,0.379,0.0,19.4,19.4,LOW,0.0,0.0,0.0,0.0
34837975,AG6,Dormant - Excluded,EXCLUDED,1238,2025-06-11,448,170,0,170,0.379,0.0,19.4,19.4,LOW,0.0,0.0,0.0,0.0
34838027,AG6,Dormant - Excluded,EXCLUDED,1239,2025-06-11,448,170,0,170,0.379,0.0,19.4,19.4,LOW,0.0,0.0,0.0,0.0
34481772,AG6,Dormant - Excluded,EXCLUDED,1240,2025-05-28,462,171,0,171,0.37,0.0,19.4,19.4,LOW,0.0,0.0,0.0,0.0
34825606,AG6,Dormant - Excluded,EXCLUDED,1241,2025-06-10,449,169,0,169,0.376,0.0,19.3,19.3,LOW,0.0,0.0,0.0,0.0
34704243,AG6,Dormant - Excluded,EXCLUDED,1242,2025-06-03,456,170,0,170,0.373,0.0,19.3,19.3,LOW,0.0,0.0,0.0,0.0
34745740,AG6,Dormant - Excluded,EXCLUDED,1243,2025-06-05,454,170,0,170,0.374,0.0,19.3,19.3,LOW,0.0,0.0,0.0,0.0
35087419,AG6,Dormant - Excluded,EXCLUDED,1244,2025-06-23,436,166,0,166,0.381,0.0,19.2,19.2,LOW,0.0,0.0,0.0,0.0
34949556,AG6,Dormant - Excluded,EXCLUDED,1245,2025-06-16,443,167,0,167,0.377,0.0,19.2,19.2,LOW,0.0,0.0,0.0,0.0
34837959,AG6,Dormant - Excluded,EXCLUDED,1246,2025-06-11,448,168,0,168,0.375,0.0,19.2,19.2,LOW,0.0,0.0,0.0,0.0
33809286,AG6,Dormant - Excluded,EXCLUDED,1247,2025-04-26,494,172,0,172,0.348,0.0,19.2,19.2,LOW,0.0,0.0,0.0,0.0
35334439,AG6,Dormant - Excluded,EXCLUDED,1248,2025-07-03,426,163,0,163,0.383,0.0,19.0,19.0,LOW,0.0,0.0,0.0,0.0
34745736,AG6,Dormant - Excluded,EXCLUDED,1249,2025-06-06,453,166,0,166,0.366,0.0,19.0,19.0,LOW,0.0,0.0,0.0,0.0
34703876,AG6,Dormant - Excluded,EXCLUDED,1250,2025-06-03,456,167,0,167,0.366,0.0,19.0,19.0,LOW,0.0,0.0,0.0,0.0
36603236,AG6,Dormant - Excluded,EXCLUDED,1251,2025-08-26,372,152,0,152,0.409,0.0,18.9,18.9,LOW,0.0,0.0,0.0,0.0
35843681,AG6,Dormant - Excluded,EXCLUDED,1252,2025-07-21,408,159,0,159,0.39,0.0,18.9,18.9,LOW,0.0,0.0,0.0,0.0
34949699,AG6,Dormant - Excluded,EXCLUDED,1253,2025-06-16,443,164,0,164,0.37,0.0,18.9,18.9,LOW,0.0,0.0,0.0,0.0
34704103,AG6,Dormant - Excluded,EXCLUDED,1254,2025-06-03,456,166,0,166,0.364,0.0,18.9,18.9,LOW,0.0,0.0,0.0,0.0
36764593,AG6,Dormant - Excluded,EXCLUDED,1255,2025-09-04,363,113,0,113,0.311,0.0,18.8,18.8,LOW,0.0,0.0,0.0,0.0
34949269,AG6,Dormant - Excluded,EXCLUDED,1256,2025-06-16,443,163,0,163,0.368,0.0,18.8,18.8,LOW,0.0,0.0,0.0,0.0
34949527,AG6,Dormant - Excluded,EXCLUDED,1257,2025-06-16,443,163,0,163,0.368,0.0,18.8,18.8,LOW,0.0,0.0,0.0,0.0
34704277,AG6,Dormant - Excluded,EXCLUDED,1258,2025-06-03,456,164,0,164,0.36,0.0,18.8,18.8,LOW,0.0,0.0,0.0,0.0
34703866,AG6,Dormant - Excluded,EXCLUDED,1259,2025-06-03,456,165,0,165,0.362,0.0,18.8,18.8,LOW,0.0,0.0,0.0,0.0
34714114,AG6,Dormant - Excluded,EXCLUDED,1260,2025-06-04,455,165,0,165,0.363,0.0,18.8,18.8,LOW,0.0,0.0,0.0,0.0
36225615,AG6,Dormant - Excluded,EXCLUDED,1261,2025-08-06,392,154,0,154,0.393,0.0,18.7,18.7,LOW,0.0,0.0,0.0,0.0
35843731,AG6,Dormant - Excluded,EXCLUDED,1262,2025-07-21,408,157,0,157,0.385,0.0,18.7,18.7,LOW,0.0,0.0,0.0,0.0
35706255,AG6,Dormant - Excluded,EXCLUDED,1263,2025-07-16,413,158,0,158,0.383,0.0,18.7,18.7,LOW,0.0,0.0,0.0,0.0
35334525,AG6,Dormant - Excluded,EXCLUDED,1264,2025-07-04,425,159,0,159,0.374,0.0,18.7,18.7,LOW,0.0,0.0,0.0,0.0
35087783,AG6,Dormant - Excluded,EXCLUDED,1265,2025-06-23,436,161,0,161,0.369,0.0,18.7,18.7,LOW,0.0,0.0,0.0,0.0
34704079,AG6,Dormant - Excluded,EXCLUDED,1266,2025-06-04,455,163,0,163,0.358,0.0,18.7,18.7,LOW,0.0,0.0,0.0,0.0
34714111,AG6,Dormant - Excluded,EXCLUDED,1267,2025-06-04,455,163,0,163,0.358,0.0,18.7,18.7,LOW,0.0,0.0,0.0,0.0
34726092,AG6,Dormant - Excluded,EXCLUDED,1268,2025-06-04,455,163,0,163,0.358,0.0,18.7,18.7,LOW,0.0,0.0,0.0,0.0
36225623,AG6,Dormant - Excluded,EXCLUDED,1269,2025-08-05,393,153,0,153,0.389,0.0,18.6,18.6,LOW,0.0,0.0,0.0,0.0
36225625,AG6,Dormant - Excluded,EXCLUDED,1270,2025-08-05,393,153,0,153,0.389,0.0,18.6,18.6,LOW,0.0,0.0,0.0,0.0
35843552,AG6,Dormant - Excluded,EXCLUDED,1271,2025-07-21,408,155,0,155,0.38,0.0,18.6,18.6,LOW,0.0,0.0,0.0,0.0
34949588,AG6,Dormant - Excluded,EXCLUDED,1272,2025-06-16,443,161,0,161,0.363,0.0,18.6,18.6,LOW,0.0,0.0,0.0,0.0
34703829,AG6,Dormant - Excluded,EXCLUDED,1273,2025-06-03,456,162,0,162,0.355,0.0,18.6,18.6,LOW,0.0,0.0,0.0,0.0
34745726,AG6,Dormant - Excluded,EXCLUDED,1274,2025-06-06,453,162,0,162,0.358,0.0,18.6,18.6,LOW,0.0,0.0,0.0,0.0
34846751,AG6,Dormant - Excluded,EXCLUDED,1275,2025-06-10,449,162,0,162,0.361,0.0,18.6,18.6,LOW,0.0,0.0,0.0,0.0
34838018,AG6,Dormant - Excluded,EXCLUDED,1276,2025-06-11,448,160,0,160,0.357,0.0,18.5,18.5,LOW,0.0,0.0,0.0,0.0
34869114,AG6,Dormant - Excluded,EXCLUDED,1277,2025-06-11,448,160,0,160,0.357,0.0,18.5,18.5,LOW,0.0,0.0,0.0,0.0
34749017,AG6,Dormant - Excluded,EXCLUDED,1278,2025-06-06,453,161,0,161,0.355,0.0,18.5,18.5,LOW,0.0,0.0,0.0,0.0
39587438,AG6,Dormant - Excluded,EXCLUDED,1279,2026-01-23,222,90,0,90,0.405,0.0,18.4,18.4,LOW,0.0,0.0,0.0,0.0
34949633,AG6,Dormant - Excluded,EXCLUDED,1280,2025-06-16,443,158,0,158,0.357,0.0,18.4,18.4,LOW,0.0,0.0,0.0,0.0
34837944,AG6,Dormant - Excluded,EXCLUDED,1281,2025-06-11,448,159,0,159,0.355,0.0,18.4,18.4,LOW,0.0,0.0,0.0,0.0
41345539,AG6,Dormant - Excluded,EXCLUDED,1282,2026-04-13,142,34,0,34,0.239,0.0,18.3,18.3,LOW,0.0,0.0,0.0,0.0
41345572,AG6,Dormant - Excluded,EXCLUDED,1283,2026-04-13,142,34,0,34,0.239,0.0,18.3,18.3,LOW,0.0,0.0,0.0,0.0
36603216,AG6,Dormant - Excluded,EXCLUDED,1284,2025-08-26,372,147,0,147,0.395,0.0,18.3,18.3,LOW,0.0,0.0,0.0,0.0
35481401,AG6,Dormant - Excluded,EXCLUDED,1285,2025-07-08,421,154,0,154,0.366,0.0,18.3,18.3,LOW,0.0,0.0,0.0,0.0
34714147,AG6,Dormant - Excluded,EXCLUDED,1286,2025-06-04,455,158,0,158,0.347,0.0,18.3,18.3,LOW,0.0,0.0,0.0,0.0
34745737,AG6,Dormant - Excluded,EXCLUDED,1287,2025-06-05,454,158,0,158,0.348,0.0,18.3,18.3,LOW,0.0,0.0,0.0,0.0
34846730,AG6,Dormant - Excluded,EXCLUDED,1288,2025-06-11,448,158,0,158,0.353,0.0,18.3,18.3,LOW,0.0,0.0,0.0,0.0
34611017,AG6,Dormant - Excluded,EXCLUDED,1289,2025-05-30,460,159,0,159,0.346,0.0,18.3,18.3,LOW,0.0,0.0,0.0,0.0
34704206,AG6,Dormant - Excluded,EXCLUDED,1290,2025-06-04,455,159,0,159,0.349,0.0,18.3,18.3,LOW,0.0,0.0,0.0,0.0
32415567,AG6,Dormant - Excluded,EXCLUDED,1291,2025-01-21,589,174,0,174,0.295,0.0,18.3,18.3,LOW,0.0,0.0,0.0,0.0
35843530,AG6,Dormant - Excluded,EXCLUDED,1292,2025-07-21,408,152,0,152,0.373,0.0,18.2,18.2,LOW,0.0,0.0,0.0,0.0
35843866,AG6,Dormant - Excluded,EXCLUDED,1293,2025-07-21,408,152,0,152,0.373,0.0,18.2,18.2,LOW,0.0,0.0,0.0,0.0
34949594,AG6,Dormant - Excluded,EXCLUDED,1294,2025-06-16,443,155,0,155,0.35,0.0,18.2,18.2,LOW,0.0,0.0,0.0,0.0
34949617,AG6,Dormant - Excluded,EXCLUDED,1295,2025-06-16,443,155,0,155,0.35,0.0,18.2,18.2,LOW,0.0,0.0,0.0,0.0
34745739,AG6,Dormant - Excluded,EXCLUDED,1296,2025-06-05,454,157,0,157,0.346,0.0,18.2,18.2,LOW,0.0,0.0,0.0,0.0
34748996,AG6,Dormant - Excluded,EXCLUDED,1297,2025-06-06,453,155,0,155,0.342,0.0,18.1,18.1,LOW,0.0,0.0,0.0,0.0
34749015,AG6,Dormant - Excluded,EXCLUDED,1298,2025-06-06,453,155,0,155,0.342,0.0,18.1,18.1,LOW,0.0,0.0,0.0,0.0
34801295,AG6,Dormant - Excluded,EXCLUDED,1299,2025-06-09,450,155,0,155,0.344,0.0,18.1,18.1,LOW,0.0,0.0,0.0,0.0
34714051,AG6,Dormant - Excluded,EXCLUDED,1300,2025-06-03,456,156,0,156,0.342,0.0,18.1,18.1,LOW,0.0,0.0,0.0,0.0
41345553,AG6,Dormant - Excluded,EXCLUDED,1301,2026-04-13,142,32,0,32,0.225,0.0,18.0,18.0,LOW,0.0,0.0,0.0,0.0
34825621,AG6,Dormant - Excluded,EXCLUDED,1302,2025-06-10,449,154,0,154,0.343,0.0,18.0,18.0,LOW,0.0,0.0,0.0,0.0
34704082,AG6,Dormant - Excluded,EXCLUDED,1303,2025-06-03,456,155,0,155,0.34,0.0,18.0,18.0,LOW,0.0,0.0,0.0,0.0
34745723,AG6,Dormant - Excluded,EXCLUDED,1304,2025-06-05,454,155,0,155,0.341,0.0,18.0,18.0,LOW,0.0,0.0,0.0,0.0
34469782,AG6,Dormant - Excluded,EXCLUDED,1305,2025-05-26,464,156,0,156,0.336,0.0,18.0,18.0,LOW,0.0,0.0,0.0,0.0
32415563,AG6,Dormant - Excluded,EXCLUDED,1306,2025-01-22,588,171,0,171,0.291,0.0,18.0,18.0,LOW,0.0,0.0,0.0,0.0
35843671,AG6,Dormant - Excluded,EXCLUDED,1307,2025-07-21,408,149,0,149,0.365,0.0,17.9,17.9,LOW,0.0,0.0,0.0,0.0
34801344,AG6,Dormant - Excluded,EXCLUDED,1308,2025-06-09,450,153,0,153,0.34,0.0,17.9,17.9,LOW,0.0,0.0,0.0,0.0
35334337,AG6,Dormant - Excluded,EXCLUDED,1309,2025-07-02,427,150,0,150,0.351,0.0,17.8,17.8,LOW,0.0,0.0,0.0,0.0
34949857,AG6,Dormant - Excluded,EXCLUDED,1310,2025-06-16,443,152,0,152,0.343,0.0,17.8,17.8,LOW,0.0,0.0,0.0,0.0
34703832,AG6,Dormant - Excluded,EXCLUDED,1311,2025-06-03,456,153,0,153,0.336,0.0,17.8,17.8,LOW,0.0,0.0,0.0,0.0
34726095,AG6,Dormant - Excluded,EXCLUDED,1312,2025-06-04,455,153,0,153,0.336,0.0,17.8,17.8,LOW,0.0,0.0,0.0,0.0
34749012,AG6,Dormant - Excluded,EXCLUDED,1313,2025-06-05,454,153,0,153,0.337,0.0,17.8,17.8,LOW,0.0,0.0,0.0,0.0
34749013,AG6,Dormant - Excluded,EXCLUDED,1314,2025-06-05,454,153,0,153,0.337,0.0,17.8,17.8,LOW,0.0,0.0,0.0,0.0
34749009,AG6,Dormant - Excluded,EXCLUDED,1315,2025-06-06,453,153,0,153,0.338,0.0,17.8,17.8,LOW,0.0,0.0,0.0,0.0
41345550,AG6,Dormant - Excluded,EXCLUDED,1316,2026-04-13,142,31,0,31,0.218,0.0,17.7,17.7,LOW,0.0,0.0,0.0,0.0
36764513,AG6,Dormant - Excluded,EXCLUDED,1317,2025-09-04,363,106,0,106,0.292,0.0,17.7,17.7,LOW,0.0,0.0,0.0,0.0
34745710,AG6,Dormant - Excluded,EXCLUDED,1318,2025-06-05,454,152,0,152,0.335,0.0,17.7,17.7,LOW,0.0,0.0,0.0,0.0
34792105,AG6,Dormant - Excluded,EXCLUDED,1319,2025-06-06,453,152,0,152,0.336,0.0,17.7,17.7,LOW,0.0,0.0,0.0,0.0
34801337,AG6,Dormant - Excluded,EXCLUDED,1320,2025-06-09,450,152,0,152,0.338,0.0,17.7,17.7,LOW,0.0,0.0,0.0,0.0
34481787,AG6,Dormant - Excluded,EXCLUDED,1321,2025-05-26,464,153,0,153,0.33,0.0,17.7,17.7,LOW,0.0,0.0,0.0,0.0
35087988,AG6,Dormant - Excluded,EXCLUDED,1322,2025-06-23,436,149,0,149,0.342,0.0,17.6,17.6,LOW,0.0,0.0,0.0,0.0
34714140,AG6,Dormant - Excluded,EXCLUDED,1323,2025-06-04,455,151,0,151,0.332,0.0,17.6,17.6,LOW,0.0,0.0,0.0,0.0
34748980,AG6,Dormant - Excluded,EXCLUDED,1324,2025-06-05,454,151,0,151,0.333,0.0,17.6,17.6,LOW,0.0,0.0,0.0,0.0
34748988,AG6,Dormant - Excluded,EXCLUDED,1325,2025-06-05,454,151,0,151,0.333,0.0,17.6,17.6,LOW,0.0,0.0,0.0,0.0
34846719,AG6,Dormant - Excluded,EXCLUDED,1326,2025-06-11,448,151,0,151,0.337,0.0,17.6,17.6,LOW,0.0,0.0,0.0,0.0
36225589,AG6,Dormant - Excluded,EXCLUDED,1327,2025-08-06,392,143,0,143,0.365,0.0,17.5,17.5,LOW,0.0,0.0,0.0,0.0
34846907,AG6,Dormant - Excluded,EXCLUDED,1328,2025-06-10,449,149,0,149,0.332,0.0,17.5,17.5,LOW,0.0,0.0,0.0,0.0
34792254,AG6,Dormant - Excluded,EXCLUDED,1329,2025-06-07,452,150,0,150,0.332,0.0,17.5,17.5,LOW,0.0,0.0,0.0,0.0
34611075,AG6,Dormant - Excluded,EXCLUDED,1330,2025-05-31,459,151,0,151,0.329,0.0,17.5,17.5,LOW,0.0,0.0,0.0,0.0
36225626,AG6,Dormant - Excluded,EXCLUDED,1331,2025-08-05,393,143,0,143,0.364,0.0,17.4,17.4,LOW,0.0,0.0,0.0,0.0
35843339,AG6,Dormant - Excluded,EXCLUDED,1332,2025-07-20,409,144,0,144,0.352,0.0,17.4,17.4,LOW,0.0,0.0,0.0,0.0
35843545,AG6,Dormant - Excluded,EXCLUDED,1333,2025-07-21,408,144,0,144,0.353,0.0,17.4,17.4,LOW,0.0,0.0,0.0,0.0
34949751,AG6,Dormant - Excluded,EXCLUDED,1334,2025-06-16,443,147,0,147,0.332,0.0,17.3,17.3,LOW,0.0,0.0,0.0,0.0
34749005,AG6,Dormant - Excluded,EXCLUDED,1335,2025-06-05,454,148,0,148,0.326,0.0,17.3,17.3,LOW,0.0,0.0,0.0,0.0
34846936,AG6,Dormant - Excluded,EXCLUDED,1336,2025-06-10,449,148,0,148,0.33,0.0,17.3,17.3,LOW,0.0,0.0,0.0,0.0
34714057,AG6,Dormant - Excluded,EXCLUDED,1337,2025-06-03,456,149,0,149,0.327,0.0,17.3,17.3,LOW,0.0,0.0,0.0,0.0
34949641,AG6,Dormant - Excluded,EXCLUDED,1338,2025-06-16,443,146,0,146,0.33,0.0,17.2,17.2,LOW,0.0,0.0,0.0,0.0
34949674,AG6,Dormant - Excluded,EXCLUDED,1339,2025-06-16,443,146,0,146,0.33,0.0,17.2,17.2,LOW,0.0,0.0,0.0,0.0
34837965,AG6,Dormant - Excluded,EXCLUDED,1340,2025-06-10,449,147,0,147,0.327,0.0,17.2,17.2,LOW,0.0,0.0,0.0,0.0
34846743,AG6,Dormant - Excluded,EXCLUDED,1341,2025-06-11,448,147,0,147,0.328,0.0,17.2,17.2,LOW,0.0,0.0,0.0,0.0
34703827,AG6,Dormant - Excluded,EXCLUDED,1342,2025-06-03,456,148,0,148,0.325,0.0,17.2,17.2,LOW,0.0,0.0,0.0,0.0
34704188,AG6,Dormant - Excluded,EXCLUDED,1343,2025-06-03,456,148,0,148,0.325,0.0,17.2,17.2,LOW,0.0,0.0,0.0,0.0
34726078,AG6,Dormant - Excluded,EXCLUDED,1344,2025-06-04,455,148,0,148,0.325,0.0,17.2,17.2,LOW,0.0,0.0,0.0,0.0
34837982,AG6,Dormant - Excluded,EXCLUDED,1345,2025-06-11,448,146,0,146,0.326,0.0,17.1,17.1,LOW,0.0,0.0,0.0,0.0
34714141,AG6,Dormant - Excluded,EXCLUDED,1346,2025-06-04,455,147,0,147,0.323,0.0,17.1,17.1,LOW,0.0,0.0,0.0,0.0
34726085,AG6,Dormant - Excluded,EXCLUDED,1347,2025-06-04,455,147,0,147,0.323,0.0,17.1,17.1,LOW,0.0,0.0,0.0,0.0
34726102,AG6,Dormant - Excluded,EXCLUDED,1348,2025-06-04,455,147,0,147,0.323,0.0,17.1,17.1,LOW,0.0,0.0,0.0,0.0
34745709,AG6,Dormant - Excluded,EXCLUDED,1349,2025-06-05,454,147,0,147,0.324,0.0,17.1,17.1,LOW,0.0,0.0,0.0,0.0
33815643,AG6,Dormant - Excluded,EXCLUDED,1350,2025-04-26,494,152,0,152,0.308,0.0,17.1,17.1,LOW,0.0,0.0,0.0,0.0
35843512,AG6,Dormant - Excluded,EXCLUDED,1351,2025-07-21,408,140,0,140,0.343,0.0,17.0,17.0,LOW,0.0,0.0,0.0,0.0
34949208,AG6,Dormant - Excluded,EXCLUDED,1352,2025-06-16,443,145,0,145,0.327,0.0,17.0,17.0,LOW,0.0,0.0,0.0,0.0
34801332,AG6,Dormant - Excluded,EXCLUDED,1353,2025-06-09,450,146,0,146,0.324,0.0,17.0,17.0,LOW,0.0,0.0,0.0,0.0
34837942,AG6,Dormant - Excluded,EXCLUDED,1354,2025-06-10,449,146,0,146,0.325,0.0,17.0,17.0,LOW,0.0,0.0,0.0,0.0
34846738,AG6,Dormant - Excluded,EXCLUDED,1355,2025-06-10,449,145,0,145,0.323,0.0,16.9,16.9,LOW,0.0,0.0,0.0,0.0
34846919,AG6,Dormant - Excluded,EXCLUDED,1356,2025-06-10,449,145,0,145,0.323,0.0,16.9,16.9,LOW,0.0,0.0,0.0,0.0
34714163,AG6,Dormant - Excluded,EXCLUDED,1357,2025-06-04,455,146,0,146,0.321,0.0,16.9,16.9,LOW,0.0,0.0,0.0,0.0
35843805,AG6,Dormant - Excluded,EXCLUDED,1358,2025-07-21,408,138,0,138,0.338,0.0,16.8,16.8,LOW,0.0,0.0,0.0,0.0
35087695,AG6,Dormant - Excluded,EXCLUDED,1359,2025-06-23,436,142,0,142,0.326,0.0,16.8,16.8,LOW,0.0,0.0,0.0,0.0
35088043,AG6,Dormant - Excluded,EXCLUDED,1360,2025-06-23,436,142,0,142,0.326,0.0,16.8,16.8,LOW,0.0,0.0,0.0,0.0
34825557,AG6,Dormant - Excluded,EXCLUDED,1361,2025-06-10,449,144,0,144,0.321,0.0,16.8,16.8,LOW,0.0,0.0,0.0,0.0
34703788,AG6,Dormant - Excluded,EXCLUDED,1362,2025-06-03,456,145,0,145,0.318,0.0,16.8,16.8,LOW,0.0,0.0,0.0,0.0
34792183,AG6,Dormant - Excluded,EXCLUDED,1363,2025-06-07,452,145,0,145,0.321,0.0,16.8,16.8,LOW,0.0,0.0,0.0,0.0
35334243,AG6,Dormant - Excluded,EXCLUDED,1364,2025-07-02,427,140,0,140,0.328,0.0,16.7,16.7,LOW,0.0,0.0,0.0,0.0
34825627,AG6,Dormant - Excluded,EXCLUDED,1365,2025-06-10,449,143,0,143,0.318,0.0,16.7,16.7,LOW,0.0,0.0,0.0,0.0
34837947,AG6,Dormant - Excluded,EXCLUDED,1366,2025-06-11,448,143,0,143,0.319,0.0,16.7,16.7,LOW,0.0,0.0,0.0,0.0
34846734,AG6,Dormant - Excluded,EXCLUDED,1367,2025-06-11,448,143,0,143,0.319,0.0,16.7,16.7,LOW,0.0,0.0,0.0,0.0
34949677,AG6,Dormant - Excluded,EXCLUDED,1368,2025-06-16,443,143,0,143,0.323,0.0,16.7,16.7,LOW,0.0,0.0,0.0,0.0
35334324,AG6,Dormant - Excluded,EXCLUDED,1369,2025-07-02,427,139,0,139,0.326,0.0,16.6,16.6,LOW,0.0,0.0,0.0,0.0
35087403,AG6,Dormant - Excluded,EXCLUDED,1370,2025-06-23,436,140,0,140,0.321,0.0,16.6,16.6,LOW,0.0,0.0,0.0,0.0
34801321,AG6,Dormant - Excluded,EXCLUDED,1371,2025-06-09,450,142,0,142,0.316,0.0,16.6,16.6,LOW,0.0,0.0,0.0,0.0
34949763,AG6,Dormant - Excluded,EXCLUDED,1372,2025-06-16,443,142,0,142,0.321,0.0,16.6,16.6,LOW,0.0,0.0,0.0,0.0
34704147,AG6,Dormant - Excluded,EXCLUDED,1373,2025-06-03,456,143,0,143,0.314,0.0,16.6,16.6,LOW,0.0,0.0,0.0,0.0
34749001,AG6,Dormant - Excluded,EXCLUDED,1374,2025-06-05,454,143,0,143,0.315,0.0,16.6,16.6,LOW,0.0,0.0,0.0,0.0
34748954,AG6,Dormant - Excluded,EXCLUDED,1375,2025-06-05,454,142,0,142,0.313,0.0,16.5,16.5,LOW,0.0,0.0,0.0,0.0
34704251,AG6,Dormant - Excluded,EXCLUDED,1376,2025-06-03,456,141,0,141,0.309,0.0,16.4,16.4,LOW,0.0,0.0,0.0,0.0
34704265,AG6,Dormant - Excluded,EXCLUDED,1377,2025-06-03,456,141,0,141,0.309,0.0,16.4,16.4,LOW,0.0,0.0,0.0,0.0
34749014,AG6,Dormant - Excluded,EXCLUDED,1378,2025-06-05,454,141,0,141,0.311,0.0,16.4,16.4,LOW,0.0,0.0,0.0,0.0
41345518,AG6,Dormant - Excluded,EXCLUDED,1379,2026-04-13,142,22,0,22,0.155,0.0,16.3,16.3,LOW,0.0,0.0,0.0,0.0
34949433,AG6,Dormant - Excluded,EXCLUDED,1380,2025-06-16,443,138,0,138,0.312,0.0,16.3,16.3,LOW,0.0,0.0,0.0,0.0
34801282,AG6,Dormant - Excluded,EXCLUDED,1381,2025-06-09,450,139,0,139,0.309,0.0,16.3,16.3,LOW,0.0,0.0,0.0,0.0
34838052,AG6,Dormant - Excluded,EXCLUDED,1382,2025-06-11,448,139,0,139,0.31,0.0,16.3,16.3,LOW,0.0,0.0,0.0,0.0
34745682,AG6,Dormant - Excluded,EXCLUDED,1383,2025-06-06,453,140,0,140,0.309,0.0,16.3,16.3,LOW,0.0,0.0,0.0,0.0
36603262,AG6,Dormant - Excluded,EXCLUDED,1384,2025-08-26,372,128,0,128,0.344,0.0,16.2,16.2,LOW,0.0,0.0,0.0,0.0
36225612,AG6,Dormant - Excluded,EXCLUDED,1385,2025-08-06,392,130,0,130,0.332,0.0,16.2,16.2,LOW,0.0,0.0,0.0,0.0
35087948,AG6,Dormant - Excluded,EXCLUDED,1386,2025-06-23,436,136,0,136,0.312,0.0,16.2,16.2,LOW,0.0,0.0,0.0,0.0
34825675,AG6,Dormant - Excluded,EXCLUDED,1387,2025-06-10,449,138,0,138,0.307,0.0,16.2,16.2,LOW,0.0,0.0,0.0,0.0
41345527,AG6,Dormant - Excluded,EXCLUDED,1388,2026-04-13,142,21,0,21,0.148,0.0,16.1,16.1,LOW,0.0,0.0,0.0,0.0
41345528,AG6,Dormant - Excluded,EXCLUDED,1389,2026-04-13,142,21,0,21,0.148,0.0,16.1,16.1,LOW,0.0,0.0,0.0,0.0
35288113,AG6,Dormant - Excluded,EXCLUDED,1390,2025-07-01,428,134,0,134,0.313,0.0,16.1,16.1,LOW,0.0,0.0,0.0,0.0
34949637,AG6,Dormant - Excluded,EXCLUDED,1391,2025-06-16,443,136,0,136,0.307,0.0,16.1,16.1,LOW,0.0,0.0,0.0,0.0
34714105,AG6,Dormant - Excluded,EXCLUDED,1392,2025-06-04,455,137,0,137,0.301,0.0,16.1,16.1,LOW,0.0,0.0,0.0,0.0
34825703,AG6,Dormant - Excluded,EXCLUDED,1393,2025-06-10,449,137,0,137,0.305,0.0,16.1,16.1,LOW,0.0,0.0,0.0,0.0
41345517,AG6,Dormant - Excluded,EXCLUDED,1394,2026-04-13,142,20,0,20,0.141,0.0,16.0,16.0,LOW,0.0,0.0,0.0,0.0
35843266,AG6,Dormant - Excluded,EXCLUDED,1395,2025-07-21,408,131,0,131,0.321,0.0,16.0,16.0,LOW,0.0,0.0,0.0,0.0
35843280,AG6,Dormant - Excluded,EXCLUDED,1396,2025-07-21,408,131,0,131,0.321,0.0,16.0,16.0,LOW,0.0,0.0,0.0,0.0
35843389,AG6,Dormant - Excluded,EXCLUDED,1397,2025-07-21,408,131,0,131,0.321,0.0,16.0,16.0,LOW,0.0,0.0,0.0,0.0
35087421,AG6,Dormant - Excluded,EXCLUDED,1398,2025-06-23,436,135,0,135,0.31,0.0,16.0,16.0,LOW,0.0,0.0,0.0,0.0
34825549,AG6,Dormant - Excluded,EXCLUDED,1399,2025-06-10,449,136,0,136,0.303,0.0,16.0,16.0,LOW,0.0,0.0,0.0,0.0
34825566,AG6,Dormant - Excluded,EXCLUDED,1400,2025-06-10,449,136,0,136,0.303,0.0,16.0,16.0,LOW,0.0,0.0,0.0,0.0
34825715,AG6,Dormant - Excluded,EXCLUDED,1401,2025-06-10,449,136,0,136,0.303,0.0,16.0,16.0,LOW,0.0,0.0,0.0,0.0
34837938,AG6,Dormant - Excluded,EXCLUDED,1402,2025-06-11,448,136,0,136,0.304,0.0,16.0,16.0,LOW,0.0,0.0,0.0,0.0
34703882,AG6,Dormant - Excluded,EXCLUDED,1403,2025-06-03,456,137,0,137,0.3,0.0,16.0,16.0,LOW,0.0,0.0,0.0,0.0
34714079,AG6,Dormant - Excluded,EXCLUDED,1404,2025-06-03,456,137,0,137,0.3,0.0,16.0,16.0,LOW,0.0,0.0,0.0,0.0
34846741,AG6,Dormant - Excluded,EXCLUDED,1405,2025-06-10,449,135,0,135,0.301,0.0,15.9,15.9,LOW,0.0,0.0,0.0,0.0
34714121,AG6,Dormant - Excluded,EXCLUDED,1406,2025-06-04,455,136,0,136,0.299,0.0,15.9,15.9,LOW,0.0,0.0,0.0,0.0
34714128,AG6,Dormant - Excluded,EXCLUDED,1407,2025-06-04,455,136,0,136,0.299,0.0,15.9,15.9,LOW,0.0,0.0,0.0,0.0
34745708,AG6,Dormant - Excluded,EXCLUDED,1408,2025-06-06,453,136,0,136,0.3,0.0,15.9,15.9,LOW,0.0,0.0,0.0,0.0
34846888,AG6,Dormant - Excluded,EXCLUDED,1409,2025-06-11,448,134,0,134,0.299,0.0,15.8,15.8,LOW,0.0,0.0,0.0,0.0
34949434,AG6,Dormant - Excluded,EXCLUDED,1410,2025-06-16,443,134,0,134,0.302,0.0,15.8,15.8,LOW,0.0,0.0,0.0,0.0
34703800,AG6,Dormant - Excluded,EXCLUDED,1411,2025-06-03,456,135,0,135,0.296,0.0,15.8,15.8,LOW,0.0,0.0,0.0,0.0
34704076,AG6,Dormant - Excluded,EXCLUDED,1412,2025-06-03,456,135,0,135,0.296,0.0,15.8,15.8,LOW,0.0,0.0,0.0,0.0
34801278,AG6,Dormant - Excluded,EXCLUDED,1413,2025-06-09,450,135,0,135,0.3,0.0,15.8,15.8,LOW,0.0,0.0,0.0,0.0
38142738,AG6,Dormant - Excluded,EXCLUDED,1414,2025-11-21,285,82,0,82,0.288,0.0,15.7,15.7,LOW,0.0,0.0,0.0,0.0
35705849,AG6,Dormant - Excluded,EXCLUDED,1415,2025-07-16,413,129,0,129,0.312,0.0,15.7,15.7,LOW,0.0,0.0,0.0,0.0
34846895,AG6,Dormant - Excluded,EXCLUDED,1416,2025-06-10,449,133,0,133,0.296,0.0,15.7,15.7,LOW,0.0,0.0,0.0,0.0
34825650,AG6,Dormant - Excluded,EXCLUDED,1417,2025-06-09,450,134,0,134,0.298,0.0,15.7,15.7,LOW,0.0,0.0,0.0,0.0
34825636,AG6,Dormant - Excluded,EXCLUDED,1418,2025-06-10,449,134,0,134,0.298,0.0,15.7,15.7,LOW,0.0,0.0,0.0,0.0
34849463,AG6,Dormant - Excluded,EXCLUDED,1419,2025-06-10,449,132,0,132,0.294,0.0,15.6,15.6,LOW,0.0,0.0,0.0,0.0
34704285,AG6,Dormant - Excluded,EXCLUDED,1420,2025-06-03,456,133,0,133,0.292,0.0,15.6,15.6,LOW,0.0,0.0,0.0,0.0
34745699,AG6,Dormant - Excluded,EXCLUDED,1421,2025-06-06,453,133,0,133,0.294,0.0,15.6,15.6,LOW,0.0,0.0,0.0,0.0
36603194,AG6,Dormant - Excluded,EXCLUDED,1422,2025-08-26,372,123,0,123,0.331,0.0,15.5,15.5,LOW,0.0,0.0,0.0,0.0
35843535,AG6,Dormant - Excluded,EXCLUDED,1423,2025-07-21,408,127,0,127,0.311,0.0,15.5,15.5,LOW,0.0,0.0,0.0,0.0
35706226,AG6,Dormant - Excluded,EXCLUDED,1424,2025-07-16,413,128,0,128,0.31,0.0,15.5,15.5,LOW,0.0,0.0,0.0,0.0
35287036,AG6,Dormant - Excluded,EXCLUDED,1425,2025-07-01,428,129,0,129,0.301,0.0,15.5,15.5,LOW,0.0,0.0,0.0,0.0
34949432,AG6,Dormant - Excluded,EXCLUDED,1426,2025-06-16,443,131,0,131,0.296,0.0,15.5,15.5,LOW,0.0,0.0,0.0,0.0
34704032,AG6,Dormant - Excluded,EXCLUDED,1427,2025-06-03,456,132,0,132,0.289,0.0,15.5,15.5,LOW,0.0,0.0,0.0,0.0
34801204,AG6,Dormant - Excluded,EXCLUDED,1428,2025-06-09,450,132,0,132,0.293,0.0,15.5,15.5,LOW,0.0,0.0,0.0,0.0
36764483,AG6,Dormant - Excluded,EXCLUDED,1429,2025-09-04,363,90,0,90,0.248,0.0,15.4,15.4,LOW,0.0,0.0,0.0,0.0
34949688,AG6,Dormant - Excluded,EXCLUDED,1430,2025-06-16,443,130,0,130,0.293,0.0,15.4,15.4,LOW,0.0,0.0,0.0,0.0
34714152,AG6,Dormant - Excluded,EXCLUDED,1431,2025-06-04,455,131,0,131,0.288,0.0,15.4,15.4,LOW,0.0,0.0,0.0,0.0
35705903,AG6,Dormant - Excluded,EXCLUDED,1432,2025-07-16,413,126,0,126,0.305,0.0,15.3,15.3,LOW,0.0,0.0,0.0,0.0
35843325,AG6,Dormant - Excluded,EXCLUDED,1433,2025-07-21,408,126,0,126,0.309,0.0,15.3,15.3,LOW,0.0,0.0,0.0,0.0
35334298,AG6,Dormant - Excluded,EXCLUDED,1434,2025-07-02,427,128,0,128,0.3,0.0,15.3,15.3,LOW,0.0,0.0,0.0,0.0
34801272,AG6,Dormant - Excluded,EXCLUDED,1435,2025-06-09,450,130,0,130,0.289,0.0,15.3,15.3,LOW,0.0,0.0,0.0,0.0
34825687,AG6,Dormant - Excluded,EXCLUDED,1436,2025-06-09,450,130,0,130,0.289,0.0,15.3,15.3,LOW,0.0,0.0,0.0,0.0
34837935,AG6,Dormant - Excluded,EXCLUDED,1437,2025-06-11,448,130,0,130,0.29,0.0,15.3,15.3,LOW,0.0,0.0,0.0,0.0
36764499,AG6,Dormant - Excluded,EXCLUDED,1438,2025-09-04,363,89,0,89,0.245,0.0,15.2,15.2,LOW,0.0,0.0,0.0,0.0
35843311,AG6,Dormant - Excluded,EXCLUDED,1439,2025-07-21,408,125,0,125,0.306,0.0,15.2,15.2,LOW,0.0,0.0,0.0,0.0
34949697,AG6,Dormant - Excluded,EXCLUDED,1440,2025-06-16,443,129,0,129,0.291,0.0,15.2,15.2,LOW,0.0,0.0,0.0,0.0
34704134,AG6,Dormant - Excluded,EXCLUDED,1441,2025-06-03,456,130,0,130,0.285,0.0,15.2,15.2,LOW,0.0,0.0,0.0,0.0
34704337,AG6,Dormant - Excluded,EXCLUDED,1442,2025-06-03,456,130,0,130,0.285,0.0,15.2,15.2,LOW,0.0,0.0,0.0,0.0
34704177,AG6,Dormant - Excluded,EXCLUDED,1443,2025-06-03,456,129,0,129,0.283,0.0,15.1,15.1,LOW,0.0,0.0,0.0,0.0
34714142,AG6,Dormant - Excluded,EXCLUDED,1444,2025-06-04,455,129,0,129,0.284,0.0,15.1,15.1,LOW,0.0,0.0,0.0,0.0
34801137,AG6,Dormant - Excluded,EXCLUDED,1445,2025-06-09,450,129,0,129,0.287,0.0,15.1,15.1,LOW,0.0,0.0,0.0,0.0
34825652,AG6,Dormant - Excluded,EXCLUDED,1446,2025-06-10,449,129,0,129,0.287,0.0,15.1,15.1,LOW,0.0,0.0,0.0,0.0
35334610,AG6,Dormant - Excluded,EXCLUDED,1447,2025-07-04,425,125,0,125,0.294,0.0,15.0,15.0,LOW,0.0,0.0,0.0,0.0
34801210,AG6,Dormant - Excluded,EXCLUDED,1448,2025-06-09,450,128,0,128,0.284,0.0,15.0,15.0,LOW,0.0,0.0,0.0,0.0
34849439,AG6,Dormant - Excluded,EXCLUDED,1449,2025-06-10,449,128,0,128,0.285,0.0,15.0,15.0,LOW,0.0,0.0,0.0,0.0
34801247,AG6,Dormant - Excluded,EXCLUDED,1450,2025-06-09,450,127,0,127,0.282,0.0,14.9,14.9,LOW,0.0,0.0,0.0,0.0
34801269,AG6,Dormant - Excluded,EXCLUDED,1451,2025-06-09,450,127,0,127,0.282,0.0,14.9,14.9,LOW,0.0,0.0,0.0,0.0
34469751,AG6,Dormant - Excluded,EXCLUDED,1452,2025-05-27,463,128,0,128,0.276,0.0,14.9,14.9,LOW,0.0,0.0,0.0,0.0
33847416,AG6,Dormant - Excluded,EXCLUDED,1453,2025-04-29,491,131,0,131,0.267,0.0,14.9,14.9,LOW,0.0,0.0,0.0,0.0
35843185,AG6,Dormant - Excluded,EXCLUDED,1454,2025-07-21,408,122,0,122,0.299,0.0,14.8,14.8,LOW,0.0,0.0,0.0,0.0
35334249,AG6,Dormant - Excluded,EXCLUDED,1455,2025-07-02,427,124,0,124,0.29,0.0,14.8,14.8,LOW,0.0,0.0,0.0,0.0
34825570,AG6,Dormant - Excluded,EXCLUDED,1456,2025-06-10,449,126,0,126,0.281,0.0,14.8,14.8,LOW,0.0,0.0,0.0,0.0
34838010,AG6,Dormant - Excluded,EXCLUDED,1457,2025-06-11,448,126,0,126,0.281,0.0,14.8,14.8,LOW,0.0,0.0,0.0,0.0
34949586,AG6,Dormant - Excluded,EXCLUDED,1458,2025-06-16,443,126,0,126,0.284,0.0,14.8,14.8,LOW,0.0,0.0,0.0,0.0
34714068,AG6,Dormant - Excluded,EXCLUDED,1459,2025-06-03,456,127,0,127,0.279,0.0,14.8,14.8,LOW,0.0,0.0,0.0,0.0
34748946,AG6,Dormant - Excluded,EXCLUDED,1460,2025-06-05,454,127,0,127,0.28,0.0,14.8,14.8,LOW,0.0,0.0,0.0,0.0
35087600,AG6,Dormant - Excluded,EXCLUDED,1461,2025-06-23,436,124,0,124,0.284,0.0,14.7,14.7,LOW,0.0,0.0,0.0,0.0
35843199,AG6,Dormant - Excluded,EXCLUDED,1462,2025-07-20,409,121,0,121,0.296,0.0,14.6,14.6,LOW,0.0,0.0,0.0,0.0
34949669,AG6,Dormant - Excluded,EXCLUDED,1463,2025-06-16,443,124,0,124,0.28,0.0,14.6,14.6,LOW,0.0,0.0,0.0,0.0
34703946,AG6,Dormant - Excluded,EXCLUDED,1464,2025-06-03,456,125,0,125,0.274,0.0,14.6,14.6,LOW,0.0,0.0,0.0,0.0
34801294,AG6,Dormant - Excluded,EXCLUDED,1465,2025-06-09,450,125,0,125,0.278,0.0,14.6,14.6,LOW,0.0,0.0,0.0,0.0
34949430,AG6,Dormant - Excluded,EXCLUDED,1466,2025-06-16,443,123,0,123,0.278,0.0,14.5,14.5,LOW,0.0,0.0,0.0,0.0
34745719,AG6,Dormant - Excluded,EXCLUDED,1467,2025-06-05,454,124,0,124,0.273,0.0,14.5,14.5,LOW,0.0,0.0,0.0,0.0
34846902,AG6,Dormant - Excluded,EXCLUDED,1468,2025-06-11,448,124,0,124,0.277,0.0,14.5,14.5,LOW,0.0,0.0,0.0,0.0
34825589,AG6,Dormant - Excluded,EXCLUDED,1469,2025-06-10,449,123,0,123,0.274,0.0,14.4,14.4,LOW,0.0,0.0,0.0,0.0
34825641,AG6,Dormant - Excluded,EXCLUDED,1470,2025-06-10,449,123,0,123,0.274,0.0,14.4,14.4,LOW,0.0,0.0,0.0,0.0
34825676,AG6,Dormant - Excluded,EXCLUDED,1471,2025-06-10,449,123,0,123,0.274,0.0,14.4,14.4,LOW,0.0,0.0,0.0,0.0
34838061,AG6,Dormant - Excluded,EXCLUDED,1472,2025-06-11,448,123,0,123,0.275,0.0,14.4,14.4,LOW,0.0,0.0,0.0,0.0
34704002,AG6,Dormant - Excluded,EXCLUDED,1473,2025-06-03,456,124,0,124,0.272,0.0,14.4,14.4,LOW,0.0,0.0,0.0,0.0
34704158,AG6,Dormant - Excluded,EXCLUDED,1474,2025-06-03,456,124,0,124,0.272,0.0,14.4,14.4,LOW,0.0,0.0,0.0,0.0
34949466,AG6,Dormant - Excluded,EXCLUDED,1475,2025-06-16,443,122,0,122,0.275,0.0,14.3,14.3,LOW,0.0,0.0,0.0,0.0
34745714,AG6,Dormant - Excluded,EXCLUDED,1476,2025-06-05,454,123,0,123,0.271,0.0,14.3,14.3,LOW,0.0,0.0,0.0,0.0
33847520,AG6,Dormant - Excluded,EXCLUDED,1477,2025-04-29,491,126,0,126,0.257,0.0,14.3,14.3,LOW,0.0,0.0,0.0,0.0
35843258,AG6,Dormant - Excluded,EXCLUDED,1478,2025-07-20,409,117,0,117,0.286,0.0,14.2,14.2,LOW,0.0,0.0,0.0,0.0
35843285,AG6,Dormant - Excluded,EXCLUDED,1479,2025-07-21,408,117,0,117,0.287,0.0,14.2,14.2,LOW,0.0,0.0,0.0,0.0
34949629,AG6,Dormant - Excluded,EXCLUDED,1480,2025-06-16,443,121,0,121,0.273,0.0,14.2,14.2,LOW,0.0,0.0,0.0,0.0
34745698,AG6,Dormant - Excluded,EXCLUDED,1481,2025-06-06,453,122,0,122,0.269,0.0,14.2,14.2,LOW,0.0,0.0,0.0,0.0
34792167,AG6,Dormant - Excluded,EXCLUDED,1482,2025-06-07,452,122,0,122,0.27,0.0,14.2,14.2,LOW,0.0,0.0,0.0,0.0
34801220,AG6,Dormant - Excluded,EXCLUDED,1483,2025-06-09,450,122,0,122,0.271,0.0,14.2,14.2,LOW,0.0,0.0,0.0,0.0
34825712,AG6,Dormant - Excluded,EXCLUDED,1484,2025-06-10,449,122,0,122,0.272,0.0,14.2,14.2,LOW,0.0,0.0,0.0,0.0
34846795,AG6,Dormant - Excluded,EXCLUDED,1485,2025-06-10,449,122,0,122,0.272,0.0,14.2,14.2,LOW,0.0,0.0,0.0,0.0
34469763,AG6,Dormant - Excluded,EXCLUDED,1486,2025-05-27,463,123,0,123,0.266,0.0,14.2,14.2,LOW,0.0,0.0,0.0,0.0
34949589,AG6,Dormant - Excluded,EXCLUDED,1487,2025-06-16,443,120,0,120,0.271,0.0,14.1,14.1,LOW,0.0,0.0,0.0,0.0
34726135,AG6,Dormant - Excluded,EXCLUDED,1488,2025-06-04,455,122,0,122,0.268,0.0,14.1,14.1,LOW,0.0,0.0,0.0,0.0
36603242,AG6,Dormant - Excluded,EXCLUDED,1489,2025-08-26,372,112,0,112,0.301,0.0,14.0,14.0,LOW,0.0,0.0,0.0,0.0
35334235,AG6,Dormant - Excluded,EXCLUDED,1490,2025-07-02,427,117,0,117,0.274,0.0,14.0,14.0,LOW,0.0,0.0,0.0,0.0
34825684,AG6,Dormant - Excluded,EXCLUDED,1491,2025-06-10,449,119,0,119,0.265,0.0,14.0,14.0,LOW,0.0,0.0,0.0,0.0
34748951,AG6,Dormant - Excluded,EXCLUDED,1492,2025-06-05,454,120,0,120,0.264,0.0,14.0,14.0,LOW,0.0,0.0,0.0,0.0
34748948,AG6,Dormant - Excluded,EXCLUDED,1493,2025-06-06,453,120,0,120,0.265,0.0,14.0,14.0,LOW,0.0,0.0,0.0,0.0
34846932,AG6,Dormant - Excluded,EXCLUDED,1494,2025-06-11,448,118,0,118,0.263,0.0,13.9,13.9,LOW,0.0,0.0,0.0,0.0
34949567,AG6,Dormant - Excluded,EXCLUDED,1495,2025-06-16,443,118,0,118,0.266,0.0,13.9,13.9,LOW,0.0,0.0,0.0,0.0
34949621,AG6,Dormant - Excluded,EXCLUDED,1496,2025-06-16,443,118,0,118,0.266,0.0,13.9,13.9,LOW,0.0,0.0,0.0,0.0
34748981,AG6,Dormant - Excluded,EXCLUDED,1497,2025-06-05,454,119,0,119,0.262,0.0,13.9,13.9,LOW,0.0,0.0,0.0,0.0
34748987,AG6,Dormant - Excluded,EXCLUDED,1498,2025-06-05,454,119,0,119,0.262,0.0,13.9,13.9,LOW,0.0,0.0,0.0,0.0
34801239,AG6,Dormant - Excluded,EXCLUDED,1499,2025-06-09,450,119,0,119,0.264,0.0,13.9,13.9,LOW,0.0,0.0,0.0,0.0
36603222,AG6,Dormant - Excluded,EXCLUDED,1500,2025-08-26,372,111,0,111,0.298,0.0,13.8,13.8,LOW,0.0,0.0,0.0,0.0
35843378,AG6,Dormant - Excluded,EXCLUDED,1501,2025-07-20,409,115,0,115,0.281,0.0,13.8,13.8,LOW,0.0,0.0,0.0,0.0
35087385,AG6,Dormant - Excluded,EXCLUDED,1502,2025-06-23,436,117,0,117,0.268,0.0,13.8,13.8,LOW,0.0,0.0,0.0,0.0
35087747,AG6,Dormant - Excluded,EXCLUDED,1503,2025-06-23,436,117,0,117,0.268,0.0,13.8,13.8,LOW,0.0,0.0,0.0,0.0
34801232,AG6,Dormant - Excluded,EXCLUDED,1504,2025-06-09,450,118,0,118,0.262,0.0,13.8,13.8,LOW,0.0,0.0,0.0,0.0
34825660,AG6,Dormant - Excluded,EXCLUDED,1505,2025-06-10,449,118,0,118,0.263,0.0,13.8,13.8,LOW,0.0,0.0,0.0,0.0
34846774,AG6,Dormant - Excluded,EXCLUDED,1506,2025-06-10,449,118,0,118,0.263,0.0,13.8,13.8,LOW,0.0,0.0,0.0,0.0
34846821,AG6,Dormant - Excluded,EXCLUDED,1507,2025-06-10,449,118,0,118,0.263,0.0,13.8,13.8,LOW,0.0,0.0,0.0,0.0
35481835,AG6,Dormant - Excluded,EXCLUDED,1508,2025-07-08,421,115,0,115,0.273,0.0,13.7,13.7,LOW,0.0,0.0,0.0,0.0
34825679,AG6,Dormant - Excluded,EXCLUDED,1509,2025-06-10,449,117,0,117,0.261,0.0,13.7,13.7,LOW,0.0,0.0,0.0,0.0
34949623,AG6,Dormant - Excluded,EXCLUDED,1510,2025-06-16,443,117,0,117,0.264,0.0,13.7,13.7,LOW,0.0,0.0,0.0,0.0
34745707,AG6,Dormant - Excluded,EXCLUDED,1511,2025-06-05,454,117,0,117,0.258,0.0,13.6,13.6,LOW,0.0,0.0,0.0,0.0
34748967,AG6,Dormant - Excluded,EXCLUDED,1512,2025-06-05,454,117,0,117,0.258,0.0,13.6,13.6,LOW,0.0,0.0,0.0,0.0
34801192,AG6,Dormant - Excluded,EXCLUDED,1513,2025-06-09,450,116,0,116,0.258,0.0,13.5,13.5,LOW,0.0,0.0,0.0,0.0
34801230,AG6,Dormant - Excluded,EXCLUDED,1514,2025-06-09,450,116,0,116,0.258,0.0,13.5,13.5,LOW,0.0,0.0,0.0,0.0
34825600,AG6,Dormant - Excluded,EXCLUDED,1515,2025-06-10,449,116,0,116,0.258,0.0,13.5,13.5,LOW,0.0,0.0,0.0,0.0
34846874,AG6,Dormant - Excluded,EXCLUDED,1516,2025-06-10,449,116,0,116,0.258,0.0,13.5,13.5,LOW,0.0,0.0,0.0,0.0
34714099,AG6,Dormant - Excluded,EXCLUDED,1517,2025-06-03,456,117,0,117,0.257,0.0,13.5,13.5,LOW,0.0,0.0,0.0,0.0
34714106,AG6,Dormant - Excluded,EXCLUDED,1518,2025-06-03,456,117,0,117,0.257,0.0,13.5,13.5,LOW,0.0,0.0,0.0,0.0
38142891,AG6,Dormant - Excluded,EXCLUDED,1519,2025-11-21,285,65,0,65,0.228,0.0,13.4,13.4,LOW,0.0,0.0,0.0,0.0
34949535,AG6,Dormant - Excluded,EXCLUDED,1520,2025-06-16,443,115,0,115,0.26,0.0,13.4,13.4,LOW,0.0,0.0,0.0,0.0
34949608,AG6,Dormant - Excluded,EXCLUDED,1521,2025-06-16,443,115,0,115,0.26,0.0,13.4,13.4,LOW,0.0,0.0,0.0,0.0
34703904,AG6,Dormant - Excluded,EXCLUDED,1522,2025-06-03,456,116,0,116,0.254,0.0,13.4,13.4,LOW,0.0,0.0,0.0,0.0
34714138,AG6,Dormant - Excluded,EXCLUDED,1523,2025-06-04,455,116,0,116,0.255,0.0,13.4,13.4,LOW,0.0,0.0,0.0,0.0
34726027,AG6,Dormant - Excluded,EXCLUDED,1524,2025-06-04,455,116,0,116,0.255,0.0,13.4,13.4,LOW,0.0,0.0,0.0,0.0
34792111,AG6,Dormant - Excluded,EXCLUDED,1525,2025-06-06,453,116,0,116,0.256,0.0,13.4,13.4,LOW,0.0,0.0,0.0,0.0
36603245,AG6,Dormant - Excluded,EXCLUDED,1526,2025-08-26,372,108,0,108,0.29,0.0,13.3,13.3,LOW,0.0,0.0,0.0,0.0
35087660,AG6,Dormant - Excluded,EXCLUDED,1527,2025-06-23,436,113,0,113,0.259,0.0,13.3,13.3,LOW,0.0,0.0,0.0,0.0
35087835,AG6,Dormant - Excluded,EXCLUDED,1528,2025-06-23,436,113,0,113,0.259,0.0,13.3,13.3,LOW,0.0,0.0,0.0,0.0
35087890,AG6,Dormant - Excluded,EXCLUDED,1529,2025-06-23,436,113,0,113,0.259,0.0,13.3,13.3,LOW,0.0,0.0,0.0,0.0
34825674,AG6,Dormant - Excluded,EXCLUDED,1530,2025-06-09,450,115,0,115,0.256,0.0,13.3,13.3,LOW,0.0,0.0,0.0,0.0
36603215,AG6,Dormant - Excluded,EXCLUDED,1531,2025-08-26,372,107,0,107,0.288,0.0,13.2,13.2,LOW,0.0,0.0,0.0,0.0
34949575,AG6,Dormant - Excluded,EXCLUDED,1532,2025-06-16,443,113,0,113,0.255,0.0,13.2,13.2,LOW,0.0,0.0,0.0,0.0
34949693,AG6,Dormant - Excluded,EXCLUDED,1533,2025-06-16,443,113,0,113,0.255,0.0,13.2,13.2,LOW,0.0,0.0,0.0,0.0
34726025,AG6,Dormant - Excluded,EXCLUDED,1534,2025-06-04,455,115,0,115,0.253,0.0,13.2,13.2,LOW,0.0,0.0,0.0,0.0
34749008,AG6,Dormant - Excluded,EXCLUDED,1535,2025-06-06,453,115,0,115,0.254,0.0,13.2,13.2,LOW,0.0,0.0,0.0,0.0
34846781,AG6,Dormant - Excluded,EXCLUDED,1536,2025-06-10,449,113,0,113,0.252,0.0,13.1,13.1,LOW,0.0,0.0,0.0,0.0
34704063,AG6,Dormant - Excluded,EXCLUDED,1537,2025-06-03,456,114,0,114,0.25,0.0,13.1,13.1,LOW,0.0,0.0,0.0,0.0
34714085,AG6,Dormant - Excluded,EXCLUDED,1538,2025-06-03,456,114,0,114,0.25,0.0,13.1,13.1,LOW,0.0,0.0,0.0,0.0
34469787,AG6,Dormant - Excluded,EXCLUDED,1539,2025-05-26,464,115,0,115,0.248,0.0,13.1,13.1,LOW,0.0,0.0,0.0,0.0
35334616,AG6,Dormant - Excluded,EXCLUDED,1540,2025-07-03,426,111,0,111,0.261,0.0,13.0,13.0,LOW,0.0,0.0,0.0,0.0
35334388,AG6,Dormant - Excluded,EXCLUDED,1541,2025-07-04,425,111,0,111,0.261,0.0,13.0,13.0,LOW,0.0,0.0,0.0,0.0
35334588,AG6,Dormant - Excluded,EXCLUDED,1542,2025-07-04,425,111,0,111,0.261,0.0,13.0,13.0,LOW,0.0,0.0,0.0,0.0
34949341,AG6,Dormant - Excluded,EXCLUDED,1543,2025-06-16,443,112,0,112,0.253,0.0,13.0,13.0,LOW,0.0,0.0,0.0,0.0
34949577,AG6,Dormant - Excluded,EXCLUDED,1544,2025-06-16,443,112,0,112,0.253,0.0,13.0,13.0,LOW,0.0,0.0,0.0,0.0
34714136,AG6,Dormant - Excluded,EXCLUDED,1545,2025-06-04,455,113,0,113,0.248,0.0,13.0,13.0,LOW,0.0,0.0,0.0,0.0
34748934,AG6,Dormant - Excluded,EXCLUDED,1546,2025-06-05,454,113,0,113,0.249,0.0,13.0,13.0,LOW,0.0,0.0,0.0,0.0
34801199,AG6,Dormant - Excluded,EXCLUDED,1547,2025-06-07,452,112,0,112,0.248,0.0,12.9,12.9,LOW,0.0,0.0,0.0,0.0
34801219,AG6,Dormant - Excluded,EXCLUDED,1548,2025-06-09,450,112,0,112,0.249,0.0,12.9,12.9,LOW,0.0,0.0,0.0,0.0
34825619,AG6,Dormant - Excluded,EXCLUDED,1549,2025-06-10,449,112,0,112,0.249,0.0,12.9,12.9,LOW,0.0,0.0,0.0,0.0
34846742,AG6,Dormant - Excluded,EXCLUDED,1550,2025-06-10,449,112,0,112,0.249,0.0,12.9,12.9,LOW,0.0,0.0,0.0,0.0
34838086,AG6,Dormant - Excluded,EXCLUDED,1551,2025-06-11,448,112,0,112,0.25,0.0,12.9,12.9,LOW,0.0,0.0,0.0,0.0
34704214,AG6,Dormant - Excluded,EXCLUDED,1552,2025-06-03,456,112,0,112,0.246,0.0,12.8,12.8,LOW,0.0,0.0,0.0,0.0
34748918,AG6,Dormant - Excluded,EXCLUDED,1553,2025-06-05,454,112,0,112,0.247,0.0,12.8,12.8,LOW,0.0,0.0,0.0,0.0
34825665,AG6,Dormant - Excluded,EXCLUDED,1554,2025-06-09,450,111,0,111,0.247,0.0,12.7,12.7,LOW,0.0,0.0,0.0,0.0
34825622,AG6,Dormant - Excluded,EXCLUDED,1555,2025-06-10,449,111,0,111,0.247,0.0,12.7,12.7,LOW,0.0,0.0,0.0,0.0
34825657,AG6,Dormant - Excluded,EXCLUDED,1556,2025-06-10,449,111,0,111,0.247,0.0,12.7,12.7,LOW,0.0,0.0,0.0,0.0
34825702,AG6,Dormant - Excluded,EXCLUDED,1557,2025-06-10,449,111,0,111,0.247,0.0,12.7,12.7,LOW,0.0,0.0,0.0,0.0
34846718,AG6,Dormant - Excluded,EXCLUDED,1558,2025-06-10,449,111,0,111,0.247,0.0,12.7,12.7,LOW,0.0,0.0,0.0,0.0
34949512,AG6,Dormant - Excluded,EXCLUDED,1559,2025-06-16,443,110,0,110,0.248,0.0,12.6,12.6,LOW,0.0,0.0,0.0,0.0
34703767,AG6,Dormant - Excluded,EXCLUDED,1560,2025-06-03,456,111,0,111,0.243,0.0,12.6,12.6,LOW,0.0,0.0,0.0,0.0
34703999,AG6,Dormant - Excluded,EXCLUDED,1561,2025-06-03,456,111,0,111,0.243,0.0,12.6,12.6,LOW,0.0,0.0,0.0,0.0
34748928,AG6,Dormant - Excluded,EXCLUDED,1562,2025-06-05,454,111,0,111,0.244,0.0,12.6,12.6,LOW,0.0,0.0,0.0,0.0
34748984,AG6,Dormant - Excluded,EXCLUDED,1563,2025-06-05,454,111,0,111,0.244,0.0,12.6,12.6,LOW,0.0,0.0,0.0,0.0
34749004,AG6,Dormant - Excluded,EXCLUDED,1564,2025-06-05,454,111,0,111,0.244,0.0,12.6,12.6,LOW,0.0,0.0,0.0,0.0
34469760,AG6,Dormant - Excluded,EXCLUDED,1565,2025-05-27,463,112,0,112,0.242,0.0,12.6,12.6,LOW,0.0,0.0,0.0,0.0
33872510,AG6,Dormant - Excluded,EXCLUDED,1566,2025-04-30,490,114,0,114,0.233,0.0,12.6,12.6,LOW,0.0,0.0,0.0,0.0
36603260,AG6,Dormant - Excluded,EXCLUDED,1567,2025-08-26,372,102,0,102,0.274,0.0,12.5,12.5,LOW,0.0,0.0,0.0,0.0
35334340,AG6,Dormant - Excluded,EXCLUDED,1568,2025-07-03,426,108,0,108,0.254,0.0,12.5,12.5,LOW,0.0,0.0,0.0,0.0
34630489,AG6,Dormant - Excluded,EXCLUDED,1569,2025-05-31,459,111,0,111,0.242,0.0,12.5,12.5,LOW,0.0,0.0,0.0,0.0
35334323,AG6,Dormant - Excluded,EXCLUDED,1570,2025-07-03,426,107,0,107,0.251,0.0,12.4,12.4,LOW,0.0,0.0,0.0,0.0
34949523,AG6,Dormant - Excluded,EXCLUDED,1571,2025-06-16,443,109,0,109,0.246,0.0,12.4,12.4,LOW,0.0,0.0,0.0,0.0
34949625,AG6,Dormant - Excluded,EXCLUDED,1572,2025-06-16,443,109,0,109,0.246,0.0,12.4,12.4,LOW,0.0,0.0,0.0,0.0
34748957,AG6,Dormant - Excluded,EXCLUDED,1573,2025-06-06,453,110,0,110,0.243,0.0,12.4,12.4,LOW,0.0,0.0,0.0,0.0
34825620,AG6,Dormant - Excluded,EXCLUDED,1574,2025-06-10,449,109,0,109,0.243,0.0,12.3,12.3,LOW,0.0,0.0,0.0,0.0
34825639,AG6,Dormant - Excluded,EXCLUDED,1575,2025-06-10,449,109,0,109,0.243,0.0,12.3,12.3,LOW,0.0,0.0,0.0,0.0
34825666,AG6,Dormant - Excluded,EXCLUDED,1576,2025-06-10,449,109,0,109,0.243,0.0,12.3,12.3,LOW,0.0,0.0,0.0,0.0
34838088,AG6,Dormant - Excluded,EXCLUDED,1577,2025-06-10,449,109,0,109,0.243,0.0,12.3,12.3,LOW,0.0,0.0,0.0,0.0
34846782,AG6,Dormant - Excluded,EXCLUDED,1578,2025-06-10,449,109,0,109,0.243,0.0,12.3,12.3,LOW,0.0,0.0,0.0,0.0
34846861,AG6,Dormant - Excluded,EXCLUDED,1579,2025-06-11,448,109,0,109,0.243,0.0,12.3,12.3,LOW,0.0,0.0,0.0,0.0
34704037,AG6,Dormant - Excluded,EXCLUDED,1580,2025-06-03,456,110,0,110,0.241,0.0,12.3,12.3,LOW,0.0,0.0,0.0,0.0
34704095,AG6,Dormant - Excluded,EXCLUDED,1581,2025-06-03,456,110,0,110,0.241,0.0,12.3,12.3,LOW,0.0,0.0,0.0,0.0
34714089,AG6,Dormant - Excluded,EXCLUDED,1582,2025-06-03,456,110,0,110,0.241,0.0,12.3,12.3,LOW,0.0,0.0,0.0,0.0
35087748,AG6,Dormant - Excluded,EXCLUDED,1583,2025-06-23,436,107,0,107,0.245,0.0,12.2,12.2,LOW,0.0,0.0,0.0,0.0
35087906,AG6,Dormant - Excluded,EXCLUDED,1584,2025-06-23,436,107,0,107,0.245,0.0,12.2,12.2,LOW,0.0,0.0,0.0,0.0
34714132,AG6,Dormant - Excluded,EXCLUDED,1585,2025-06-04,455,109,0,109,0.24,0.0,12.2,12.2,LOW,0.0,0.0,0.0,0.0
34703821,AG6,Dormant - Excluded,EXCLUDED,1586,2025-06-03,456,108,0,108,0.237,0.0,12.1,12.1,LOW,0.0,0.0,0.0,0.0
34704156,AG6,Dormant - Excluded,EXCLUDED,1587,2025-06-03,456,108,0,108,0.237,0.0,12.1,12.1,LOW,0.0,0.0,0.0,0.0
34849428,AG6,Dormant - Excluded,EXCLUDED,1588,2025-06-10,449,108,0,108,0.241,0.0,12.1,12.1,LOW,0.0,0.0,0.0,0.0
34846733,AG6,Dormant - Excluded,EXCLUDED,1589,2025-06-11,448,108,0,108,0.241,0.0,12.1,12.1,LOW,0.0,0.0,0.0,0.0
34849423,AG6,Dormant - Excluded,EXCLUDED,1590,2025-06-11,448,108,0,108,0.241,0.0,12.1,12.1,LOW,0.0,0.0,0.0,0.0
34469679,AG6,Dormant - Excluded,EXCLUDED,1591,2025-05-26,464,109,0,109,0.235,0.0,12.1,12.1,LOW,0.0,0.0,0.0,0.0
39587705,AG6,Dormant - Excluded,EXCLUDED,1592,2026-01-23,222,47,0,47,0.212,0.0,12.0,12.0,LOW,0.0,0.0,0.0,0.0
34846760,AG6,Dormant - Excluded,EXCLUDED,1593,2025-06-11,448,107,0,107,0.239,0.0,12.0,12.0,LOW,0.0,0.0,0.0,0.0
35087752,AG6,Dormant - Excluded,EXCLUDED,1594,2025-06-23,436,105,0,105,0.241,0.0,11.9,11.9,LOW,0.0,0.0,0.0,0.0
34630417,AG6,Dormant - Excluded,EXCLUDED,1595,2025-05-31,459,107,0,107,0.233,0.0,11.9,11.9,LOW,0.0,0.0,0.0,0.0
34714118,AG6,Dormant - Excluded,EXCLUDED,1596,2025-06-04,455,107,0,107,0.235,0.0,11.9,11.9,LOW,0.0,0.0,0.0,0.0
34714124,AG6,Dormant - Excluded,EXCLUDED,1597,2025-06-04,455,107,0,107,0.235,0.0,11.9,11.9,LOW,0.0,0.0,0.0,0.0
34801216,AG6,Dormant - Excluded,EXCLUDED,1598,2025-06-07,452,107,0,107,0.237,0.0,11.9,11.9,LOW,0.0,0.0,0.0,0.0
34825579,AG6,Dormant - Excluded,EXCLUDED,1599,2025-06-10,449,105,0,105,0.234,0.0,11.8,11.8,LOW,0.0,0.0,0.0,0.0
34704091,AG6,Dormant - Excluded,EXCLUDED,1600,2025-06-04,455,106,0,106,0.233,0.0,11.8,11.8,LOW,0.0,0.0,0.0,0.0
34714122,AG6,Dormant - Excluded,EXCLUDED,1601,2025-06-04,455,106,0,106,0.233,0.0,11.8,11.8,LOW,0.0,0.0,0.0,0.0
34748932,AG6,Dormant - Excluded,EXCLUDED,1602,2025-06-05,454,106,0,106,0.233,0.0,11.8,11.8,LOW,0.0,0.0,0.0,0.0
35334546,AG6,Dormant - Excluded,EXCLUDED,1603,2025-07-04,425,103,0,103,0.242,0.0,11.7,11.7,LOW,0.0,0.0,0.0,0.0
34949605,AG6,Dormant - Excluded,EXCLUDED,1604,2025-06-16,443,104,0,104,0.235,0.0,11.7,11.7,LOW,0.0,0.0,0.0,0.0
34748941,AG6,Dormant - Excluded,EXCLUDED,1605,2025-06-05,454,105,0,105,0.231,0.0,11.7,11.7,LOW,0.0,0.0,0.0,0.0
34748923,AG6,Dormant - Excluded,EXCLUDED,1606,2025-06-06,453,105,0,105,0.232,0.0,11.7,11.7,LOW,0.0,0.0,0.0,0.0
34801227,AG6,Dormant - Excluded,EXCLUDED,1607,2025-06-07,452,105,0,105,0.232,0.0,11.7,11.7,LOW,0.0,0.0,0.0,0.0
34749002,AG6,Dormant - Excluded,EXCLUDED,1608,2025-06-06,453,104,0,104,0.23,0.0,11.6,11.6,LOW,0.0,0.0,0.0,0.0
34825581,AG6,Dormant - Excluded,EXCLUDED,1609,2025-06-10,449,104,0,104,0.232,0.0,11.6,11.6,LOW,0.0,0.0,0.0,0.0
34849424,AG6,Dormant - Excluded,EXCLUDED,1610,2025-06-10,449,104,0,104,0.232,0.0,11.6,11.6,LOW,0.0,0.0,0.0,0.0
34838081,AG6,Dormant - Excluded,EXCLUDED,1611,2025-06-11,448,104,0,104,0.232,0.0,11.6,11.6,LOW,0.0,0.0,0.0,0.0
35706094,AG6,Dormant - Excluded,EXCLUDED,1612,2025-07-16,413,100,0,100,0.242,0.0,11.5,11.5,LOW,0.0,0.0,0.0,0.0
34703777,AG6,Dormant - Excluded,EXCLUDED,1613,2025-06-03,456,104,0,104,0.228,0.0,11.5,11.5,LOW,0.0,0.0,0.0,0.0
34703968,AG6,Dormant - Excluded,EXCLUDED,1614,2025-06-03,456,104,0,104,0.228,0.0,11.5,11.5,LOW,0.0,0.0,0.0,0.0
34704266,AG6,Dormant - Excluded,EXCLUDED,1615,2025-06-03,456,104,0,104,0.228,0.0,11.5,11.5,LOW,0.0,0.0,0.0,0.0
34748937,AG6,Dormant - Excluded,EXCLUDED,1616,2025-06-06,453,103,0,103,0.227,0.0,11.4,11.4,LOW,0.0,0.0,0.0,0.0
34801189,AG6,Dormant - Excluded,EXCLUDED,1617,2025-06-09,450,103,0,103,0.229,0.0,11.4,11.4,LOW,0.0,0.0,0.0,0.0
34825531,AG6,Dormant - Excluded,EXCLUDED,1618,2025-06-10,449,103,0,103,0.229,0.0,11.4,11.4,LOW,0.0,0.0,0.0,0.0
34846736,AG6,Dormant - Excluded,EXCLUDED,1619,2025-06-10,449,103,0,103,0.229,0.0,11.4,11.4,LOW,0.0,0.0,0.0,0.0
34846783,AG6,Dormant - Excluded,EXCLUDED,1620,2025-06-11,448,103,0,103,0.23,0.0,11.4,11.4,LOW,0.0,0.0,0.0,0.0
34469731,AG6,Dormant - Excluded,EXCLUDED,1621,2025-05-27,463,104,0,104,0.225,0.0,11.4,11.4,LOW,0.0,0.0,0.0,0.0
33847525,AG6,Dormant - Excluded,EXCLUDED,1622,2025-04-29,491,107,0,107,0.218,0.0,11.4,11.4,LOW,0.0,0.0,0.0,0.0
36373682,AG6,Dormant - Excluded,EXCLUDED,1623,2025-08-12,386,95,0,95,0.246,0.0,11.3,11.3,LOW,0.0,0.0,0.0,0.0
34825528,AG6,Dormant - Excluded,EXCLUDED,1624,2025-06-10,449,102,0,102,0.227,0.0,11.3,11.3,LOW,0.0,0.0,0.0,0.0
34849446,AG6,Dormant - Excluded,EXCLUDED,1625,2025-06-11,448,102,0,102,0.228,0.0,11.3,11.3,LOW,0.0,0.0,0.0,0.0
34704112,AG6,Dormant - Excluded,EXCLUDED,1626,2025-06-03,456,103,0,103,0.226,0.0,11.3,11.3,LOW,0.0,0.0,0.0,0.0
34714127,AG6,Dormant - Excluded,EXCLUDED,1627,2025-06-04,455,103,0,103,0.226,0.0,11.3,11.3,LOW,0.0,0.0,0.0,0.0
36603186,AG6,Dormant - Excluded,EXCLUDED,1628,2025-08-26,372,93,0,93,0.25,0.0,11.2,11.2,LOW,0.0,0.0,0.0,0.0
34748974,AG6,Dormant - Excluded,EXCLUDED,1629,2025-06-05,454,102,0,102,0.225,0.0,11.2,11.2,LOW,0.0,0.0,0.0,0.0
34745712,AG6,Dormant - Excluded,EXCLUDED,1630,2025-06-06,453,102,0,102,0.225,0.0,11.2,11.2,LOW,0.0,0.0,0.0,0.0
34748914,AG6,Dormant - Excluded,EXCLUDED,1631,2025-06-06,453,102,0,102,0.225,0.0,11.2,11.2,LOW,0.0,0.0,0.0,0.0
34469813,AG6,Dormant - Excluded,EXCLUDED,1632,2025-05-26,464,103,0,103,0.222,0.0,11.2,11.2,LOW,0.0,0.0,0.0,0.0
35334384,AG6,Dormant - Excluded,EXCLUDED,1633,2025-07-03,426,98,0,98,0.23,0.0,11.1,11.1,LOW,0.0,0.0,0.0,0.0
35334564,AG6,Dormant - Excluded,EXCLUDED,1634,2025-07-03,426,98,0,98,0.23,0.0,11.1,11.1,LOW,0.0,0.0,0.0,0.0
34949607,AG6,Dormant - Excluded,EXCLUDED,1635,2025-06-16,443,100,0,100,0.226,0.0,11.1,11.1,LOW,0.0,0.0,0.0,0.0
34825596,AG6,Dormant - Excluded,EXCLUDED,1636,2025-06-10,449,101,0,101,0.225,0.0,11.1,11.1,LOW,0.0,0.0,0.0,0.0
34825603,AG6,Dormant - Excluded,EXCLUDED,1637,2025-06-10,449,101,0,101,0.225,0.0,11.1,11.1,LOW,0.0,0.0,0.0,0.0
34846818,AG6,Dormant - Excluded,EXCLUDED,1638,2025-06-10,449,101,0,101,0.225,0.0,11.1,11.1,LOW,0.0,0.0,0.0,0.0
34726104,AG6,Dormant - Excluded,EXCLUDED,1639,2025-06-04,455,102,0,102,0.224,0.0,11.1,11.1,LOW,0.0,0.0,0.0,0.0
34726124,AG6,Dormant - Excluded,EXCLUDED,1640,2025-06-04,455,102,0,102,0.224,0.0,11.1,11.1,LOW,0.0,0.0,0.0,0.0
33864470,AG6,Dormant - Excluded,EXCLUDED,1641,2025-04-30,490,104,0,104,0.212,0.0,11.1,11.1,LOW,0.0,0.0,0.0,0.0
34825638,AG6,Dormant - Excluded,EXCLUDED,1642,2025-06-10,449,100,0,100,0.223,0.0,11.0,11.0,LOW,0.0,0.0,0.0,0.0
34849422,AG6,Dormant - Excluded,EXCLUDED,1643,2025-06-10,449,100,0,100,0.223,0.0,11.0,11.0,LOW,0.0,0.0,0.0,0.0
34838085,AG6,Dormant - Excluded,EXCLUDED,1644,2025-06-11,448,100,0,100,0.223,0.0,11.0,11.0,LOW,0.0,0.0,0.0,0.0
34726105,AG6,Dormant - Excluded,EXCLUDED,1645,2025-06-04,455,101,0,101,0.222,0.0,11.0,11.0,LOW,0.0,0.0,0.0,0.0
34748929,AG6,Dormant - Excluded,EXCLUDED,1646,2025-06-05,454,101,0,101,0.222,0.0,11.0,11.0,LOW,0.0,0.0,0.0,0.0
34469688,AG6,Dormant - Excluded,EXCLUDED,1647,2025-05-27,463,102,0,102,0.22,0.0,11.0,11.0,LOW,0.0,0.0,0.0,0.0
34704157,AG6,Dormant - Excluded,EXCLUDED,1648,2025-06-03,456,100,0,100,0.219,0.0,10.9,10.9,LOW,0.0,0.0,0.0,0.0
34469691,AG6,Dormant - Excluded,EXCLUDED,1649,2025-05-27,463,101,0,101,0.218,0.0,10.9,10.9,LOW,0.0,0.0,0.0,0.0
34748976,AG6,Dormant - Excluded,EXCLUDED,1650,2025-06-05,454,99,0,99,0.218,0.0,10.8,10.8,LOW,0.0,0.0,0.0,0.0
34825535,AG6,Dormant - Excluded,EXCLUDED,1651,2025-06-10,449,99,0,99,0.22,0.0,10.8,10.8,LOW,0.0,0.0,0.0,0.0
34825610,AG6,Dormant - Excluded,EXCLUDED,1652,2025-06-10,449,99,0,99,0.22,0.0,10.8,10.8,LOW,0.0,0.0,0.0,0.0
36603252,AG6,Dormant - Excluded,EXCLUDED,1653,2025-08-26,372,90,0,90,0.242,0.0,10.7,10.7,LOW,0.0,0.0,0.0,0.0
35087662,AG6,Dormant - Excluded,EXCLUDED,1654,2025-06-23,436,97,0,97,0.222,0.0,10.7,10.7,LOW,0.0,0.0,0.0,0.0
34825628,AG6,Dormant - Excluded,EXCLUDED,1655,2025-06-09,450,98,0,98,0.218,0.0,10.7,10.7,LOW,0.0,0.0,0.0,0.0
34825591,AG6,Dormant - Excluded,EXCLUDED,1656,2025-06-10,449,98,0,98,0.218,0.0,10.7,10.7,LOW,0.0,0.0,0.0,0.0
34838084,AG6,Dormant - Excluded,EXCLUDED,1657,2025-06-11,448,98,0,98,0.219,0.0,10.7,10.7,LOW,0.0,0.0,0.0,0.0
34704094,AG6,Dormant - Excluded,EXCLUDED,1658,2025-06-03,456,99,0,99,0.217,0.0,10.7,10.7,LOW,0.0,0.0,0.0,0.0
34846735,AG6,Dormant - Excluded,EXCLUDED,1659,2025-06-11,448,97,0,97,0.217,0.0,10.6,10.6,LOW,0.0,0.0,0.0,0.0
34949595,AG6,Dormant - Excluded,EXCLUDED,1660,2025-06-16,443,97,0,97,0.219,0.0,10.6,10.6,LOW,0.0,0.0,0.0,0.0
34714082,AG6,Dormant - Excluded,EXCLUDED,1661,2025-06-03,456,98,0,98,0.215,0.0,10.6,10.6,LOW,0.0,0.0,0.0,0.0
34748933,AG6,Dormant - Excluded,EXCLUDED,1662,2025-06-06,453,98,0,98,0.216,0.0,10.6,10.6,LOW,0.0,0.0,0.0,0.0
34469739,AG6,Dormant - Excluded,EXCLUDED,1663,2025-05-26,464,99,0,99,0.213,0.0,10.6,10.6,LOW,0.0,0.0,0.0,0.0
34949475,AG6,Dormant - Excluded,EXCLUDED,1664,2025-06-16,443,96,0,96,0.217,0.0,10.5,10.5,LOW,0.0,0.0,0.0,0.0
34714103,AG6,Dormant - Excluded,EXCLUDED,1665,2025-06-03,456,97,0,97,0.213,0.0,10.5,10.5,LOW,0.0,0.0,0.0,0.0
34703877,AG6,Dormant - Excluded,EXCLUDED,1666,2025-06-04,455,97,0,97,0.213,0.0,10.5,10.5,LOW,0.0,0.0,0.0,0.0
34825644,AG6,Dormant - Excluded,EXCLUDED,1667,2025-06-10,449,97,0,97,0.216,0.0,10.5,10.5,LOW,0.0,0.0,0.0,0.0
34801174,AG6,Dormant - Excluded,EXCLUDED,1668,2025-06-09,450,96,0,96,0.213,0.0,10.4,10.4,LOW,0.0,0.0,0.0,0.0
34837985,AG6,Dormant - Excluded,EXCLUDED,1669,2025-06-11,448,96,0,96,0.214,0.0,10.4,10.4,LOW,0.0,0.0,0.0,0.0
34837989,AG6,Dormant - Excluded,EXCLUDED,1670,2025-06-11,448,96,0,96,0.214,0.0,10.4,10.4,LOW,0.0,0.0,0.0,0.0
34846805,AG6,Dormant - Excluded,EXCLUDED,1671,2025-06-11,448,96,0,96,0.214,0.0,10.4,10.4,LOW,0.0,0.0,0.0,0.0
34469719,AG6,Dormant - Excluded,EXCLUDED,1672,2025-05-26,464,97,0,97,0.209,0.0,10.4,10.4,LOW,0.0,0.0,0.0,0.0
35706387,AG6,Dormant - Excluded,EXCLUDED,1673,2025-07-16,413,91,0,91,0.22,0.0,10.3,10.3,LOW,0.0,0.0,0.0,0.0
35843393,AG6,Dormant - Excluded,EXCLUDED,1674,2025-07-21,408,91,0,91,0.223,0.0,10.3,10.3,LOW,0.0,0.0,0.0,0.0
34745691,AG6,Dormant - Excluded,EXCLUDED,1675,2025-06-05,454,95,0,95,0.209,0.0,10.3,10.3,LOW,0.0,0.0,0.0,0.0
34748983,AG6,Dormant - Excluded,EXCLUDED,1676,2025-06-05,454,95,0,95,0.209,0.0,10.3,10.3,LOW,0.0,0.0,0.0,0.0
34846849,AG6,Dormant - Excluded,EXCLUDED,1677,2025-06-10,449,95,0,95,0.212,0.0,10.3,10.3,LOW,0.0,0.0,0.0,0.0
34704132,AG6,Dormant - Excluded,EXCLUDED,1678,2025-06-03,456,96,0,96,0.211,0.0,10.3,10.3,LOW,0.0,0.0,0.0,0.0
33809309,AG6,Dormant - Excluded,EXCLUDED,1679,2025-04-26,494,99,0,99,0.2,0.0,10.3,10.3,LOW,0.0,0.0,0.0,0.0
36225592,AG6,Dormant - Excluded,EXCLUDED,1680,2025-08-06,392,89,0,89,0.227,0.0,10.2,10.2,LOW,0.0,0.0,0.0,0.0
34825618,AG6,Dormant - Excluded,EXCLUDED,1681,2025-06-10,449,94,0,94,0.209,0.0,10.2,10.2,LOW,0.0,0.0,0.0,0.0
34846854,AG6,Dormant - Excluded,EXCLUDED,1682,2025-06-10,449,94,0,94,0.209,0.0,10.2,10.2,LOW,0.0,0.0,0.0,0.0
34748915,AG6,Dormant - Excluded,EXCLUDED,1683,2025-06-05,454,94,0,94,0.207,0.0,10.1,10.1,LOW,0.0,0.0,0.0,0.0
34748922,AG6,Dormant - Excluded,EXCLUDED,1684,2025-06-05,454,94,0,94,0.207,0.0,10.1,10.1,LOW,0.0,0.0,0.0,0.0
34745773,AG6,Dormant - Excluded,EXCLUDED,1685,2025-06-06,453,94,0,94,0.208,0.0,10.1,10.1,LOW,0.0,0.0,0.0,0.0
34825572,AG6,Dormant - Excluded,EXCLUDED,1686,2025-06-09,450,94,0,94,0.209,0.0,10.1,10.1,LOW,0.0,0.0,0.0,0.0
34469730,AG6,Dormant - Excluded,EXCLUDED,1687,2025-05-27,463,95,0,95,0.205,0.0,10.1,10.1,LOW,0.0,0.0,0.0,0.0
34825559,AG6,Dormant - Excluded,EXCLUDED,1688,2025-06-10,449,93,0,93,0.207,0.0,10.0,10.0,LOW,0.0,0.0,0.0,0.0
34838082,AG6,Dormant - Excluded,EXCLUDED,1689,2025-06-11,448,93,0,93,0.208,0.0,10.0,10.0,LOW,0.0,0.0,0.0,0.0
34838083,AG6,Dormant - Excluded,EXCLUDED,1690,2025-06-11,448,93,0,93,0.208,0.0,10.0,10.0,LOW,0.0,0.0,0.0,0.0
34849412,AG6,Dormant - Excluded,EXCLUDED,1691,2025-06-11,448,93,0,93,0.208,0.0,10.0,10.0,LOW,0.0,0.0,0.0,0.0
34469795,AG6,Dormant - Excluded,EXCLUDED,1692,2025-05-26,464,94,0,94,0.203,0.0,10.0,10.0,LOW,0.0,0.0,0.0,0.0
34469835,AG6,Dormant - Excluded,EXCLUDED,1693,2025-05-26,464,94,0,94,0.203,0.0,10.0,10.0,LOW,0.0,0.0,0.0,0.0
34714074,AG6,Dormant - Excluded,EXCLUDED,1694,2025-06-03,456,94,0,94,0.206,0.0,10.0,10.0,LOW,0.0,0.0,0.0,0.0
35334382,AG6,Dormant - Excluded,EXCLUDED,1695,2025-07-04,425,90,0,90,0.212,0.0,9.9,9.9,LOW,0.0,0.0,0.0,0.0
34714131,AG6,Dormant - Excluded,EXCLUDED,1696,2025-06-04,455,93,0,93,0.204,0.0,9.9,9.9,LOW,0.0,0.0,0.0,0.0
34748938,AG6,Dormant - Excluded,EXCLUDED,1697,2025-06-06,453,91,0,91,0.201,0.0,9.8,9.8,LOW,0.0,0.0,0.0,0.0
34849449,AG6,Dormant - Excluded,EXCLUDED,1698,2025-06-10,449,91,0,91,0.203,0.0,9.8,9.8,LOW,0.0,0.0,0.0,0.0
35334293,AG6,Dormant - Excluded,EXCLUDED,1699,2025-07-03,426,89,0,89,0.209,0.0,9.7,9.7,LOW,0.0,0.0,0.0,0.0
34849409,AG6,Dormant - Excluded,EXCLUDED,1700,2025-06-10,449,90,0,90,0.2,0.0,9.7,9.7,LOW,0.0,0.0,0.0,0.0
34838059,AG6,Dormant - Excluded,EXCLUDED,1701,2025-06-11,448,90,0,90,0.201,0.0,9.7,9.7,LOW,0.0,0.0,0.0,0.0
34849374,AG6,Dormant - Excluded,EXCLUDED,1702,2025-06-11,448,90,0,90,0.201,0.0,9.7,9.7,LOW,0.0,0.0,0.0,0.0
34849416,AG6,Dormant - Excluded,EXCLUDED,1703,2025-06-11,448,90,0,90,0.201,0.0,9.7,9.7,LOW,0.0,0.0,0.0,0.0
34949576,AG6,Dormant - Excluded,EXCLUDED,1704,2025-06-16,443,90,0,90,0.203,0.0,9.7,9.7,LOW,0.0,0.0,0.0,0.0
34714060,AG6,Dormant - Excluded,EXCLUDED,1705,2025-06-03,456,91,0,91,0.2,0.0,9.7,9.7,LOW,0.0,0.0,0.0,0.0
34703775,AG6,Dormant - Excluded,EXCLUDED,1706,2025-06-03,456,90,0,90,0.197,0.0,9.6,9.6,LOW,0.0,0.0,0.0,0.0
34714109,AG6,Dormant - Excluded,EXCLUDED,1707,2025-06-03,456,90,0,90,0.197,0.0,9.6,9.6,LOW,0.0,0.0,0.0,0.0
34726032,AG6,Dormant - Excluded,EXCLUDED,1708,2025-06-04,455,90,0,90,0.198,0.0,9.6,9.6,LOW,0.0,0.0,0.0,0.0
34801146,AG6,Dormant - Excluded,EXCLUDED,1709,2025-06-07,452,90,0,90,0.199,0.0,9.6,9.6,LOW,0.0,0.0,0.0,0.0
34825692,AG6,Dormant - Excluded,EXCLUDED,1710,2025-06-09,450,90,0,90,0.2,0.0,9.6,9.6,LOW,0.0,0.0,0.0,0.0
36225647,AG6,Dormant - Excluded,EXCLUDED,1711,2025-08-05,393,84,0,84,0.214,0.0,9.5,9.5,LOW,0.0,0.0,0.0,0.0
34469798,AG6,Dormant - Excluded,EXCLUDED,1712,2025-05-26,464,90,0,90,0.194,0.0,9.5,9.5,LOW,0.0,0.0,0.0,0.0
36603191,AG6,Dormant - Excluded,EXCLUDED,1713,2025-08-26,372,81,0,81,0.218,0.0,9.4,9.4,LOW,0.0,0.0,0.0,0.0
34838049,AG6,Dormant - Excluded,EXCLUDED,1714,2025-06-11,448,88,0,88,0.196,0.0,9.4,9.4,LOW,0.0,0.0,0.0,0.0
34838076,AG6,Dormant - Excluded,EXCLUDED,1715,2025-06-11,448,88,0,88,0.196,0.0,9.4,9.4,LOW,0.0,0.0,0.0,0.0
34949360,AG6,Dormant - Excluded,EXCLUDED,1716,2025-06-16,443,88,0,88,0.199,0.0,9.4,9.4,LOW,0.0,0.0,0.0,0.0
34703943,AG6,Dormant - Excluded,EXCLUDED,1717,2025-06-03,456,89,0,89,0.195,0.0,9.4,9.4,LOW,0.0,0.0,0.0,0.0
34714067,AG6,Dormant - Excluded,EXCLUDED,1718,2025-06-03,456,89,0,89,0.195,0.0,9.4,9.4,LOW,0.0,0.0,0.0,0.0
34748945,AG6,Dormant - Excluded,EXCLUDED,1719,2025-06-05,454,89,0,89,0.196,0.0,9.4,9.4,LOW,0.0,0.0,0.0,0.0
36603228,AG6,Dormant - Excluded,EXCLUDED,1720,2025-08-26,372,80,0,80,0.215,0.0,9.3,9.3,LOW,0.0,0.0,0.0,0.0
34949218,AG6,Dormant - Excluded,EXCLUDED,1721,2025-06-16,443,87,0,87,0.196,0.0,9.3,9.3,LOW,0.0,0.0,0.0,0.0
34949259,AG6,Dormant - Excluded,EXCLUDED,1722,2025-06-16,443,87,0,87,0.196,0.0,9.3,9.3,LOW,0.0,0.0,0.0,0.0
34749007,AG6,Dormant - Excluded,EXCLUDED,1723,2025-06-06,453,88,0,88,0.194,0.0,9.3,9.3,LOW,0.0,0.0,0.0,0.0
34801166,AG6,Dormant - Excluded,EXCLUDED,1724,2025-06-09,450,88,0,88,0.196,0.0,9.3,9.3,LOW,0.0,0.0,0.0,0.0
35087562,AG6,Dormant - Excluded,EXCLUDED,1725,2025-06-23,436,86,0,86,0.197,0.0,9.2,9.2,LOW,0.0,0.0,0.0,0.0
34825682,AG6,Dormant - Excluded,EXCLUDED,1726,2025-06-10,449,87,0,87,0.194,0.0,9.2,9.2,LOW,0.0,0.0,0.0,0.0
34838062,AG6,Dormant - Excluded,EXCLUDED,1727,2025-06-11,448,87,0,87,0.194,0.0,9.2,9.2,LOW,0.0,0.0,0.0,0.0
34846732,AG6,Dormant - Excluded,EXCLUDED,1728,2025-06-11,448,87,0,87,0.194,0.0,9.2,9.2,LOW,0.0,0.0,0.0,0.0
34703936,AG6,Dormant - Excluded,EXCLUDED,1729,2025-06-03,456,88,0,88,0.193,0.0,9.2,9.2,LOW,0.0,0.0,0.0,0.0
35334378,AG6,Dormant - Excluded,EXCLUDED,1730,2025-07-03,426,84,0,84,0.197,0.0,9.1,9.1,LOW,0.0,0.0,0.0,0.0
34825696,AG6,Dormant - Excluded,EXCLUDED,1731,2025-06-10,449,86,0,86,0.192,0.0,9.1,9.1,LOW,0.0,0.0,0.0,0.0
34849388,AG6,Dormant - Excluded,EXCLUDED,1732,2025-06-10,449,86,0,86,0.192,0.0,9.1,9.1,LOW,0.0,0.0,0.0,0.0
34846744,AG6,Dormant - Excluded,EXCLUDED,1733,2025-06-11,448,86,0,86,0.192,0.0,9.1,9.1,LOW,0.0,0.0,0.0,0.0
34949558,AG6,Dormant - Excluded,EXCLUDED,1734,2025-06-16,443,86,0,86,0.194,0.0,9.1,9.1,LOW,0.0,0.0,0.0,0.0
34469704,AG6,Dormant - Excluded,EXCLUDED,1735,2025-05-26,464,87,0,87,0.188,0.0,9.1,9.1,LOW,0.0,0.0,0.0,0.0
34726120,AG6,Dormant - Excluded,EXCLUDED,1736,2025-06-04,455,87,0,87,0.191,0.0,9.1,9.1,LOW,0.0,0.0,0.0,0.0
34849443,AG6,Dormant - Excluded,EXCLUDED,1737,2025-06-11,448,85,0,85,0.19,0.0,9.0,9.0,LOW,0.0,0.0,0.0,0.0
34703839,AG6,Dormant - Excluded,EXCLUDED,1738,2025-06-03,456,86,0,86,0.189,0.0,9.0,9.0,LOW,0.0,0.0,0.0,0.0
34801160,AG6,Dormant - Excluded,EXCLUDED,1739,2025-06-07,452,86,0,86,0.19,0.0,9.0,9.0,LOW,0.0,0.0,0.0,0.0
34825613,AG6,Dormant - Excluded,EXCLUDED,1740,2025-06-09,450,86,0,86,0.191,0.0,9.0,9.0,LOW,0.0,0.0,0.0,0.0
34825583,AG6,Dormant - Excluded,EXCLUDED,1741,2025-06-09,450,84,0,84,0.187,0.0,8.9,8.9,LOW,0.0,0.0,0.0,0.0
34838057,AG6,Dormant - Excluded,EXCLUDED,1742,2025-06-11,448,84,0,84,0.188,0.0,8.9,8.9,LOW,0.0,0.0,0.0,0.0
34469708,AG6,Dormant - Excluded,EXCLUDED,1743,2025-05-27,463,85,0,85,0.184,0.0,8.9,8.9,LOW,0.0,0.0,0.0,0.0
34704108,AG6,Dormant - Excluded,EXCLUDED,1744,2025-06-03,456,85,0,85,0.186,0.0,8.9,8.9,LOW,0.0,0.0,0.0,0.0
34801145,AG6,Dormant - Excluded,EXCLUDED,1745,2025-06-07,452,85,0,85,0.188,0.0,8.9,8.9,LOW,0.0,0.0,0.0,0.0
36603217,AG6,Dormant - Excluded,EXCLUDED,1746,2025-08-26,372,77,0,77,0.207,0.0,8.8,8.8,LOW,0.0,0.0,0.0,0.0
36603226,AG6,Dormant - Excluded,EXCLUDED,1747,2025-08-26,372,77,0,77,0.207,0.0,8.8,8.8,LOW,0.0,0.0,0.0,0.0
34825569,AG6,Dormant - Excluded,EXCLUDED,1748,2025-06-09,450,83,0,83,0.184,0.0,8.8,8.8,LOW,0.0,0.0,0.0,0.0
34825577,AG6,Dormant - Excluded,EXCLUDED,1749,2025-06-10,449,83,0,83,0.185,0.0,8.8,8.8,LOW,0.0,0.0,0.0,0.0
34949865,AG6,Dormant - Excluded,EXCLUDED,1750,2025-06-17,442,82,0,82,0.186,0.0,8.7,8.7,LOW,0.0,0.0,0.0,0.0
34469699,AG6,Dormant - Excluded,EXCLUDED,1751,2025-05-26,464,83,0,83,0.179,0.0,8.7,8.7,LOW,0.0,0.0,0.0,0.0
34469768,AG6,Dormant - Excluded,EXCLUDED,1752,2025-05-26,464,83,0,83,0.179,0.0,8.7,8.7,LOW,0.0,0.0,0.0,0.0
34825560,AG6,Dormant - Excluded,EXCLUDED,1753,2025-06-10,449,81,0,81,0.18,0.0,8.6,8.6,LOW,0.0,0.0,0.0,0.0
34825699,AG6,Dormant - Excluded,EXCLUDED,1754,2025-06-10,449,81,0,81,0.18,0.0,8.6,8.6,LOW,0.0,0.0,0.0,0.0
34846798,AG6,Dormant - Excluded,EXCLUDED,1755,2025-06-10,449,81,0,81,0.18,0.0,8.6,8.6,LOW,0.0,0.0,0.0,0.0
34849421,AG6,Dormant - Excluded,EXCLUDED,1756,2025-06-10,449,81,0,81,0.18,0.0,8.6,8.6,LOW,0.0,0.0,0.0,0.0
34849411,AG6,Dormant - Excluded,EXCLUDED,1757,2025-06-11,448,81,0,81,0.181,0.0,8.6,8.6,LOW,0.0,0.0,0.0,0.0
34949536,AG6,Dormant - Excluded,EXCLUDED,1758,2025-06-16,443,81,0,81,0.183,0.0,8.6,8.6,LOW,0.0,0.0,0.0,0.0
34704060,AG6,Dormant - Excluded,EXCLUDED,1759,2025-06-03,456,82,0,82,0.18,0.0,8.6,8.6,LOW,0.0,0.0,0.0,0.0
33847523,AG6,Dormant - Excluded,EXCLUDED,1760,2025-04-29,491,85,0,85,0.173,0.0,8.6,8.6,LOW,0.0,0.0,0.0,0.0
35087679,AG6,Dormant - Excluded,EXCLUDED,1761,2025-06-23,436,79,0,79,0.181,0.0,8.5,8.5,LOW,0.0,0.0,0.0,0.0
34469744,AG6,Dormant - Excluded,EXCLUDED,1762,2025-05-26,464,81,0,81,0.175,0.0,8.5,8.5,LOW,0.0,0.0,0.0,0.0
34703779,AG6,Dormant - Excluded,EXCLUDED,1763,2025-06-03,456,81,0,81,0.178,0.0,8.5,8.5,LOW,0.0,0.0,0.0,0.0
36603237,AG6,Dormant - Excluded,EXCLUDED,1764,2025-08-26,372,73,0,73,0.196,0.0,8.4,8.4,LOW,0.0,0.0,0.0,0.0
34949319,AG6,Dormant - Excluded,EXCLUDED,1765,2025-06-16,443,79,0,79,0.178,0.0,8.4,8.4,LOW,0.0,0.0,0.0,0.0
34949499,AG6,Dormant - Excluded,EXCLUDED,1766,2025-06-16,443,79,0,79,0.178,0.0,8.4,8.4,LOW,0.0,0.0,0.0,0.0
34703986,AG6,Dormant - Excluded,EXCLUDED,1767,2025-06-03,456,80,0,80,0.175,0.0,8.4,8.4,LOW,0.0,0.0,0.0,0.0
34714063,AG6,Dormant - Excluded,EXCLUDED,1768,2025-06-04,455,80,0,80,0.176,0.0,8.4,8.4,LOW,0.0,0.0,0.0,0.0
34838043,AG6,Dormant - Excluded,EXCLUDED,1769,2025-06-10,449,80,0,80,0.178,0.0,8.4,8.4,LOW,0.0,0.0,0.0,0.0
34849441,AG6,Dormant - Excluded,EXCLUDED,1770,2025-06-10,449,80,0,80,0.178,0.0,8.4,8.4,LOW,0.0,0.0,0.0,0.0
34838060,AG6,Dormant - Excluded,EXCLUDED,1771,2025-06-11,448,80,0,80,0.179,0.0,8.4,8.4,LOW,0.0,0.0,0.0,0.0
33809299,AG6,Dormant - Excluded,EXCLUDED,1772,2025-04-26,494,83,0,83,0.168,0.0,8.4,8.4,LOW,0.0,0.0,0.0,0.0
33853373,AG6,Dormant - Excluded,EXCLUDED,1773,2025-04-29,491,83,0,83,0.169,0.0,8.4,8.4,LOW,0.0,0.0,0.0,0.0
34726084,AG6,Dormant - Excluded,EXCLUDED,1774,2025-06-04,455,79,0,79,0.174,0.0,8.3,8.3,LOW,0.0,0.0,0.0,0.0
34846711,AG6,Dormant - Excluded,EXCLUDED,1775,2025-06-11,448,79,0,79,0.176,0.0,8.3,8.3,LOW,0.0,0.0,0.0,0.0
34469737,AG6,Dormant - Excluded,EXCLUDED,1776,2025-05-26,464,80,0,80,0.172,0.0,8.3,8.3,LOW,0.0,0.0,0.0,0.0
35705840,AG6,Dormant - Excluded,EXCLUDED,1777,2025-07-16,413,76,0,76,0.184,0.0,8.2,8.2,LOW,0.0,0.0,0.0,0.0
34849415,AG6,Dormant - Excluded,EXCLUDED,1778,2025-06-10,449,78,0,78,0.174,0.0,8.2,8.2,LOW,0.0,0.0,0.0,0.0
34846797,AG6,Dormant - Excluded,EXCLUDED,1779,2025-06-11,448,78,0,78,0.174,0.0,8.2,8.2,LOW,0.0,0.0,0.0,0.0
34949526,AG6,Dormant - Excluded,EXCLUDED,1780,2025-06-16,443,78,0,78,0.176,0.0,8.2,8.2,LOW,0.0,0.0,0.0,0.0
36603234,AG6,Dormant - Excluded,EXCLUDED,1781,2025-08-26,372,70,0,70,0.188,0.0,8.1,8.1,LOW,0.0,0.0,0.0,0.0
34825540,AG6,Dormant - Excluded,EXCLUDED,1782,2025-06-10,449,77,0,77,0.171,0.0,8.1,8.1,LOW,0.0,0.0,0.0,0.0
34825548,AG6,Dormant - Excluded,EXCLUDED,1783,2025-06-10,449,77,0,77,0.171,0.0,8.1,8.1,LOW,0.0,0.0,0.0,0.0
34825694,AG6,Dormant - Excluded,EXCLUDED,1784,2025-06-10,449,77,0,77,0.171,0.0,8.1,8.1,LOW,0.0,0.0,0.0,0.0
34846802,AG6,Dormant - Excluded,EXCLUDED,1785,2025-06-11,448,77,0,77,0.172,0.0,8.1,8.1,LOW,0.0,0.0,0.0,0.0
34949226,AG6,Dormant - Excluded,EXCLUDED,1786,2025-06-16,443,77,0,77,0.174,0.0,8.1,8.1,LOW,0.0,0.0,0.0,0.0
34469756,AG6,Dormant - Excluded,EXCLUDED,1787,2025-05-27,463,78,0,78,0.168,0.0,8.1,8.1,LOW,0.0,0.0,0.0,0.0
34726047,AG6,Dormant - Excluded,EXCLUDED,1788,2025-06-04,455,78,0,78,0.171,0.0,8.1,8.1,LOW,0.0,0.0,0.0,0.0
34726079,AG6,Dormant - Excluded,EXCLUDED,1789,2025-06-04,455,78,0,78,0.171,0.0,8.1,8.1,LOW,0.0,0.0,0.0,0.0
34726130,AG6,Dormant - Excluded,EXCLUDED,1790,2025-06-04,455,78,0,78,0.171,0.0,8.1,8.1,LOW,0.0,0.0,0.0,0.0
34745692,AG6,Dormant - Excluded,EXCLUDED,1791,2025-06-05,454,77,0,77,0.17,0.0,8.0,8.0,LOW,0.0,0.0,0.0,0.0
34748990,AG6,Dormant - Excluded,EXCLUDED,1792,2025-06-05,454,77,0,77,0.17,0.0,8.0,8.0,LOW,0.0,0.0,0.0,0.0
34825710,AG6,Dormant - Excluded,EXCLUDED,1793,2025-06-10,449,76,0,76,0.169,0.0,7.9,7.9,LOW,0.0,0.0,0.0,0.0
34849417,AG6,Dormant - Excluded,EXCLUDED,1794,2025-06-11,448,76,0,76,0.17,0.0,7.9,7.9,LOW,0.0,0.0,0.0,0.0
36603223,AG6,Dormant - Excluded,EXCLUDED,1795,2025-08-26,372,67,0,67,0.18,0.0,7.8,7.8,LOW,0.0,0.0,0.0,0.0
34846768,AG6,Dormant - Excluded,EXCLUDED,1796,2025-06-11,448,73,0,73,0.163,0.0,7.8,7.8,LOW,0.0,0.0,0.0,0.0
34825561,AG6,Dormant - Excluded,EXCLUDED,1797,2025-06-10,449,75,0,75,0.167,0.0,7.8,7.8,LOW,0.0,0.0,0.0,0.0
34846766,AG6,Dormant - Excluded,EXCLUDED,1798,2025-06-10,449,75,0,75,0.167,0.0,7.8,7.8,LOW,0.0,0.0,0.0,0.0
36603179,AG6,Dormant - Excluded,EXCLUDED,1799,2025-08-26,372,66,0,66,0.177,0.0,7.7,7.7,LOW,0.0,0.0,0.0,0.0
34745753,AG6,Dormant - Excluded,EXCLUDED,1800,2025-06-06,453,72,0,72,0.159,0.0,7.7,7.7,LOW,0.0,0.0,0.0,0.0
34849396,AG6,Dormant - Excluded,EXCLUDED,1801,2025-06-11,448,72,0,72,0.161,0.0,7.7,7.7,LOW,0.0,0.0,0.0,0.0
34949509,AG6,Dormant - Excluded,EXCLUDED,1802,2025-06-16,443,72,0,72,0.163,0.0,7.7,7.7,LOW,0.0,0.0,0.0,0.0
34714076,AG6,Dormant - Excluded,EXCLUDED,1803,2025-06-03,456,73,0,73,0.16,0.0,7.7,7.7,LOW,0.0,0.0,0.0,0.0
34846748,AG6,Dormant - Excluded,EXCLUDED,1804,2025-06-10,449,73,0,73,0.163,0.0,7.7,7.7,LOW,0.0,0.0,0.0,0.0
33809293,AG6,Dormant - Excluded,EXCLUDED,1805,2025-04-26,494,76,0,76,0.154,0.0,7.7,7.7,LOW,0.0,0.0,0.0,0.0
34838021,AG6,Dormant - Excluded,EXCLUDED,1806,2025-06-11,448,70,0,70,0.156,0.0,7.6,7.6,LOW,0.0,0.0,0.0,0.0
34801164,AG6,Dormant - Excluded,EXCLUDED,1807,2025-06-09,450,71,0,71,0.158,0.0,7.6,7.6,LOW,0.0,0.0,0.0,0.0
34469824,AG6,Dormant - Excluded,EXCLUDED,1808,2025-05-26,464,72,0,72,0.155,0.0,7.6,7.6,LOW,0.0,0.0,0.0,0.0
33809318,AG6,Dormant - Excluded,EXCLUDED,1809,2025-04-27,493,73,0,73,0.148,0.0,7.6,7.6,LOW,0.0,0.0,0.0,0.0
36603218,AG6,Dormant - Excluded,EXCLUDED,1810,2025-08-26,372,64,0,64,0.172,0.0,7.5,7.5,LOW,0.0,0.0,0.0,0.0
34748913,AG6,Dormant - Excluded,EXCLUDED,1811,2025-06-05,454,69,0,69,0.152,0.0,7.5,7.5,LOW,0.0,0.0,0.0,0.0
34949445,AG6,Dormant - Excluded,EXCLUDED,1812,2025-06-16,443,69,0,69,0.156,0.0,7.5,7.5,LOW,0.0,0.0,0.0,0.0
34949498,AG6,Dormant - Excluded,EXCLUDED,1813,2025-06-16,443,69,0,69,0.156,0.0,7.5,7.5,LOW,0.0,0.0,0.0,0.0
34726093,AG6,Dormant - Excluded,EXCLUDED,1814,2025-06-04,455,70,0,70,0.154,0.0,7.5,7.5,LOW,0.0,0.0,0.0,0.0
34825731,AG6,Dormant - Excluded,EXCLUDED,1815,2025-06-09,450,70,0,70,0.156,0.0,7.5,7.5,LOW,0.0,0.0,0.0,0.0
36603174,AG6,Dormant - Excluded,EXCLUDED,1816,2025-08-26,372,63,0,63,0.169,0.0,7.4,7.4,LOW,0.0,0.0,0.0,0.0
35287098,AG6,Dormant - Excluded,EXCLUDED,1817,2025-07-01,428,67,0,67,0.157,0.0,7.4,7.4,LOW,0.0,0.0,0.0,0.0
34704270,AG6,Dormant - Excluded,EXCLUDED,1818,2025-06-03,456,68,0,68,0.149,0.0,7.4,7.4,LOW,0.0,0.0,0.0,0.0
34825690,AG6,Dormant - Excluded,EXCLUDED,1819,2025-06-09,450,68,0,68,0.151,0.0,7.4,7.4,LOW,0.0,0.0,0.0,0.0
34849368,AG6,Dormant - Excluded,EXCLUDED,1820,2025-06-10,449,68,0,68,0.151,0.0,7.4,7.4,LOW,0.0,0.0,0.0,0.0
34469748,AG6,Dormant - Excluded,EXCLUDED,1821,2025-05-26,464,69,0,69,0.149,0.0,7.4,7.4,LOW,0.0,0.0,0.0,0.0
34469792,AG6,Dormant - Excluded,EXCLUDED,1822,2025-05-26,464,69,0,69,0.149,0.0,7.4,7.4,LOW,0.0,0.0,0.0,0.0
34726090,AG6,Dormant - Excluded,EXCLUDED,1823,2025-06-04,455,67,0,67,0.147,0.0,7.3,7.3,LOW,0.0,0.0,0.0,0.0
34949493,AG6,Dormant - Excluded,EXCLUDED,1824,2025-06-16,443,67,0,67,0.151,0.0,7.3,7.3,LOW,0.0,0.0,0.0,0.0
36603272,AG6,Dormant - Excluded,EXCLUDED,1825,2025-08-26,372,61,0,61,0.164,0.0,7.2,7.2,LOW,0.0,0.0,0.0,0.0
34726094,AG6,Dormant - Excluded,EXCLUDED,1826,2025-06-04,455,66,0,66,0.145,0.0,7.2,7.2,LOW,0.0,0.0,0.0,0.0
34825632,AG6,Dormant - Excluded,EXCLUDED,1827,2025-06-09,450,66,0,66,0.147,0.0,7.2,7.2,LOW,0.0,0.0,0.0,0.0
34825524,AG6,Dormant - Excluded,EXCLUDED,1828,2025-06-10,449,66,0,66,0.147,0.0,7.2,7.2,LOW,0.0,0.0,0.0,0.0
34949429,AG6,Dormant - Excluded,EXCLUDED,1829,2025-06-16,443,64,0,64,0.144,0.0,7.1,7.1,LOW,0.0,0.0,0.0,0.0
34726067,AG6,Dormant - Excluded,EXCLUDED,1830,2025-06-04,455,65,0,65,0.143,0.0,7.1,7.1,LOW,0.0,0.0,0.0,0.0
34825526,AG6,Dormant - Excluded,EXCLUDED,1831,2025-06-09,450,65,0,65,0.144,0.0,7.1,7.1,LOW,0.0,0.0,0.0,0.0
34825672,AG6,Dormant - Excluded,EXCLUDED,1832,2025-06-10,449,65,0,65,0.145,0.0,7.1,7.1,LOW,0.0,0.0,0.0,0.0
36603256,AG6,Dormant - Excluded,EXCLUDED,1833,2025-08-26,372,58,0,58,0.156,0.0,7.0,7.0,LOW,0.0,0.0,0.0,0.0
34825604,AG6,Dormant - Excluded,EXCLUDED,1834,2025-06-09,450,63,0,63,0.14,0.0,7.0,7.0,LOW,0.0,0.0,0.0,0.0
34825643,AG6,Dormant - Excluded,EXCLUDED,1835,2025-06-10,449,63,0,63,0.14,0.0,7.0,7.0,LOW,0.0,0.0,0.0,0.0
34825585,AG6,Dormant - Excluded,EXCLUDED,1836,2025-06-10,449,64,0,64,0.143,0.0,7.0,7.0,LOW,0.0,0.0,0.0,0.0
35334347,AG6,Dormant - Excluded,EXCLUDED,1837,2025-07-03,426,61,0,61,0.143,0.0,6.9,6.9,LOW,0.0,0.0,0.0,0.0
34726089,AG6,Dormant - Excluded,EXCLUDED,1838,2025-06-04,455,62,0,62,0.136,0.0,6.9,6.9,LOW,0.0,0.0,0.0,0.0
34825574,AG6,Dormant - Excluded,EXCLUDED,1839,2025-06-10,449,62,0,62,0.138,0.0,6.9,6.9,LOW,0.0,0.0,0.0,0.0
34849378,AG6,Dormant - Excluded,EXCLUDED,1840,2025-06-10,449,62,0,62,0.138,0.0,6.9,6.9,LOW,0.0,0.0,0.0,0.0
34837981,AG6,Dormant - Excluded,EXCLUDED,1841,2025-06-11,448,62,0,62,0.138,0.0,6.9,6.9,LOW,0.0,0.0,0.0,0.0
34469682,AG6,Dormant - Excluded,EXCLUDED,1842,2025-05-26,464,63,0,63,0.136,0.0,6.9,6.9,LOW,0.0,0.0,0.0,0.0
34630383,AG6,Dormant - Excluded,EXCLUDED,1843,2025-05-31,459,63,0,63,0.137,0.0,6.9,6.9,LOW,0.0,0.0,0.0,0.0
34825681,AG6,Dormant - Excluded,EXCLUDED,1844,2025-06-10,449,61,0,61,0.136,0.0,6.8,6.8,LOW,0.0,0.0,0.0,0.0
34825722,AG6,Dormant - Excluded,EXCLUDED,1845,2025-06-10,449,61,0,61,0.136,0.0,6.8,6.8,LOW,0.0,0.0,0.0,0.0
34837932,AG6,Dormant - Excluded,EXCLUDED,1846,2025-06-10,449,61,0,61,0.136,0.0,6.8,6.8,LOW,0.0,0.0,0.0,0.0
34838011,AG6,Dormant - Excluded,EXCLUDED,1847,2025-06-11,448,61,0,61,0.136,0.0,6.8,6.8,LOW,0.0,0.0,0.0,0.0
36603205,AG6,Dormant - Excluded,EXCLUDED,1848,2025-08-26,372,55,0,55,0.148,0.0,6.7,6.7,LOW,0.0,0.0,0.0,0.0
35087344,AG6,Dormant - Excluded,EXCLUDED,1849,2025-06-23,436,59,0,59,0.135,0.0,6.7,6.7,LOW,0.0,0.0,0.0,0.0
34838012,AG6,Dormant - Excluded,EXCLUDED,1850,2025-06-11,448,60,0,60,0.134,0.0,6.7,6.7,LOW,0.0,0.0,0.0,0.0
34849397,AG6,Dormant - Excluded,EXCLUDED,1851,2025-06-11,448,60,0,60,0.134,0.0,6.7,6.7,LOW,0.0,0.0,0.0,0.0
34849398,AG6,Dormant - Excluded,EXCLUDED,1852,2025-06-11,448,60,0,60,0.134,0.0,6.7,6.7,LOW,0.0,0.0,0.0,0.0
34703905,AG6,Dormant - Excluded,EXCLUDED,1853,2025-06-03,456,61,0,61,0.134,0.0,6.7,6.7,LOW,0.0,0.0,0.0,0.0
36603182,AG6,Dormant - Excluded,EXCLUDED,1854,2025-08-26,372,54,0,54,0.145,0.0,6.6,6.6,LOW,0.0,0.0,0.0,0.0
36603265,AG6,Dormant - Excluded,EXCLUDED,1855,2025-08-26,372,54,0,54,0.145,0.0,6.6,6.6,LOW,0.0,0.0,0.0,0.0
34703833,AG6,Dormant - Excluded,EXCLUDED,1856,2025-06-03,456,59,0,59,0.129,0.0,6.6,6.6,LOW,0.0,0.0,0.0,0.0
34825597,AG6,Dormant - Excluded,EXCLUDED,1857,2025-06-10,449,59,0,59,0.131,0.0,6.6,6.6,LOW,0.0,0.0,0.0,0.0
36603261,AG6,Dormant - Excluded,EXCLUDED,1858,2025-08-26,372,53,0,53,0.142,0.0,6.5,6.5,LOW,0.0,0.0,0.0,0.0
34726081,AG6,Dormant - Excluded,EXCLUDED,1859,2025-06-04,455,58,0,58,0.127,0.0,6.5,6.5,LOW,0.0,0.0,0.0,0.0
34825656,AG6,Dormant - Excluded,EXCLUDED,1860,2025-06-10,449,58,0,58,0.129,0.0,6.5,6.5,LOW,0.0,0.0,0.0,0.0
34837954,AG6,Dormant - Excluded,EXCLUDED,1861,2025-06-10,449,58,0,58,0.129,0.0,6.5,6.5,LOW,0.0,0.0,0.0,0.0
34837936,AG6,Dormant - Excluded,EXCLUDED,1862,2025-06-11,448,58,0,58,0.129,0.0,6.5,6.5,LOW,0.0,0.0,0.0,0.0
36603207,AG6,Dormant - Excluded,EXCLUDED,1863,2025-08-26,372,52,0,52,0.14,0.0,6.4,6.4,LOW,0.0,0.0,0.0,0.0
34949239,AG6,Dormant - Excluded,EXCLUDED,1864,2025-06-16,443,56,0,56,0.126,0.0,6.4,6.4,LOW,0.0,0.0,0.0,0.0
34949411,AG6,Dormant - Excluded,EXCLUDED,1865,2025-06-16,443,56,0,56,0.126,0.0,6.4,6.4,LOW,0.0,0.0,0.0,0.0
34703801,AG6,Dormant - Excluded,EXCLUDED,1866,2025-06-03,456,57,0,57,0.125,0.0,6.4,6.4,LOW,0.0,0.0,0.0,0.0
34726035,AG6,Dormant - Excluded,EXCLUDED,1867,2025-06-04,455,57,0,57,0.125,0.0,6.4,6.4,LOW,0.0,0.0,0.0,0.0
34825653,AG6,Dormant - Excluded,EXCLUDED,1868,2025-06-10,449,57,0,57,0.127,0.0,6.4,6.4,LOW,0.0,0.0,0.0,0.0
34837980,AG6,Dormant - Excluded,EXCLUDED,1869,2025-06-11,448,57,0,57,0.127,0.0,6.4,6.4,LOW,0.0,0.0,0.0,0.0
33809317,AG6,Dormant - Excluded,EXCLUDED,1870,2025-04-26,494,59,0,59,0.119,0.0,6.4,6.4,LOW,0.0,0.0,0.0,0.0
34837948,AG6,Dormant - Excluded,EXCLUDED,1871,2025-06-11,448,55,0,55,0.123,0.0,6.3,6.3,LOW,0.0,0.0,0.0,0.0
34825695,AG6,Dormant - Excluded,EXCLUDED,1872,2025-06-10,449,56,0,56,0.125,0.0,6.3,6.3,LOW,0.0,0.0,0.0,0.0
34745689,AG6,Dormant - Excluded,EXCLUDED,1873,2025-06-06,453,55,0,55,0.121,0.0,6.2,6.2,LOW,0.0,0.0,0.0,0.0
34825634,AG6,Dormant - Excluded,EXCLUDED,1874,2025-06-10,449,55,0,55,0.122,0.0,6.2,6.2,LOW,0.0,0.0,0.0,0.0
34825685,AG6,Dormant - Excluded,EXCLUDED,1875,2025-06-10,449,55,0,55,0.122,0.0,6.2,6.2,LOW,0.0,0.0,0.0,0.0
34825686,AG6,Dormant - Excluded,EXCLUDED,1876,2025-06-10,449,55,0,55,0.122,0.0,6.2,6.2,LOW,0.0,0.0,0.0,0.0
36603211,AG6,Dormant - Excluded,EXCLUDED,1877,2025-08-26,372,49,0,49,0.132,0.0,6.1,6.1,LOW,0.0,0.0,0.0,0.0
36603175,AG6,Dormant - Excluded,EXCLUDED,1878,2025-08-26,372,50,0,50,0.134,0.0,6.1,6.1,LOW,0.0,0.0,0.0,0.0
36603206,AG6,Dormant - Excluded,EXCLUDED,1879,2025-08-26,372,50,0,50,0.134,0.0,6.1,6.1,LOW,0.0,0.0,0.0,0.0
34825537,AG6,Dormant - Excluded,EXCLUDED,1880,2025-06-09,450,53,0,53,0.118,0.0,6.1,6.1,LOW,0.0,0.0,0.0,0.0
34825565,AG6,Dormant - Excluded,EXCLUDED,1881,2025-06-09,450,53,0,53,0.118,0.0,6.1,6.1,LOW,0.0,0.0,0.0,0.0
34825648,AG6,Dormant - Excluded,EXCLUDED,1882,2025-06-10,449,53,0,53,0.118,0.0,6.1,6.1,LOW,0.0,0.0,0.0,0.0
34825662,AG6,Dormant - Excluded,EXCLUDED,1883,2025-06-10,449,54,0,54,0.12,0.0,6.1,6.1,LOW,0.0,0.0,0.0,0.0
33872507,AG6,Dormant - Excluded,EXCLUDED,1884,2025-04-30,490,55,0,55,0.112,0.0,6.1,6.1,LOW,0.0,0.0,0.0,0.0
36225633,AG6,Dormant - Excluded,EXCLUDED,1885,2025-08-05,393,50,0,50,0.127,0.0,6.0,6.0,LOW,0.0,0.0,0.0,0.0
34838008,AG6,Dormant - Excluded,EXCLUDED,1886,2025-06-11,448,52,0,52,0.116,0.0,6.0,6.0,LOW,0.0,0.0,0.0,0.0
34838009,AG6,Dormant - Excluded,EXCLUDED,1887,2025-06-11,448,52,0,52,0.116,0.0,6.0,6.0,LOW,0.0,0.0,0.0,0.0
35705995,AG6,Dormant - Excluded,EXCLUDED,1888,2025-07-16,413,50,0,50,0.121,0.0,5.9,5.9,LOW,0.0,0.0,0.0,0.0
34704074,AG6,Dormant - Excluded,EXCLUDED,1889,2025-06-03,456,52,0,52,0.114,0.0,5.9,5.9,LOW,0.0,0.0,0.0,0.0
34825523,AG6,Dormant - Excluded,EXCLUDED,1890,2025-06-10,449,52,0,52,0.116,0.0,5.9,5.9,LOW,0.0,0.0,0.0,0.0
34825575,AG6,Dormant - Excluded,EXCLUDED,1891,2025-06-10,449,52,0,52,0.116,0.0,5.9,5.9,LOW,0.0,0.0,0.0,0.0
34825578,AG6,Dormant - Excluded,EXCLUDED,1892,2025-06-10,449,52,0,52,0.116,0.0,5.9,5.9,LOW,0.0,0.0,0.0,0.0
34825700,AG6,Dormant - Excluded,EXCLUDED,1893,2025-06-10,449,52,0,52,0.116,0.0,5.9,5.9,LOW,0.0,0.0,0.0,0.0
34825725,AG6,Dormant - Excluded,EXCLUDED,1894,2025-06-10,449,52,0,52,0.116,0.0,5.9,5.9,LOW,0.0,0.0,0.0,0.0
36603270,AG6,Dormant - Excluded,EXCLUDED,1895,2025-08-26,372,46,0,46,0.124,0.0,5.8,5.8,LOW,0.0,0.0,0.0,0.0
34825564,AG6,Dormant - Excluded,EXCLUDED,1896,2025-06-10,449,51,0,51,0.114,0.0,5.8,5.8,LOW,0.0,0.0,0.0,0.0
33847402,AG6,Dormant - Excluded,EXCLUDED,1897,2025-04-29,491,52,0,52,0.106,0.0,5.8,5.8,LOW,0.0,0.0,0.0,0.0
33847513,AG6,Dormant - Excluded,EXCLUDED,1898,2025-04-29,491,52,0,52,0.106,0.0,5.8,5.8,LOW,0.0,0.0,0.0,0.0
36603199,AG6,Dormant - Excluded,EXCLUDED,1899,2025-08-26,372,45,0,45,0.121,0.0,5.7,5.7,LOW,0.0,0.0,0.0,0.0
36603224,AG6,Dormant - Excluded,EXCLUDED,1900,2025-08-26,372,45,0,45,0.121,0.0,5.7,5.7,LOW,0.0,0.0,0.0,0.0
35087500,AG6,Dormant - Excluded,EXCLUDED,1901,2025-06-23,436,48,0,48,0.11,0.0,5.7,5.7,LOW,0.0,0.0,0.0,0.0
34837992,AG6,Dormant - Excluded,EXCLUDED,1902,2025-06-11,448,49,0,49,0.109,0.0,5.7,5.7,LOW,0.0,0.0,0.0,0.0
34838002,AG6,Dormant - Excluded,EXCLUDED,1903,2025-06-11,448,49,0,49,0.109,0.0,5.7,5.7,LOW,0.0,0.0,0.0,0.0
34838005,AG6,Dormant - Excluded,EXCLUDED,1904,2025-06-11,448,47,0,47,0.105,0.0,5.6,5.6,LOW,0.0,0.0,0.0,0.0
34801300,AG6,Dormant - Excluded,EXCLUDED,1905,2025-06-07,452,48,0,48,0.106,0.0,5.6,5.6,LOW,0.0,0.0,0.0,0.0
34825608,AG6,Dormant - Excluded,EXCLUDED,1906,2025-06-09,450,48,0,48,0.107,0.0,5.6,5.6,LOW,0.0,0.0,0.0,0.0
34825543,AG6,Dormant - Excluded,EXCLUDED,1907,2025-06-10,449,48,0,48,0.107,0.0,5.6,5.6,LOW,0.0,0.0,0.0,0.0
33809314,AG6,Dormant - Excluded,EXCLUDED,1908,2025-04-26,494,50,0,50,0.101,0.0,5.6,5.6,LOW,0.0,0.0,0.0,0.0
36603244,AG6,Dormant - Excluded,EXCLUDED,1909,2025-08-26,372,42,0,42,0.113,0.0,5.5,5.5,LOW,0.0,0.0,0.0,0.0
34704286,AG6,Dormant - Excluded,EXCLUDED,1910,2025-06-03,456,46,0,46,0.101,0.0,5.5,5.5,LOW,0.0,0.0,0.0,0.0
34825556,AG6,Dormant - Excluded,EXCLUDED,1911,2025-06-09,450,46,0,46,0.102,0.0,5.5,5.5,LOW,0.0,0.0,0.0,0.0
34838007,AG6,Dormant - Excluded,EXCLUDED,1912,2025-06-11,448,46,0,46,0.103,0.0,5.5,5.5,LOW,0.0,0.0,0.0,0.0
34825635,AG6,Dormant - Excluded,EXCLUDED,1913,2025-06-10,449,47,0,47,0.105,0.0,5.5,5.5,LOW,0.0,0.0,0.0,0.0
36603212,AG6,Dormant - Excluded,EXCLUDED,1914,2025-08-26,372,41,0,41,0.11,0.0,5.4,5.4,LOW,0.0,0.0,0.0,0.0
36603253,AG6,Dormant - Excluded,EXCLUDED,1915,2025-08-26,372,41,0,41,0.11,0.0,5.4,5.4,LOW,0.0,0.0,0.0,0.0
35334281,AG6,Dormant - Excluded,EXCLUDED,1916,2025-07-03,426,44,0,44,0.103,0.0,5.4,5.4,LOW,0.0,0.0,0.0,0.0
34825659,AG6,Dormant - Excluded,EXCLUDED,1917,2025-06-09,450,45,0,45,0.1,0.0,5.4,5.4,LOW,0.0,0.0,0.0,0.0
34704151,AG6,Dormant - Excluded,EXCLUDED,1918,2025-06-03,456,42,0,42,0.092,0.0,5.3,5.3,LOW,0.0,0.0,0.0,0.0
35334446,AG6,Dormant - Excluded,EXCLUDED,1919,2025-07-04,425,42,0,42,0.099,0.0,5.3,5.3,LOW,0.0,0.0,0.0,0.0
35334441,AG6,Dormant - Excluded,EXCLUDED,1920,2025-07-03,426,43,0,43,0.101,0.0,5.3,5.3,LOW,0.0,0.0,0.0,0.0
33847401,AG6,Dormant - Excluded,EXCLUDED,1921,2025-04-29,491,44,0,44,0.09,0.0,5.3,5.3,LOW,0.0,0.0,0.0,0.0
34792089,AG6,Dormant - Excluded,EXCLUDED,1922,2025-06-06,453,44,0,44,0.097,0.0,5.3,5.3,LOW,0.0,0.0,0.0,0.0
34837994,AG6,Dormant - Excluded,EXCLUDED,1923,2025-06-11,448,44,0,44,0.098,0.0,5.3,5.3,LOW,0.0,0.0,0.0,0.0
34838004,AG6,Dormant - Excluded,EXCLUDED,1924,2025-06-11,448,44,0,44,0.098,0.0,5.3,5.3,LOW,0.0,0.0,0.0,0.0
35898415,AG6,Dormant - Excluded,EXCLUDED,1925,2025-07-24,405,38,0,38,0.094,0.0,5.2,5.2,LOW,0.0,0.0,0.0,0.0
34704070,AG6,Dormant - Excluded,EXCLUDED,1926,2025-06-03,456,41,0,41,0.09,0.0,5.2,5.2,LOW,0.0,0.0,0.0,0.0
34825689,AG6,Dormant - Excluded,EXCLUDED,1927,2025-06-09,450,41,0,41,0.091,0.0,5.2,5.2,LOW,0.0,0.0,0.0,0.0
36603181,AG6,Dormant - Excluded,EXCLUDED,1928,2025-08-26,372,34,0,34,0.091,0.0,5.1,5.1,LOW,0.0,0.0,0.0,0.0
34704142,AG6,Dormant - Excluded,EXCLUDED,1929,2025-06-03,456,36,0,36,0.079,0.0,5.1,5.1,LOW,0.0,0.0,0.0,0.0
34837951,AG6,Dormant - Excluded,EXCLUDED,1930,2025-06-11,448,38,0,38,0.085,0.0,5.1,5.1,LOW,0.0,0.0,0.0,0.0
34837998,AG6,Dormant - Excluded,EXCLUDED,1931,2025-06-11,448,38,0,38,0.085,0.0,5.1,5.1,LOW,0.0,0.0,0.0,0.0
34825586,AG6,Dormant - Excluded,EXCLUDED,1932,2025-06-10,449,39,0,39,0.087,0.0,5.1,5.1,LOW,0.0,0.0,0.0,0.0
35334444,AG6,Dormant - Excluded,EXCLUDED,1933,2025-07-03,426,34,0,34,0.08,0.0,5.0,5.0,LOW,0.0,0.0,0.0,0.0
34837971,AG6,Dormant - Excluded,EXCLUDED,1934,2025-06-11,448,35,0,35,0.078,0.0,5.0,5.0,LOW,0.0,0.0,0.0,0.0
34837979,AG6,Dormant - Excluded,EXCLUDED,1935,2025-06-11,448,35,0,35,0.078,0.0,5.0,5.0,LOW,0.0,0.0,0.0,0.0
36603195,AG6,Dormant - Excluded,EXCLUDED,1936,2025-08-26,372,28,0,28,0.075,0.0,4.9,4.9,LOW,0.0,0.0,0.0,0.0
35843735,AG6,Dormant - Excluded,EXCLUDED,1937,2025-07-21,408,29,0,29,0.071,0.0,4.9,4.9,LOW,0.0,0.0,0.0,0.0
35334569,AG6,Dormant - Excluded,EXCLUDED,1938,2025-07-03,426,30,0,30,0.07,0.0,4.9,4.9,LOW,0.0,0.0,0.0,0.0
34825630,AG6,Dormant - Excluded,EXCLUDED,1939,2025-06-09,450,31,0,31,0.069,0.0,4.9,4.9,LOW,0.0,0.0,0.0,0.0
35334461,AG6,Dormant - Excluded,EXCLUDED,1940,2025-07-07,422,31,0,31,0.073,0.0,4.9,4.9,LOW,0.0,0.0,0.0,0.0
36603176,AG6,Dormant - Excluded,EXCLUDED,1941,2025-08-26,372,27,0,27,0.073,0.0,4.8,4.8,LOW,0.0,0.0,0.0,0.0
36603177,AG6,Dormant - Excluded,EXCLUDED,1942,2025-08-26,372,27,0,27,0.073,0.0,4.8,4.8,LOW,0.0,0.0,0.0,0.0
35334372,AG6,Dormant - Excluded,EXCLUDED,1943,2025-07-03,426,28,0,28,0.066,0.0,4.8,4.8,LOW,0.0,0.0,0.0,0.0
35334402,AG6,Dormant - Excluded,EXCLUDED,1944,2025-07-04,425,28,0,28,0.066,0.0,4.8,4.8,LOW,0.0,0.0,0.0,0.0
34825667,AG6,Dormant - Excluded,EXCLUDED,1945,2025-06-09,450,29,0,29,0.064,0.0,4.8,4.8,LOW,0.0,0.0,0.0,0.0
34846723,AG6,Dormant - Excluded,EXCLUDED,1946,2025-06-10,449,29,0,29,0.065,0.0,4.8,4.8,LOW,0.0,0.0,0.0,0.0
35334274,AG6,Dormant - Excluded,EXCLUDED,1947,2025-07-04,425,24,0,24,0.056,0.0,4.7,4.7,LOW,0.0,0.0,0.0,0.0
36603187,AG6,Dormant - Excluded,EXCLUDED,1948,2025-08-26,372,24,0,24,0.065,0.0,4.7,4.7,LOW,0.0,0.0,0.0,0.0
36603214,AG6,Dormant - Excluded,EXCLUDED,1949,2025-08-26,372,24,0,24,0.065,0.0,4.7,4.7,LOW,0.0,0.0,0.0,0.0
35334489,AG6,Dormant - Excluded,EXCLUDED,1950,2025-07-03,426,25,0,25,0.059,0.0,4.7,4.7,LOW,0.0,0.0,0.0,0.0
35843632,AG6,Dormant - Excluded,EXCLUDED,1951,2025-07-21,408,25,0,25,0.061,0.0,4.7,4.7,LOW,0.0,0.0,0.0,0.0
34726118,AG6,Dormant - Excluded,EXCLUDED,1952,2025-06-04,455,18,0,18,0.04,0.0,4.6,4.6,LOW,0.0,0.0,0.0,0.0
36604207,AG6,Dormant - Excluded,EXCLUDED,1953,2025-08-29,369,20,0,20,0.054,0.0,4.6,4.6,LOW,0.0,0.0,0.0,0.0
33853368,AG6,Dormant - Excluded,EXCLUDED,1954,2025-04-29,491,8,0,8,0.016,0.0,4.5,4.5,LOW,0.0,0.0,0.0,0.0
35087583,AG6,Dormant - Excluded,EXCLUDED,1955,2025-06-23,436,11,0,11,0.025,0.0,4.5,4.5,LOW,0.0,0.0,0.0,0.0
