Style Id,Model Name
43008719,Realme P4X
44211251,Samsung Galaxy S25 Ultra
43008989,MOTO Edge 70 Fusion
41106854,Vivo V70 Elite
44211249,Samsung Galaxy S25 Ultra
44211262,Motorola Edge 70 Max
44211244,Samsung Galaxy S24 5G
43009002,MOTO Edge 70 Fusion
44211250,Samsung Galaxy S25 Ultra
43008717,Vivo Y51 PRO
44211279,Samsung Galaxy S24 5G
44210738,Poco F7
42145129,Samsung A57 5G
43028675,Samsung Galaxy S25 FE
43008863,MOTO Signature
43008960,Moto Edge 70 Pro Plus
43008869,MOTO Signature
42145128,Vivo T4 Ultra
39258919,iPhone 17 Pro Max
39587663,Moto G06 Power
36805036,Moto G96
39587499,Vivo x300 5G
36804992,Moto Edge 50 Fusion
39827788,Vivo T4
39827790,Vivo Y31 Pro
38143261,Vivo T4 Pro
38143270,Vivo T4 Pro
39827781,Samsung Galaxy S26 Ultra
36805080,vivo V60
36804987,iPhone 16 Pro Max
42697798,Google Pixel 10A
35706338,Oppo K12X 5G
35706713,Realme 11 5G
35706483,Oppo K12X 5G
36975383,vivo T4X
43009017,MOTO Edge 70 Fusion
35706703,Oppo K12X 5G
35706034,Realme C55
34630498,POCO C75
35843737,Redmi 13C 5G
35843930,Redmi 13C 5G
35706729,Oppo Reno 11 Pro 5G
35706279,Oppo K12X 5G
35287385,Vivo T3X
35288154,Vivo T3X
35287282,Vivo T3X
35287046,Vivo T3X
35844275,Infinix Hot 40i
35843945,Infinix Hot 40i
35288066,Vivo Y28 5G
35287488,Vivo Y200
36253948,VIVO T4R 5G
35843717,Infinix Hot 40i
35706630,Realme C55
34783264,iPhone 15 Plus
36495839,Moto G86 Power 5G
35706608,Oppo Reno 11 5G
35288210,Vivo Y17s 5G
35286922,Vivo Y200
36495823,Oppo Reno 14
35287236,Vivo V40
39587469,Vivo x300 5G
36495819,IQOO Neo 10
35843885,Redmi 9I
43028667,Samsung Galaxy S25 FE
35706254,Realme P1
39587467,Vivo x300 5G
35288164,Vivo T3 Pro
34949497,Samsung Galaxy A35
35706232,Realme 12 Pro
38142723,vivo X200 FE
34801144,IPhone 14 Pro Max
39592493,iPhone 17
35843242,Redmi 9I
35481450,Oneplus Nord CE 3 Lite
34611027,iPhone 16 Pro
35287621,Vivo V40E
35287463,Vivo V50e
35705889,Realme P1 Pro 5G
35287494,Vivo Y200
41096538,VIVO V70 5G
34630381,Redmi Note 14 Pro
36804973,Infinix GT 30 5G+
36495784,Oppo Reno 14
36310404,iPhone 16 Pro Max
35087877,Moto G35
39587657,Samsung A17 5G
35481380,OnePlus Nord CE 2 Lite 5G
39587434,iPhone 17
39587498,iPhone 17
36253960,VIVO T4R 5G
35706519,Realme C51
39047714,Vivo T4
38142826,Vivo X Fold 5 5G
36805059,Samsung Galaxy Z Fold 7
41096534,Vivo V70 Elite
42697803,VIVO V70 FE
36805039,Moto G85
36805013,Samsung Galaxy S24 fe
39827789,Vivo Y31 5G
35706458,Realme Narzo 70 5G
39047680,Oppo Reno 14
35898452,vivo T4X
38141261,Samsung Galaxy S24 Ultra
34871073,Samsung Galaxy S24 Ultra
41802182,VIVO X200T
35898420,Google Pixel 9a
38142883,iPhone 17 Pro
36310410,IQOO Neo 10
35898431,Moto G85
36310407,Nothing Phone 2A
36225686,Samsung A36 5G
36805002,Samsung Galaxy A35
35706137,Oppo Reno 13 5G
35705897,Oppo K12X 5G
36807159,vivo V60
34704038,Moto Edge 60 Fusion
34714153,iPhone 16 Plus
39827775,Samsung Galaxy S26 Ultra
38142908,vivo V60
35287170,VIVO V27 5G
44210736,Poco F7
44210739,Google Pixel 9a
43008705,MOTO Edge 70 Pro
43008716,Vivo T5x
41529965,Poco M8
43009026,Moto Edge 70 Pro Plus
41097595,Redmi Note 15
44210737,Poco F7
41867174,Nothing Phone 4A
41455890,VIVO T4 Ultra
41106855,VIVO V70 5G
42145131,Redmi Note 15
43028671,Samsung Galaxy S25 FE
43008872,MOTO Signature
43009022,MOTO Edge 70 Fusion
42145124,OPPO Find X9 Ultra
43008814,MOTO Edge 70 Pro
44210741,Google Pixel 9a
43008813,MOTO G37 Power
41802158,OPPO Reno 15C
41529960,Redmi Note 15
43028668,Samsung Galaxy S25 FE
43008867,MOTO Signature
42145127,Samsung A57 5G
41818462,Nothing Phone 4A Pro
42697851,Oppo Reno 15 Pro Mini 5G
44211248,Samsung Galaxy S25 FE
43008858,MOTO Signature
43008727,IQOO Z11X
41106127,Redmi Note 15 Pro Plus
41529964,Redmi Note 15
43009023,MOTO Edge 70 Fusion
43008874,MOTO Signature
41096552,Vivo V70 Elite
43008825,MOTO G37 Power
43008856,MOTO Signature
42145136,Redmi Note 15 Pro
43009014,MOTO Edge 70 Fusion
43008810,MOTO Edge 70 Pro
43008730,Moto G37 Power
43009004,MOTO Edge 70 Fusion
42145123,Samsung A57 5G
43008864,MOTO Signature
43009005,MOTO Edge 70 Fusion
42145138,Vivo T4 Ultra
43008761,MOTO G37 Power
42145133,Vivo T4 Ultra
43008726,Moto Edge 70 pro
43008721,Moto Edge 70 pro
43028670,Samsung Galaxy S25 FE
41096554,VIVO X300 Ultra
43008848,MOTO Signature
42145134,Samsung A57 5G
44210734,Google Pixel 9a
41802171,Xiaomi Poco X8 Pro
43008997,MOTO Edge 70 Fusion
43028666,Samsung Galaxy S25 FE
41096513,VIVO V70 5G
43008843,MOTO G37 Power
41345555,Nothing Phone 3A Lite
43008853,MOTO Signature
41867239,Nothing Phone 4A Pro
41867176,Nothing Phone 4A
43008870,MOTO Signature
43008985,MOTO Edge 70 Fusion
41867201,Nothing Phone 4A
38143265,Vivo T4 Pro
41345571,MOTO Edge 70
39258620,OPPO F31 5G
38146570,vivo X200 FE
43008703,MOTO Edge 70 Pro
42700457,Samsung Galaxy S26 Ultra
38141260,Vivo T4 Pro
38142736,vivo X200 FE
43008847,MOTO Signature
38142897,Samsung A16
38143267,Vivo T4 Pro
36804965,Infinix GT 30 5G+
43028672,Samsung Galaxy S25 FE
38143250,Vivo T4 Pro
43008871,MOTO Signature
41096542,VIVO V70 5G
39258937,iPhone 17 Pro
39258624,VIVO X300 5G
38143259,Vivo T4 Pro
36804964,Infinix GT 30 5G+
42165479,Redmi Note 15 Pro Plus
38143260,Vivo T4 Pro
39827783,Samsung Galaxy S26 Ultra
39258902,iPhone 17 Pro Max
43008806,MOTO G37 Power
39587428,iPhone 17
39587500,Vivo x300 5G
41096524,Vivo V70 Elite
43008827,Moto G77 Power
39878182,iPhone 17 Pro Max
39587497,iPhone 17
39047677,Oppo Find X8
43009019,MOTO Edge 70 Fusion
42165484,Redmi Note 15 Pro Plus
38143269,Vivo T4 Pro
43008715,Moto G37
39587865,Vivo x300 5G
38142825,Vivo X Fold 5 5G
36805038,Moto G96
43028669,Samsung Galaxy S25 FE
41529962,Redmi Note 15
39587834,Vivo x300 5G
38142980,Oppo Find X9 Pro
36804955,Infinix GT 30 5G+
39878180,iPhone 17 Pro Max
43009020,MOTO Edge 70 Fusion
39587706,OnePlus 15 5G
43009009,MOTO Edge 70 Fusion
36975386,OnePlus Nord CE 5 5G
36804957,Samsung Galaxy M36
42145140,Redmi Note 15 Pro
43008978,Moto Edge 70 Pro Plus
41867266,Nothing Phone 4A Pro
41096509,Vivo V70 Elite
43008878,MOTO Signature
41345575,Nothing Phone 3A Lite
39749662,OnePlus Nord 5
38143251,Vivo T4 Pro
43008987,MOTO Edge 70 Fusion
43009018,MOTO Edge 70 Fusion
42165482,Redmi Note 15 Pro Plus
41096525,VIVO V70 5G
43008743,Moto G77 Power
39587867,Vivo x300 5G
38142836,Samsung Galaxy S24 5G
39587459,Oneplus Nord CE5
38142691,Samsung A16
36804958,Samsung Galaxy F36
43009032,Moto Edge 70 Pro Plus
39827756,Samsung Galaxy S26 Plus
39587489,Vivo x300 5G
39047710,Samsung Galaxy S24 Ultra
38142797,Google Pixel 10 Pro
38143253,Vivo T4 Pro
36804962,Realme P3 Ultra
43008720,Moto G77 Power
43008790,MOTO G37 Power
41096553,Vivo V70 Elite
43009021,MOTO Edge 70 Fusion
39047620,iPhone 17 Pro
41455888,Nothing Phone 3A Lite
44210740,Google Pixel 9a
42165837,Nothing Phone 4A Pro
38142900,Moto G85
43008728,Moto G37
36805042,OPPO K13 5G
43008701,MOTO Edge 70 Pro
43008859,MOTO Signature
39749649,Moto G57 Power 5G
43008861,MOTO Signature
42145130,Redmi Note 15 Pro
39047709,Samsung Galaxy S24 Ultra
43008714,MOTO Edge 70 Pro
41345579,Nothing Phone 3A Lite
43008771,MOTO G37 Power
43008977,Moto Edge 70 Pro Plus
41345521,Nothing Phone 3A Lite
43008818,Moto G37
41802160,Nothing Phone 4A
39878170,iPhone 17 Pro
39047711,Samsung Galaxy S24 Ultra
36495788,Poco F7
43009029,Moto Edge 70 Pro Plus
41096541,VIVO X300S
39827786,Samsung Galaxy S26 Ultra
39047615,iPhone 17 Pro
39047706,Samsung Galaxy S24 Ultra
35287680,Vivo V40 Pro
41345566,Nothing Phone 3A Lite
41096559,vivo T4 Ultra
35844002,Infinix Smart 8 Plus
43008993,MOTO Edge 70 Fusion
43009001,MOTO Edge 70 Fusion
41096493,Vivo V70 Elite
39749647,Moto G57 Power 5G
39047684,Samsung Galaxy S24 Ultra
35843771,Infinix Hot 40i
38141255,Google Pixel 10
43008826,MOTO Edge 70 Pro
43008991,MOTO Edge 70 Fusion
42145132,Redmi Note 15
38143256,Vivo T4 Pro
35843850,Infinix 11s
43009003,MOTO Edge 70 Fusion
43008803,MOTO Edge 70 Pro
41455889,MOTO Edge 70
39258616,Oneplus Nord 5
34611034,iPhone 16 Pro
41529969,Redmi Note 15
36975389,Vivo Y400 Pro
34949746,Samsung Galaxy S23 Plus 5G
43009039,Moto Edge 70 Pro Plus
39258668,IQOO 15 5G
39749648,Moto G57 Power 5G
34726114,iPhone 16
43008957,Moto Edge 70 Pro Plus
42697850,OPPO Reno 15 Pro Mini
41345519,Nothing Phone 3A Lite
38142696,Samsung Galaxy A35
38142688,Samsung A16
35287914,Vivo T3 Lite
43008992,MOTO Edge 70 Fusion
41345576,Nothing Phone 3A Lite
41096530,Vivo V70 Elite
36253942,VIVO T4R 5G
35843696,Redmi Note 12 Pro Plus 5G
35843284,Infinix 11s
33073738,Vivo Y17s
43008751,Moto G77 Power
41345524,Nothing Phone 3A Lite
39258619,Oppo F31 Pro
38142709,Samsung Galaxy Z Fold 6
36225694,Samsung A36 5G
34949462,Samsung Galaxy S23 Plus 5G
33251256,Samsung Galaxy S24 fe
42145126,Redmi Note 15 Pro
41345556,MOTO Edge 70
39878183,iPhone 17 Pro
36804974,Moto G86 Power 5G
43008981,Oneplus Nord Ce 6 Lite
41529967,Redmi Note 15
39047626,iPhone 17
36805032,Moto G86 Power 5G
35706080,Oppo A78 5G
39587556,iPhone 17 Pro Max
39047679,Oppo Reno 14 Pro
35898451,vivo v40 Pro
35843804,Infinix Smart 8 Plus
42697853,OPPO Reno 15 Pro Mini
36633780,Moto G45
35843828,Infinix Smart 8 Plus
35288089,Vivo V30e
43008829,Moto G77 Power
43008851,MOTO Signature
41345548,Nothing Phone 3A Lite
39749674,Moto G57 Power 5G
39587461,iPhone 17
39047708,Samsung Galaxy S24 Ultra
38142684,Samsung A16
43009035,Moto Edge 70 Pro Plus
43008995,MOTO Edge 70 Fusion
35844016,Infinix GT 30 Pro
35482292,Oneplus Nord CE 3
34949437,Samsung Galaxy S23 Plus 5G
42165834,VIVO X300S
41345574,MOTO Edge 70
39587488,Vivo x300 5G
35843543,Infinix 11s
35843495,Nothing Phone CMF 2 Pro
43008802,Moto G37
41345547,Nothing Phone 3A Lite
35898435,Moto Edge 50 5G
35706571,Realme C55
35288137,Vivo T3X
42697801,Google Pixel 10A
41096520,VIVO V70 5G
39827761,Samsung Galaxy S26
43008789,Moto G37
39827771,Samsung Galaxy S26
35843564,Redmi 13C 5G
35706691,Oppo K12X 5G
35288018,Vivo T3X
35843422,Nothing Phone CMF 2 Pro
35898391,Moto G96
35286891,Vivo Y200
41345544,Nothing Phone 3A Lite
36805058,Samsung Galaxy Z Fold 7
35843738,Infinix GT 30 Pro
35288143,Vivo T3 Lite
34630493,VIVO V50 5G
43008984,MOTO Edge 70 Fusion
43008780,Moto G37
38141254,Oppo K13 5G
35286849,vivo v30 Pro
39258609,Oneplus Nord 5
43009036,Moto Edge 70 Pro Plus
41345538,MOTO Edge 70
39587860,Vivo x300 5G
39047707,Samsung Galaxy S24 Ultra
35706599,OPPO Reno 10 Pro Plus
35287874,Vivo V30
42165831,VIVO X300 Ultra
35287209,Vivo Y73
36805011,Samsung A56 5G
41345559,Nothing Phone 3A Lite
41345541,Nothing Phone 3A Lite
39587719,Vivo x300 Pro
39258922,iPhone 17 Pro Max
35843711,Nothing Phone 3A Pro
35286865,vivo v30 Pro
39047704,Samsung Galaxy S24 Ultra
38142820,Google Pixel 10 Pro
35843812,Infinix GT 20 Pro
35287982,Vivo T3X
43009038,Moto Edge 70 Pro Plus
39749645,Moto G57 Power 5G
35334421,iQOO Z9X
35287843,vivo T2 Pro
34849363,Samsung Galaxy S23 5G
34469752,Oppo Reno 13 5G
43008838,Moto G77 Power
43009000,MOTO Edge 70 Fusion
41345542,Nothing Phone 3A Lite
38142734,vivo X200 FE
35843489,Nothing Phone 3a
39047689,Samsung Galaxy S24 Ultra
41345540,Nothing Phone 3A Lite
35898424,Moto G96
43008774,Moto G37
39047688,Samsung Galaxy S24 Ultra
38142831,Samsung Galaxy S24 5G
35843366,Infinix Smart 8 Plus
35706421,Oppo K12X 5G
35288182,VIVO V27 Pro 5G
36495828,IQOO Neo 10
35843751,Infinix GT 30 Pro
39827749,Samsung Galaxy S26 Plus
36805000,Samsung A36 5G
41802165,VIVO X300 FE
41345554,MOTO Edge 70
38142912,Vivo T4 Pro
36975384,Moto G86 Power 5G
35843842,Redmi Note 12 Pro Plus 5G
35288135,Vivo T3 Lite
34949508,Samsung Galaxy A15
34869062,Samsung Galaxy S24 PLUS 5g
33882969,Realme 13 Pro Plus
43008975,Moto Edge 70 Pro Plus
41345545,Nothing Phone 3A Lite
39827752,Samsung Galaxy S26 Plus
39592501,Oppo Reno 15 Pro
39047703,Samsung Galaxy S24 Ultra
35898461,Moto G96
34949278,Samsung Galaxy A15
43008742,Moto G77 Power
35288187,Vivo T1 5G
34849360,Samsung Galaxy S23 5G
43008973,Moto Edge 70 Pro Plus
43008990,MOTO Edge 70 Fusion
38143262,Vivo T4 Pro
36975385,Moto G86 Power 5G
36975393,Samsung A16
36253977,VIVO T4R 5G
35287634,Vivo Y100 5G
34611122,iPhone 16 Pro
35843676,Redmi Note 12 5G
43008793,Moto G37
41867169,Nothing Phone 4A
41345533,MOTO Edge 70
36633779,Moto Razr 60
35843785,Redmi 13C 5G
35287972,Vivo T3X
43008868,MOTO Signature
41529966,Poco M8
39258939,iPhone 17 Pro
36495806,Oppo Reno 14 Pro
35843693,Infinix GT 10 Pro
43008766,Moto G37
41345531,Nothing Phone 3A Lite
39587814,Vivo x300 5G
34703918,Samsung S25 Ultra
43009028,Moto Edge 70 Pro Plus
41802174,iQOO 15R
41345526,Nothing Phone 3A Lite
36805069,vivo V60
36603213,iPhone 17 Pro Max
35706318,Realme 11 5G
38142977,Samsung Galaxy A17
43009030,Moto Edge 70 Pro Plus
38146003,Vivo T4 Pro
36975391,Realme 15
35843253,Redmi Note 12 5G
35844209,Infinix 40 Pro
39047685,Samsung Galaxy S24 Ultra
36495825,IQOO Neo 10
35706129,Realme Narzo N65 5G
35287974,vivo T2 Pro
35087851,Moto G84
43008807,MOTO G37 Power
41867242,Nothing Phone 4A Pro
41345530,Nothing Phone 3A Lite
35287932,Vivo T3 Lite
35087874,Moto Edge 40
39258901,iPhone 17 Pro Max
36253976,VIVO T4R 5G
35843457,Nothing Phone CMF 2 Pro
35843238,Redmi Note 13 Pro
35706124,Oppo F27 Pro Plus
35287954,Vivo T3 Lite
39587661,iPhone 17 Pro Max
38142991,Samsung Galaxy Z Flip 7 FE
35287316,Vivo V30e
35287269,Vivo T3 Lite
34748921,iPhone 15 Pro
43009033,Moto Edge 70 Pro Plus
36310406,Nothing Phone 2A
35898444,vivo V40
35705983,Oppo K12X 5G
39587672,OnePlus 15 5G
39047699,Samsung Galaxy S24 Ultra
35287917,Vivo T3X
43008710,MOTO Edge 70 Pro
41345516,Nothing Phone 3A Lite
39047698,Samsung Galaxy S24 Ultra
35843989,Redmi Note 13 Pro
41096514,Vivo V70 Elite
39587655,Redmi Note 14 5G
35843819,Redmi 9I
34846724,IPhone 14 Plus
41345515,MOTO Edge 70
36805055,Samsung Galaxy Z Fold 7
34846830,iPhone 14 Plus
35288244,Vivo V30
43008772,Moto G37
35706728,Realme Narzo N65 5G
35287442,Vivo V30
35287029,Vivo V40E
34846716,IPhone 14 Plus
34630494,POCO C75
33077176,Vivo V29
35286899,Vivo Y200e
43008758,Moto G37
43008965,Moto Edge 70 Pro Plus
41096505,VIVO V70 5G
36805017,Samsung Galaxy S24 fe
35843398,Redmi Note 14 Pro Plus
35706073,Oppo Reno 12
35481444,Oneplus Nord Ce 2 5G
35286931,VIVO Y55 5G
34783389,iPhone 15 Plus
34611035,iPhone 16 Pro
41345529,MOTO Edge 70
39749666,Moto G57 Power 5G
36804975,iPhone 15
36764707,Google Pixel 10
35288133,Vivo T1 Pro 5G
34949930,Samsung Galaxy M35
43008808,MOTO Edge 70 Pro
41096523,Vivo V70 Elite
39047696,Samsung Galaxy S24 Ultra
35844062,Redmi Note 13 pro plus
35287478,Vivo V30 Pro
35287366,Vivo T3 Lite
34611018,iPhone 16 Pro
41345509,MOTO Edge 70
38142924,Redmi 15 5G
35706595,Realme C51
35287327,Vivo T3 Lite
35288238,VIVO V27 Pro 5G
43008729,Oneplus Nord 6
39749670,Moto G57 Power 5G
38143258,Vivo T4 Pro
35898462,Moto G96
43008805,MOTO Edge 70 Pro
41529961,Poco M8
39258593,iPhone 17 Pro
36253935,VIVO T4R 5G
35843497,Redmi Note 12 5G
43008711,MOTO Edge 70 Pro
41345534,MOTO Edge 70
35843383,Infinix GT 20 Pro
35286958,Vivo V27
35087573,Moto G85
34792108,iPhone 15
39827765,Samsung Galaxy S26
39587510,iPhone 17
35481502,OnePlus Nord 2T 5G
35287514,Vivo V30
39258921,iPhone 17 Pro Max
39047697,Samsung Galaxy S24 Ultra
38142915,Samsung Galaxy S25 FE
35898411,Oppo Reno 14 Pro
35705913,OPPO Reno 10
35287348,vivo T2 Pro
34630500,POCO C75
41867192,Nothing Phone 4A
39047694,Samsung Galaxy S24 Ultra
35843647,Redmi 9I
33864457,Moto Edge 50 Fusion
41867265,Nothing Phone 4A Pro
38142867,Google Pixel 10
35334306,Vivo IQOO Z6 5G
35288228,Vivo V30e
35088035,Moto Edge 50 Neo
39587720,Vivo x300 5G
43008724,Moto G37
39749693,Moto G57 Power 5G
35288252,Vivo Y30 5G
35087665,Moto Edge 50 Pro
43008841,Moto G77 Power
43008983,MOTO Edge 70 Fusion
35843380,Infinix GT 30 Pro
34611056,iPhone 16 Pro
35287585,VIVO V27 Pro 5G
41345512,Nothing Phone 3A Lite
39258597,Moto G67 Power 5G
35706737,Realme C51
35481411,OnePlus Nord 2T 5G
35287696,VIVO Y55 5G
34792260,iPhone 15
39827760,Samsung Galaxy S26
43008821,MOTO G37 Power
39047692,Samsung Galaxy S24 Ultra
39047617,iPhone 17 Pro
35843796,Redmi Note 13 pro plus
35287626,Vivo Y75 5G
43008800,MOTO G37 Power
43009007,MOTO Edge 70 Fusion
39749642,Moto G67 Power 5G
35288251,Vivo T3 Pro
35087960,Moto Edge 60 Pro
43008976,MOTO Edge 70 Fusion
41867259,Nothing Phone 4A Pro
35843926,Infinix 40 Pro
35287292,Vivo V29
34949583,Samsung GAlaxy A14 5G
34837961,iPhone 14 Pro
34792320,iPhone 15
43008850,MOTO G37 Power
39587664,OnePlus 15R 5G
36804979,Samsung Galaxy Z Fold 7
35843716,Redmi Note 12 5G
35843602,Redmi Note 13 pro plus
35087338,Moto Edge 60 Pro
34871122,Samsung Galaxy S24 5G
38142724,vivo X200 FE
36253972,VIVO T4R 5G
35844053,Redmi Note 10 Pro Max
35706597,Realme C65 5G
35287093,Vivo T3X
35288175,VIVO V27 5G
35087503,Moto Edge 50 Pro
38142996,Google Pixel 10
36804976,iPhone 15
35843409,Infinix GT 20 Pro
35287603,Vivo Y100 5G
43008740,Moto G37
35287897,VIVO Y55 5G
35287965,Vivo T1 5G
34792280,iPhone 15
43008966,Moto Edge 70 Pro Plus
39827774,Samsung Galaxy S26
35843502,Nothing Phone CMF 2 Pro
35706701,Oppo F27 Pro Plus
43008752,Moto G37
38142917,IQOO 15 5G
36603219,iPhone 17 Air
35287259,Vivo T3 Lite
35287869,Vivo V30
35288178,Vivo V30
35334437,iQOO Z9X
35087873,Moto Edge 40 Neo
43008982,MOTO Edge 70 Fusion
39749607,Moto G67 Power 5G
36804954,Honor 200
35287225,Vivo T3X
34783370,iPhone 15 Plus
43008830,MOTO Edge 70 Pro
41867179,Nothing Phone 4A
39047691,Samsung Galaxy S24 Ultra
35898446,vivo v50e
35287121,Vivo T3 Lite
35287983,VIVO V27 Pro 5G
34846715,IPhone 14 Plus
43008970,Moto Edge 70 Pro Plus
41345535,MOTO Edge 70
39827755,Samsung Galaxy S26 Plus
35843290,Redmi Note 12 5G
34837976,IPhone 14 Pro
39587649,Google Pixel 10
34704055,Moto G85
38143252,Vivo T4 Pro
35286991,Vivo V30e
39587455,iPhone 17 Pro Max
39587662,iPhone 17
39258896,iPhone 17 Pro Max
39587477,Vivo x300 5G
36805007,Samsung A36 5G
34949724,Samsung Galaxy Z Fold 6
36804982,Samsung Galaxy Z Fold 7
36805005,Samsung Galaxy A35
33850490,Nothing Phone 2a
41097594,Realme 15T
38146590,Google Pixel 10
36804989,Samsung Galaxy Z Fold 7
41867263,Nothing Phone 4A Pro
43008750,Moto G37
43008798,MOTO Edge 70 Pro
43008842,MOTO Signature
42697846,OPPO Reno 15 Pro Mini
43008816,MOTO Edge 70 Pro
43008845,Moto G77 Power
43009037,Moto Edge 70 Pro Plus
42697847,OPPO Reno 15 Pro Mini
43008822,MOTO Edge 70 Pro
43008854,MOTO Signature
42145148,Xiaomi Poco X8 Pro
43008791,Moto G37
43008718,Samsung F06
43008824,Moto G77 Power
43008817,MOTO Edge 70 Pro
43008834,Moto G77 Power
43009025,Moto Edge 70 Pro Plus
43008811,MOTO G37 Power
43008855,Moto G77 Power
43008738,Moto G37
43008746,Moto G77 Power
43008760,MOTO G37 Power
41867253,Nothing Phone 4A Pro
43008748,Moto G77 Power
43008820,MOTO G37 Power
43008809,MOTO G37 Power
43008833,MOTO G37 Power
43008744,Moto G77 Power
41867205,Nothing Phone 4A
43008799,Moto G37
43008837,MOTO G37 Power
41867257,Nothing Phone 4A Pro
43008801,MOTO G37 Power
43008828,Moto G77 Power
43008836,Moto G77 Power
42145137,Redmi Note 15
43008846,MOTO Signature
43008956,Moto Edge 70 Pro Plus
41867255,Nothing Phone 4A Pro
41867171,Nothing Phone 4A
43008812,MOTO Edge 70 Pro
43008741,Moto G77 Power
43008963,Moto Edge 70 Pro Plus
43008819,MOTO G37 Power
43008835,Moto G77 Power
42697800,IQOO Z11
43008706,MOTO Edge 70 Pro
41867251,Nothing Phone 4A Pro
43008733,MOTO Edge 70 Pro
43008707,MOTO Edge 70 Pro
41867252,Nothing Phone 4A Pro
43008709,MOTO Edge 70 Pro
43008737,Moto G37
43008969,Moto Edge 70 Pro Plus
43008840,Moto G77 Power
43008823,Moto G77 Power
43008958,Moto Edge 70 Pro Plus
43008784,Moto G37
43009027,Moto Edge 70 Pro Plus
43008773,Moto G37
41867244,Nothing Phone 4A Pro
43008704,MOTO Edge 70 Pro
43008739,Moto G37
43008702,MOTO Edge 70 Pro
43008731,Moto G37
42697848,OPPO Reno 15 Pro Mini
41867249,Nothing Phone 4A Pro
43008759,MOTO Edge 70 Pro
43008788,Moto G37
41867247,Nothing Phone 4A Pro
43008753,Moto G37
43008794,MOTO Edge 70 Pro
43008723,Moto G37
43008764,MOTO G37 Power
43008713,MOTO Edge 70 Pro
43008755,Moto G37
43008797,Moto G37
43008712,MOTO Edge 70 Pro
43008735,Moto G77 Power
43008762,MOTO G37 Power
41867199,Nothing Phone 4A
43008831,Moto G77 Power
42145125,Samsung A57 5G
43008815,MOTO G37 Power
43008844,MOTO Signature
43008769,MOTO G37 Power
43008756,MOTO Edge 70 Pro
41867204,Nothing Phone 4A
43008745,Moto G77 Power
43008749,Moto G77 Power
41867194,Nothing Phone 4A
43008736,Moto G77 Power
43008974,Moto Edge 70 Pro Plus
43008796,Moto G37
45495057,Samsung Galaxy A27
41867238,Nothing Phone 4A Pro
43008959,Moto Edge 70 Pro Plus
41867202,Nothing Phone 4A
41867172,Nothing Phone 4A
41867196,Nothing Phone 4A
43008804,MOTO G37 Power
41867180,Nothing Phone 4A
43008763,MOTO G37 Power
43008734,Moto G77 Power
43008972,Moto Edge 70 Pro Plus
41867195,Nothing Phone 4A
41867185,Nothing Phone 4A
43008792,Moto G37
43008832,MOTO Signature
43008767,MOTO G37 Power
43008722,Moto G77 Power
41867177,Nothing Phone 4A
43008857,Moto G77 Power
43008765,MOTO G37 Power
41867168,Nothing Phone 4A
41867260,Nothing Phone 4A Pro
43008757,MOTO G37 Power
41867181,Nothing Phone 4A
41867178,Nothing Phone 4A
43008725,Samsung M06
45495066,Samsung Galaxy A27
43008768,MOTO G37 Power
43008754,Moto G77 Power
43008971,Moto Edge 70 Pro Plus
43009024,Moto Edge 70 Pro Plus
42697799,Google Pixel 10A
39047686,Samsung Galaxy S24 Ultra
36253985,VIVO T4R 5G
35898456,Moto G96
35843669,Infinix GT 10 Pro
35843508,Redmi Note 12 5G
35706214,Realme P1 Pro 5G
35287177,Vivo X100 Pro
35287280,Vivo V40E
35087463,Moto G62
39749608,Moto G67 Power 5G
36495789,Oppo Reno 14 Pro
35843808,Infinix 40 Pro
35482276,OnePlus Nord CE 2 5G
41345525,MOTO Edge 70
35843573,Redmi 10 Prime
33855669,Samsung Galaxy S24 Ultra
39749638,Moto G57 Power 5G
39592487,iphone 17
39047678,Moto Razr 50 Ultra
36805025,Samsung S25
35482222,Oneplus Nord CE 3 Lite
34846773,IPhone 14 Plus
34949767,Samsung Galaxy Z Fold 6
41097596,Redmi Note 15 Pro
39749675,Moto G57 Power 5G
38142880,Google Pixel 10
35898457,VIVO V50 5G
35843627,Redmi 9I
34792277,iPhone 15
35843659,Redmi 9I
36253933,VIVO T4R 5G
35843938,Redmi Note 13 Pro
35482298,Oneplus Nord CE 3
39827772,Samsung Galaxy S26
39749679,Moto G57 Power 5G
35843898,Redmi Note 13 pro plus
41096517,Vivo V70 Elite
39749677,Moto G57 Power 5G
35898463,Moto G96
39827762,Samsung Galaxy S26 Plus
39587546,iPhone 17 Pro Max
35706159,Oppo F27 Pro Plus
34837973,IPhone 14 Pro
34704184,Redmi Note 14 Pro Plus
36805009,Nothing Phone 3
36253980,VIVO T4R 5G
35287879,Vivo T1 5G
41096521,VIVO V70 5G
39749698,iPhone 17 Air
35843250,Mi Redmi K50i
35706612,Realme P1 Pro 5G
35287340,vivo T2 Pro
34469757,Oppo Reno 13 5G
41802162,VIVO X300 FE
41345522,Nothing Phone 3A Lite
35844007,Redmi Note 14 Pro Plus
35481603,OnePlus Nord 2T 5G
35287893,Vivo V50e
35287005,Vivo Y100 5G
35287419,Vivo Y30 5G
33855685,Samsung Galaxy S24 Ultra
41345510,Nothing Phone 3A Lite
39587476,Vivo x300 5G
36253971,VIVO T4R 5G
35843909,Poco X4 Pro 5G
35334460,Vivo IQOO Z6 5G
35287127,Vivo T3 Lite
36253969,VIVO T4R 5G
35706177,Realme C51
35706647,Realme Narzo 70 5G
34949921,Samsung GAlaxy A14 5G
34630345,Vivo V40E
34630490,Xiaomi Poco X7 Pro
34630423,Vivo V40E
35706374,Realme Narzo 70 5G
35286979,Vivo T3 Lite
35087883,Moto Edge 60 Fusion
34949418,Samsung A16
39592488,iphone 17
39587481,Vivo x300 5G
35844156,Redmi Note 13 pro plus
35706474,Oppo Reno 12 Pro
35287510,Vivo V30
35287490,Vivo V30
34704088,OnePlus Nord 4
41096501,Vivo V70 Elite
33855672,Samsung Galaxy S24 Ultra
35843451,Redmi Note 14 Pro Plus
35706109,Realme C51
35286972,Vivo T3 Lite
35287146,Vivo T3 Lite
35898443,Moto G96
35843456,Redmi 9I
35706507,Realme C51
35843566,Redmi 9I
35482066,Oneplus Nord CE 3 Lite
39827758,Google Pixel 9 Pro Fold
39047695,Samsung Galaxy S24 Ultra
38142737,vivo X200 FE
36804956,Honor 200
35706300,Realme 11 5G
35287130,Vivo T3X
34825580,IPhone 14
38142814,Google Pixel 10 Pro
35705990,Realme C65 5G
35286954,Vivo V30e
34801304,IPhone 14 Pro Max
33251259,Samsung Galaxy S24 fe
36253979,VIVO T4R 5G
35288265,VIVO V27 Pro 5G
39047687,Samsung Galaxy S24 Ultra
34630437,Vivo V40E
39878172,iPhone 17 Pro
36373687,Samsung Galaxy M36
35898428,Moto Edge 60 Pro
35287777,VIVO V27 5G
35287069,VIVO V27 Pro 5G
41345514,Nothing Phone 3A Lite
36409586,Vivo T4 Ultra
36253978,VIVO T4R 5G
35287971,Vivo X100 Pro
36805082,vivo V60
35843614,Redmi Note 10 Pro Max
39587472,Vivo x300 5G
39258599,Oneplus Nord 5
38142926,OnePlus 15 5G
36495817,Oppo Reno 14 Pro
36495782,IQOO Neo 10R
35705859,Realme P1 Pro 5G
41345520,Nothing Phone 3A Lite
35843963,Redmi Note 14 Pro Plus
35706029,Realme C65 5G
34949773,Samsung Galaxy A15
39749655,Moto G67 Power 5G
36495813,Oppo Reno 14 Pro
35288149,Vivo T1 Pro 5G
35087386,Moto Edge 60 Pro
34825642,IPhone 14
35843469,Infinix 40 Pro
35706348,Realme 11 Pro
35482288,Oneplus Nord CE 3
35287979,Vivo V40E
39749640,Moto G67 Power 5G
39047683,Samsung Galaxy S24 Ultra
36253937,VIVO T4R 5G
35706717,Realme P1
34949468,Samsung Galaxy S23 FE
36253943,VIVO T4R 5G
35706211,Realme 12 5G
35287118,Vivo V40
35287710,vivo T2 Pro
41802155,VIVO X300 Pro
39587479,Vivo x300 5G
36495827,IQOO Neo 10
35898459,Moto G96
35843884,Redmi Note 14 Pro Plus
35287181,Vivo V29
34949655,Samsung GAlaxy A14 5G
34630485,Samsung S25 Ultra
39587670,OnePlus 15R 5G
36804961,Honor 200
36495822,IQOO Neo 10
35843921,Redmi Note 13 pro plus
35481373,Oneplus 12
39827754,Samsung Galaxy S26 Plus
39749646,Moto G67 Power 5G
36975390,OnePlus Nord 5
35843482,Nothing Phone 3A
34949476,Samsung Galaxy Z Flip 6
34703842,Moto G85
41096504,VIVO V70 5G
35705837,Realme 11 Pro
35288009,Vivo Y30 5G
34949813,Samsung Galaxy A15
34630474,VIVO V50 5G
41802170,Xiaomi Poco X8 Pro
41096498,Vivo V70 Elite
36225583,Samsung A36 5G
35706233,Realme P1
35288276,VIVO V27 5G
35286924,vivo T2 Pro
34949910,Samsung GAlaxy A14 5G
34949951,Samsung Galaxy S23 FE
36225657,Samsung Galaxy S24 5G
35898401,Moto G96
35706636,Realme P1 Pro 5G
35706354,Oppo F27 Pro Plus
35287153,VIVO V27 5G
34825539,IPhone 14
39587559,iPhone 17 Pro Max
35898441,Moto G96
41345577,Nothing Phone 3A Lite
36253944,VIVO T4R 5G
35898427,Moto G96
39587539,iPhone 17 Pro Max
36495815,Oppo Reno 14 Pro
36225697,Samsung Galaxy S24 fe
35898464,Moto G96
35843168,Poco M4 Pro 5G
41096527,VIVO V70 5G
38142658,Moto Edge 50 Ultra
34801274,IPhone 14 Pro Max
34783231,iPhone 15 Plus
41802156,VIVO X300 FE
36495821,Oppo Reno 14
35287607,Vivo V40E
35287564,Vivo Y100 5G
35287962,Vivo V40
34825552,IPhone 14
35843218,Redmi 9I
35287027,Vivo Y73
39878186,Google Pixel 10 Pro
39827751,Samsung Galaxy S26 Plus
38143257,Vivo T4 Pro
35898389,Moto G96
39258895,iPhone 17 Pro Max
36253934,VIVO T4R 5G
35898453,vivo T4
34745685,iPhone 15 Pro Max
39587516,iPhone 17
36253931,VIVO T4R 5G
35481631,Oneplus Nord CE 4 Lite
40564957,iPhone 17e
36253949,VIVO T4R 5G
35706364,Realme P1 Pro 5G
35087991,Moto Edge 50 Fusion
39749606,Moto G67 Power 5G
39749672,Moto G57 Power 5G
36253956,VIVO T4R 5G
35844264,Redmi 12 5G
34949826,Samsung Galaxy M35
41096550,VIVO V70 5G
36310408,iPhone 16
35843707,Nothing Phone 1
35287024,VIVO V27 Pro 5G
39587654,Redmi 15 5G
38142856,Google Pixel 10 Pro XL
35843193,Infinix 40 Pro
35898388,Moto G35
35481521,OnePlus Nord CE 2 5G
34745750,iPhone 15 Pro Max
34481775,iPhone 16e
36805054,Samsung Galaxy Z Fold 7
36253973,VIVO T4R 5G
36253958,VIVO T4R 5G
34704351,VIVO V50 5G
34630477,Redmi Note 14 Pro
39827750,Samsung Galaxy S26 Plus
35898455,Moto G96
34726065,iPhone 16
41096512,VIVO V70 5G
38142998,Samsung Galaxy Z Flip 6
36495814,Oppo Reno 14 Pro
36409588,Samsung Galaxy Z Fold 7
36253968,VIVO T4R 5G
35843943,Infinix GT 10 Pro
35706550,Realme C65 5G
34949571,Samsung Galaxy M35
35287669,Vivo Y75 5G
34801173,IPhone 14 Pro Max
35286947,VIVO V27 Pro 5G
38142987,Google Pixel 10 Pro XL
35287659,Vivo V40E
35288151,VIVO V27 Pro 5G
34825707,iPhone 14
34849427,Samsung Galaxy S23 5G
41096511,VIVO V70 5G
36253966,VIVO T4R 5G
35481475,Oneplus Nord Ce 2 5G
34801150,IPhone 14 Pro Max
39749667,Moto G57 Power 5G
36225642,Vivo X200 FE
34949446,Samsung Galaxy A15
41096548,Vivo V70 Elite
35288144,Vivo T3 Pro
35287295,VIVO V27 5G
38142775,Samsung Galaxy Z Flip 6
36495796,Oppo Reno 14
35287569,VIVO V27 Pro 5G
34704033,Nothing Phone 3A
36603250,iPhone 17 Air
36225608,Realme P3 Ultra
35706117,Oppo F27 Pro Plus
33809287,iQOO 13 5G
38142742,vivo X200 FE
35898396,Moto Edge 50 Fusion
35705873,Oppo A79 5G
35287424,Vivo T3 5g
35286843,VIVO V27 5G
34871194,Samsung Galaxy S24 Ultra
34745721,iPhone 15 Pro Max
34630452,Vivo T3 Pro
39047644,iPhone 17 Pro Max
35843414,Redmi Note 14 Pro Plus
35844008,Poco M4 Pro 5G
35288271,Vivo Y200e
35286820,VIVO V27 5G
34949440,Samsung Galaxy Z Fold 6
35087797,Moto Edge 60 Pro
40564954,iPhone 17e
39749594,Moto G67 Power 5G
39258583,iPhone 17 Pro
34949240,Samsung Galaxy A15
34949652,Samsung Galaxy M35
34630350,Samsung S25 Ultra
39047635,iPhone 17 Pro Max
36253963,VIVO T4R 5G
36253965,VIVO T4R 5G
36225585,Samsung A36 5G
35706213,Realme P1 Pro 5G
35287258,vivo T2 Pro
34846893,iPhone 14 Plus
34630338,Vivo V40E
39587703,OnePlus 15 5G
36495837,IQOO Neo 10
35898450,Samsung Galaxy S24 5G
35706704,Realme 9 Pro Plus
35288240,Vivo T3X
41096490,Vivo V70 Elite
40564953,iPhone 17e
36495810,Oppo Reno 14 Pro
34949810,Samsung Galaxy M35
33077169,Vivo V29
40564955,iPhone 17e
39878185,Google Pixel 10 Pro
33077174,Vivo V29
35287014,Vivo V29E
35288124,VIVO V27 Pro 5G
41096557,Vivo V70 Elite
35706590,Oppo F27 Pro Plus
35288197,VIVO V27 5G
39587851,Vivo x300 5G
36805078,vivo V60
35334442,iQOO Z9S Pro
35288229,Vivo T3X
35087969,Moto Edge 30 Pro
34783283,iPhone 15 Plus
39878184,Google Pixel 10 Pro
39749587,Moto G67 Power 5G
39592479,iPhone 17 Pro
36495801,Oppo Reno 14
36253961,VIVO T4R 5G
35706663,Realme 8
34714130,iPhone 16 Plus
34703931,Moto G85
39749664,Moto G57 Power 5G
35706532,Realme 12 Pro
35288234,Vivo T3X
34838073,iPhone 14 Pro
41096551,Vivo V70 Elite
39587491,iPhone 17
36495809,Oppo Reno 14
35706666,Realme 12 Plus 5G
35482198,Oneplus Nord CE 4 Lite
36253950,VIVO T4R 5G
35844117,Redmi 12C
35843278,Redmi Note 13 pro plus
34704343,Moto G85
34949859,Samsung Galaxy A15
36603269,iPhone 17 Pro
35843870,Redmi Note 13 pro plus
35334538,IQOO Z7 Pro 5G
34838070,IPhone 14 Pro
39827763,Samsung Galaxy S26 Plus
38142763,Samsung Galaxy S25 FE
38142762,Samsung Galaxy S25 FE
35843439,Redmi Note 12 5G
35706652,Oppo F27 Pro Plus
35705860,Realme Narzo 70 5G
35288109,VIVO V27 Pro 5G
36805056,Samsung Galaxy Z Fold 7
33077166,Vivo V29
35705927,Realme Narzo 70 5G
35286911,Vivo V40 Pro
41802154,VIVO X300 FE
35843914,Redmi 12 5G
35088132,Moto Edge 50 Ultra
34949514,Samsung Galaxy M34
34949461,Samsung GAlaxy A14 5G
34704380,Moto G85
39587514,iPhone 17
38141253,Samsung Galaxy M56
38142839,Google Pixel 10 Pro XL
35706620,Oppo A79 5G
39258928,iPhone 17 Pro Max
35706425,Realme 8
35286925,Vivo T3 Lite
35287009,Vivo Y100 5G
35287798,VIVO V27 Pro 5G
35087941,Moto Edge 50 Pro
39587715,Vivo x300 Pro
38146576,iPhone 17 Pro Max
36495802,Oppo Reno 14
34630468,Vivo T3 Pro
35706366,Realme Narzo 70 5G
35334649,IQOO Z7 Pro 5G
35287866,Vivo T3 Pro
34949703,Samsung Galaxy M35
34742578,Google Pixel 9a
40564917,iPhone 17e
36253952,VIVO T4R 5G
35898458,Vivo X200 5G
35706613,Realme GT Neo 5
34703846,Samsung Galaxy Z Fold 5
39749627,Moto G67 Power 5G
39047645,iPhone 17
36804978,Samsung Galaxy Z Flip 7
36253932,VIVO T4R 5G
35705855,Oppo A79 5G
39827767,Samsung Galaxy S26 Plus
39587536,iPhone 17 Pro Max
35088053,Moto Edge 50 Neo
34949852,Samsung Galaxy S23 FE
34611108,iPhone 16 Pro
39258900,iPhone 17 Pro Max
34871075,Samsung Galaxy S24 Ultra
39047638,iPhone 17
38142761,Samsung Galaxy S25 FE
36495808,Oppo Reno 14 Pro
35088084,Moto Edge 50 Neo
34825649,IPhone 14
34630411,Redmi Note 14 Pro
40564910,iPhone 17e
38142791,iPhone 17 Pro Max
35843699,Nothing Phone 2
35286935,Vivo T3 Pro
35088081,Moto Edge 50 Neo
41096529,Vivo V70 Elite
38146563,Samsung Galaxy Z Flip 7
38142994,Google Pixel 10 Pro
40564946,iPhone 17e
36975388,Vivo Y400
36253947,VIVO T4R 5G
35843763,Redmi Note 13 pro plus
35288258,Vivo T1 5G
34726115,iPhone 16
38142706,Samsung Galaxy Z Flip 7
34630499,Vivo V40E
34704059,Infinix 40 Pro
35898406,Oppo Reno 14
35706371,Oppo F27 Pro Plus
35287573,Vivo V40E
41529968,Poco M8
39587569,iPhone 17 Pro Max
38141252,Vivo T4 Pro
36253954,VIVO T4R 5G
35288044,Vivo T3X
36253955,VIVO T4R 5G
35481585,Oneplus Nord CE 3
35288245,Vivo V40 Pro
34704075,Moto Edge 60 Stylus
34748963,iPhone 15 Pro
39878174,iPhone 17 Pro
35706320,Oppo F27 Pro Plus
35287343,vivo v30 Pro
41096502,Vivo V70 Elite
35334551,IQOO Z7 Pro 5G
35088106,Moto Edge 50 5G
39749634,Moto G67 Power 5G
35706536,Realme 7
34745706,iPhone 15 Pro Max
39878173,Google Pixel 10 Pro
34630470,Vivo T3 Pro
34714168,iPhone 16 Plus
39047616,iPhone 17 Pro
35287174,Vivo T3X
35288203,Vivo T3 5G
34949683,Samsung S25 Ultra
39749654,Moto G57 Power 5G
35706577,Realme 9 Pro Plus
35482196,Oneplus 12R
40564918,iPhone 17e
39749702,iPhone 17 Air
36495836,IQOO Neo 10
34949566,Samsung GAlaxy A14 5G
34630435,Vivo T3 Pro
39592482,iPhone 17
39592484,iPhone 17
38142718,Samsung Galaxy Z Flip 7
35706083,Realme 8
35287276,Vivo T3 Pro
33855654,Samsung Galaxy S24 Ultra
34801329,IPhone 14 Pro Max
34611081,iPhone 16 Pro
39827753,Samsung Galaxy S26 Plus
38142754,Samsung Galaxy S25 FE
35843391,Poco X3 Pro
35706028,Oppo Reno 11 Pro 5G
35706551,Realme 9 Pro Plus
35706642,Realme P1 Pro 5G
34949271,Samsung Galaxy S23 FE
39258586,iPhone 17 Pro
38146569,Google Pixel 10 Pro XL
35706162,Realme 12 5G
35287605,Vivo Y75 5G
34949933,Samsung Galaxy S23 FE
39587717,Vivo x300 Pro
36804985,Samsung Galaxy Z Flip 7 FE
35843797,Redmi 12 5G
35706513,Realme 12 Pro
34949690,Samsung Galaxy M35
34949284,Samsung Galaxy A15
34630361,Redmi Note 14 Pro
33078175,Vivo T1 Pro 5G
35334364,IQOO Z7 Pro 5G
34630334,Vivo V40E
39749637,Moto G67 Power 5G
39047646,iPhone 17 Pro Max
36495838,IQOO Neo 10
35287002,VIVO Y55 5G
39258874,iPhone 17 Air
35287519,VIVO V27 Pro 5G
35287631,VIVO V27 Pro 5G
34630487,Samsung S25 Ultra
36495807,Oppo Reno 14
36253951,VIVO T4R 5G
35898434,Moto Edge 50 Neo
34748965,iPhone 15 Pro
34630496,Xiaomi Poco X7 Pro
36805065,vivo V60
35287890,Vivo V30
34849351,Samsung Galaxy S23 5G
34703838,Redmi Note 14 Pro Plus
34630497,Vivo V40E
39258736,IQOO 15 5G
35706714,Oppo F25 Pro 5G
35087798,Moto Edge 50 Neo
33078173,Vivo T1 Pro 5G
36225665,Samsung Galaxy M36
35287154,Vivo T3 Pro
34630475,Vivo T3 Pro
39749641,Moto G57 Power 5G
35481954,Oneplus Nord CE 4 Lite
35287405,vivo v30 Pro
35288095,Vivo T3X
35087702,Moto Edge 60 Pro
34801277,IPhone 14 Pro Max
33078189,Vivo T1 Pro 5G
41096499,Vivo V70 Elite
36805023,Samsung Galaxy S24 5G
35706155,Realme C51
35706395,Realme 8
35288199,Vivo X100
34949530,Samsung Galaxy M34
34949939,Samsung Galaxy S23 FE
34745762,iPhone 15 Pro Max
34748919,iPhone 15 Pro
35087705,Moto Edge 60 Pro
34704291,VIVO V50 5G
39258912,iPhone 17 Pro Max
34748949,iPhone 15 Pro
33848521,Infinix GT 20 Pro
36495831,IQOO Neo 10
35706263,Oppo F27 Pro Plus
34745765,iPhone 15 Pro Max
33896313,Vivo V40
35706581,Oppo Reno 12 Pro
33078183,Vivo T1 Pro 5G
33077159,Vivo V29
35706009,Realme P1 Pro 5G
35481892,OnePlus Nord 2T 5G
33078167,Vivo T1 Pro 5G
41096492,Vivo V70 Elite
35706067,Realme Narzo 70 5G
35287394,Vivo T3X
34949615,Samsung Galaxy S23 Plus 5G
35843488,Redmi Note 13 pro plus
35706722,Oppo Reno 12
35287532,VIVO V27 5G
34726048,iPhone 16
34630464,Redmi Note 14 Pro
34611088,iPhone 16 Pro
39047625,iPhone 17
34703995,Moto G85
33855710,Samsung Galaxy S24 Ultra
35087872,Moto Edge 60 Pro
34871213,Samsung Galaxy S24 fe
34949425,Samsung Galaxy A53 5G
39258941,iPhone 17 Pro
39047633,iPhone 17
35706180,Oppo A79 5G
35706060,Realme 9 Pro Plus
33890030,Samsung Galaxy S23 Ultra 5G
33845185,Vivo X100 Pro
41096539,Vivo V70 Elite
39749644,Moto G57 Power 5G
39258669,IQOO 15 5G
36975387,Google Pixel 10
34949521,Samsung Galaxy M35
34825716,IPhone 14
34703868,Moto Edge 60 Fusion
39258663,IQOO 15 5G
38142789,iPhone 17 Pro Max
36253936,VIVO T4R 5G
35898454,vivo x200 Pro
35088148,Moto G54
34949563,Samsung GAlaxy A14 5G
35088046,Moto Edge 50 5G
39878175,Google Pixel 9 Pro Fold
39587658,Moto Razr 60 Ultra
35706469,Realme 9 Pro Plus
35334543,IQOO Z7 Pro 5G
35287551,VIVO V27 5G
34949754,Samsung S25
34745713,iPhone 15 Pro Max
35706522,Realme 12 5G
34949443,Samsung Galaxy Z Fold 6
34630409,Redmi Note 14 Pro
33848501,Infinix GT 20 Pro
39258918,iPhone 17 Pro Max
41802172,iQOO 15R
41096522,VIVO V70 5G
39047637,iPhone 17 Pro Max
35706306,Realme 7
35288036,Vivo T3X
34630373,Redmi Note 14 Pro
33848543,Infinix GT 20 Pro
35088166,Moto Edge 40 Neo
35088023,Moto Edge 50 Neo
36409589,Samsung Galaxy Z Flip 7 FE
36805071,vivo V60
36253987,Moto Edge 60 Pro
35898439,Moto G96
35706340,Realme 12 5G
35481578,Oneplus Nord CE 4 Lite
35286917,Vivo V40E
34745702,iPhone 15 Pro Max
39749593,Moto G67 Power 5G
39749690,iPhone 17 Air
39587545,iPhone 17 Pro
36495799,Oppo Reno 14 Pro
34611098,iPhone 16 Pro
34630429,Vivo T3 Pro
33850492,Nothing Phone 2a
36603240,iPhone 17
35706685,Realme 12 5G
34949849,Samsung Galaxy S23 FE
34838068,iPhone 14 Pro
34742571,IQOO Neo 10R
38142855,Google Pixel 10 Pro XL
36253938,VIVO T4R 5G
35481469,Oneplus 12R
35287468,VIVO V27 5G
35288160,Vivo V50e
39258660,IQOO 15 5G
38142833,iPhone 16
36805067,vivo V60
35705898,Realme 7
35087526,Moto Edge 60 Pro
34801241,IPhone 14 Pro Max
36805022,Samsung Galaxy S24 PLUS 5g
35088034,Moto Edge 50 5G
34949460,Samsung Galaxy M35
39878179,Google Pixel 9 Pro Fold
35843301,Redmi 12 5G
35334331,IQOO Z7 Pro 5G
35334541,IQOO Z7 Pro 5G
35287721,Vivo T1 5G
33864455,Moto Edge 50 Fusion
33850766,Nothing Phone CMF 1
41096497,Vivo V70 Elite
39749687,iPhone 17 Air
35706146,Realme 9 Pro Plus
35705842,Oppo Reno 11 Pro 5G
35287147,VIVO V27 Pro 5G
35087893,Moto Edge 60 Pro
34846753,IPhone 14 Plus
34714143,iPhone 16 Plus
34704236,Moto Edge 60 Fusion
35287961,Vivo V30
33848506,Infinix GT 20 Pro
40564904,iPhone 17e
39878178,Google Pixel 9 Pro Fold
35334294,IQOO Z7 Pro 5G
33851962,Nothing Phone 2a Plus
35898421,Moto G96
35287529,Vivo V40E
39827764,Mi 17
38142803,iPhone 17 Pro
36805076,vivo V60
33889894,Samsung Galaxy S23 Ultra 5G
33848557,Infinix GT 20 Pro
33078196,Vivo T1 Pro 5G
40564912,iPhone 17e
39749632,Moto G67 Power 5G
35706725,Realme GT Neo 5
35287992,Vivo T3X
40564915,iPhone 17e
39258590,iPhone 17 Pro
36804990,Google Pixel 10 Pro
36495798,Oppo Reno 14 Pro
35705944,Realme 8
35287039,Vivo V40E
35287774,Vivo T3 Pro
33850779,Nothing Phone CMF 1
39587527,iPhone 17 Pro
38142713,Google Pixel 10 Pro XL
36805053,Samsung Galaxy Z Fold 7
35705970,Realme C65 5G
34949923,Samsung Galaxy S23 Ultra 5G
34949596,Samsung Galaxy S23 Plus 5G
34630483,Samsung S25 Ultra
33851983,Nothing Phone 2a Plus
33077232,Vivo Y21
39592499,iPhone 17
35706224,Realme 9 Pro Plus
35287097,VIVO V27 Pro 5G
35287179,VIVO V27 5G
34949647,Samsung Galaxy S23 FE
33848507,Infinix GT 20 Pro
41096518,VIVO V70 5G
40564945,iPhone 17e
38142828,iPhone 16
36805073,vivo V60
35898399,Moto Edge 50 Pro
35843917,Redmi 10 Prime
35334503,IQOO Z7 Pro 5G
35286937,VIVO V27 Pro 5G
35287955,Vivo V30
34630457,Redmi Note 14 Pro
39587547,iPhone 17 Pro Max
38142997,Google Pixel 10 Pro XL
36495794,Oppo Reno 14 Pro
34949611,Samsung Galaxy M35
34949862,Samsung Galaxy A54 5G
41096491,Vivo V70 Elite
38141258,Moto Razr 50
35482136,OnePlus 10T 5G
39258602,Oneplus Nord 5
36495833,IQOO Neo 10
35088036,Moto Edge 50 Ultra
41096510,Vivo V70 Elite
39047629,iPhone 17 Pro Max
36603279,iPhone 17 Pro
36495790,Oppo Reno 14 Pro
35482092,OnePlus Nord 4
35334454,iQOO Z9S Pro
34949721,Samsung Galaxy A15
34783386,iPhone 15 Plus
34704016,Moto Edge 60 Fusion
34742581,IQOO Neo 10R
38141256,Google Pixel 10 Pro
35705867,Realme 7
35087934,Moto Edge 50 Pro
34949488,Samsung Galaxy A35
34949780,Samsung Galaxy S23 FE
34871136,Samsung Galaxy S24 fe
34611168,iPhone 16 Pro
34630432,Samsung S25
41345552,MOTO Edge 70
36225600,Samsung Galaxy F36
35706397,Realme GT Neo 5
35706655,Realme 6 Pro
35287353,Vivo T3X
35087372,Moto G13
34949421,Samsung Galaxy S23 Plus 5G
34871198,Samsung Galaxy S24 fe
33850508,Nothing Phone 2a
34871001,Samsung Galaxy S24 fe
38142842,Google Pixel 10 Pro XL
33850747,Nothing Phone CMF 1
35286897,VIVO V27 Pro 5G
35288219,Vivo V29 Pro
35087732,Moto G54
34783374,iPhone 15 Plus
35288014,Vivo V50e
41096536,VIVO V70 5G
35287191,Vivo V50e
34703906,Moto G85
39258903,iPhone 17 Pro Max
36495783,Oppo Reno 14
36253929,VIVO T4R 5G
35287403,Vivo T1 5G
39587521,iPhone 17 Pro
35088027,Moto Edge 50 Ultra
34871208,Samsung Galaxy S24 fe
40564905,iPhone 17e
39587457,iPhone 17 Pro Max
39258641,IQOO 15 5G
34704169,Samsung S25 Ultra
35288249,Vivo X90 Pro
41345513,Nothing Phone 3A Lite
38142768,Samsung Galaxy Z Flip 6
36805081,vivo V60
36495834,IQOO Neo 10
35334704,Vivo IQOO Z6 Pro 5G
35088067,Moto Edge 60 Pro
34949778,Samsung Galaxy S23 FE
36805049,Samsung Galaxy Z Flip 7 FE
34801225,iPhone 14 Pro Max
36805068,vivo V60
36225660,Samsung Galaxy S24 5G
34949223,Samsung Galaxy A15
34949794,Samsung Galaxy S23 FE
34703814,Samsung S25 Ultra
34703978,Moto Edge 60 Stylus
33848516,Infinix GT 20 Pro
39749595,Moto G67 Power 5G
35482184,Oneplus Nord CE 4 Lite
35287845,Vivo T3X
34630328,Samsung S25
33855705,Samsung Galaxy S24 Ultra
34783329,iPhone 15 Plus
36373688,Samsung Galaxy F36
36253930,VIVO T4R 5G
33848575,Infinix GT 20 Pro
40564937,iPhone 17e
39749585,Moto G67 Power 5G
39749639,Moto G57 Power 5G
35706523,Realme 12 Pro
34742584,IQOO Neo 10R
33848579,Infinix GT 20 Pro
35843509,Redmi 10 Prime
35706089,Oppo F19 Pro
35706512,Oppo Reno 12 Pro
35334440,iQOO Z9S Pro
34846881,IPhone 14 Plus
34630491,VIVO V50 5G
39258930,iPhone 17 Pro Max
35334438,iQOO Z9S Pro
34949235,Samsung Galaxy A35
34630420,Samsung S25
33848518,Infinix GT 20 Pro
39587847,Vivo x300 5G
38142701,Samsung Galaxy Z Flip 7
35287700,Vivo V29 Pro
35087844,Moto Edge 40 Neo
34949377,Samsung Galaxy A35
39047634,iPhone 17 Pro Max
35334641,IQOO NEO 7 PRO
35287413,Vivo T3X
33848577,Infinix GT 20 Pro
36603258,iPhone 17 Pro Max
35706734,Realme C35
34630484,Xiaomi Poco X7 Pro
39749682,iPhone 17 Air
35898398,Moto Edge 50 Ultra
35706316,Realme 9 Pro Plus
34871009,Samsung Galaxy S24 fe
39047631,iPhone 17 Pro
35706631,Realme C35
35706709,Realme 12 Plus 5G
34703763,Samsung S25 Ultra
36495791,Oppo Reno 14
36498199,Oppo Reno 14
35286880,VIVO V27 Pro 5G
34949716,Samsung Galaxy S23 FE
34871192,Samsung Galaxy S24 5G
34630439,Vivo T3 Pro
34630488,Samsung S25 Ultra
33850738,Nothing Phone CMF 1
35706720,Realme GT Neo 5
35088017,Moto Edge 50 Ultra
34949230,Samsung Galaxy A35
40564935,iPhone 17e
35706077,Oppo F25 Pro 5G
35706350,Realme 6 Pro
35706584,Oppo Reno 11 5G
35287826,Vivo V29 Pro
35288141,vivo T3 Ultra
34949764,Samsung Galaxy A15
41802164,VIVO X300 FE
38141262,Samsung A16
35287387,Vivo T3X
35087565,Moto Edge 60 Pro
34704067,VIVO V50 5G
33848511,Infinix GT 20 Pro
39827759,Samsung Galaxy S26 Plus
38142921,VIVO X300 Pro
35334319,iQOO Z9X
39587478,iPhone 17
35706732,Realme C35
39587483,iPhone 17
36603278,iPhone 17 Pro
35087870,Moto Edge 60 Pro
36310403,IQOO NEO 7 5G
35334537,IQOO Z7 Pro 5G
35288068,Vivo V23 5G
34846794,IPhone 14 Plus
34748952,iPhone 15 Pro
35087608,Moto Edge 60 Pro
36603249,iPhone 17 Air
35705899,Oppo F27 Pro Plus
35706409,Realme GT Neo 5
35287266,VIVO V27 5G
35288257,vivo T3 Ultra
33864436,Moto Edge 50 Fusion
33848569,Infinix GT 20 Pro
34714154,iPhone 16 Plus
35706654,Oppo Reno 12
34630481,Realme P3 Pro
36495818,IQOO Neo 10
35087650,Moto Edge 60 Pro
34949295,Samsung Galaxy A35
40564929,iPhone 17e
39827778,Samsung Galaxy S26
35706403,Realme GT Neo 5
35706424,OPPO Reno 10 Pro Plus
35088007,Moto Edge 50 5G
35087670,Moto G84
34949542,Samsung Galaxy S23 FE
34742568,IQOO Neo 10R
34611105,iPhone 16 Pro
39047636,iPhone 17 Pro Max
38142733,vivo X200 FE
35706696,Oppo Reno 12 Pro
34949579,Samsung Galaxy S23 FE
34949737,Samsung Galaxy S23 FE
36603232,iPhone 17 Pro Max
35706044,Oppo F25 Pro 5G
35286970,VIVO V27 5G
34742587,IQOO Neo 10R
34611097,iPhone 16 Pro
33896256,Vivo V40
39258877,iPhone 17 Air
39587850,Vivo x300 5G
36804972,Samsung Galaxy Z Flip 7
36805048,Samsung Galaxy Z Flip 7 FE
36603170,iPhone 17 Pro
35706312,Oppo Reno 13 Pro
35481982,OnePlus Nord 2T 5G
34783347,iPhone 15 Plus
33848574,Infinix GT 20 Pro
35706054,Oppo F27 Pro Plus
35482122,OnePlus 11R 5G
34949748,Samsung Galaxy S23 FE
34703910,VIVO V50 5G
34469828,Redmi Note 14 Pro
38141263,Samsung Galaxy Z Flip 7
35087457,Moto Edge 60 Pro
35087826,Moto G54
34825718,iPhone 14
36603221,iPhone 17 Pro Max
34949515,Samsung Galaxy S23 FE
34703894,Nothing Phone 3A
38141266,vivo X200 FE
36495829,Oppo Reno 14
35705895,Realme GT Neo 5
34949368,Samsung Galaxy Z Flip 6
39258659,IQOO 15 5G
35288011,Vivo Y30 5G
35087881,Moto Edge 50 Pro
35087673,Moto Edge 60 Pro
33848524,Infinix GT 20 Pro
35706456,Realme GT Neo 5
35334453,Vivo IQOO 9 SE
35087892,Moto Edge 60 Pro
34726042,iPhone 16
38146587,Samsung Galaxy S24 5G
35334429,iQOO Z9S Pro
34949302,Samsung Galaxy A15
35843781,Redmi 10 Prime
35087990,Moto Edge 50 5G
35287071,Vivo T3X
35087879,Moto Edge 50 Neo
35088072,Moto Edge 60 Pro
34846832,IPhone 14 Plus
34742561,IQOO Neo 10R
36764632,Google Pixel 10
35286944,Vivo X100 Pro
33855675,Samsung Galaxy S24 Ultra
35287446,vivo v30 Pro
40564925,iPhone 17e
35706438,Realme 10 Pro 5G
35705891,Realme 12 5G
35287212,Vivo T3X
35087761,Moto Edge 60 Pro
35087542,Moto G54
36804981,Samsung Galaxy Z Flip 7
36495787,Oppo Reno 14 Pro
35481711,OnePlus Nord 2T 5G
34704061,Samsung A36 5G
39047627,iPhone 17 Air
35706637,Realme 10 Pro 5G
35481513,Realme 9 Pro 5G
35286826,Vivo V30
35288170,Vivo X100 Pro
34849375,Samsung Galaxy S23 5G
39749651,Moto G67 Power 5G
38142660,Vivo T4 Pro
34949455,Samsung Galaxy S23 FE
34871078,Samsung Galaxy S24 Ultra
34703974,Samsung A56 5G
34630486,VIVO V50 5G
35334436,iQOO Z9S Pro
35287370,Vivo T3 5g
35088020,Moto Edge 60 Pro
40564922,iPhone 17e
36805018,Samsung Galaxy S24 PLUS 5g
36603259,iPhone 17 Pro Max
35481435,OnePlus 11R 5G
35287294,Vivo T3X
39587505,Vivo x300 5G
38142884,iPhone 17
36495786,Oppo Reno 14
36495812,IQOO Neo 10
35705854,Oppo F27 Pro Plus
35334216,iQOO Z9S Pro
34871070,Samsung Galaxy S24 Ultra
34703772,Samsung S25 Ultra
34630356,Samsung S25 Plus
36225652,IQOO Z10R 5G
35287577,Vivo V40E
35087432,Moto G84
39587528,iPhone 17 Air
35843724,Nothing Phone 1
35087971,Moto Edge 50 5G
34630480,Realme P3 Pro
35706280,Oppo F27 Pro Plus
36495793,Oppo Reno 14
35843307,Nothing Phone 2
35286940,Vivo T3X
35286833,Vivo V29 Pro
34949480,Samsung Galaxy S23 FE
36603197,iPhone 17 Pro Max
35287342,Vivo V50e
34949389,Samsung Galaxy S23 FE
34611063,iPhone 16 Pro
33889855,Samsung Galaxy S23 Ultra 5G
36975379,Realme 15 Pro
39258927,iPhone 17 Pro Max
35706394,Realme GT NEO 3
35088041,Moto G84
35087852,Moto Edge 50 Pro
34801356,IPhone 14 Pro Max
35087875,Moto Edge 50 Pro
34611095,iPhone 16 Pro
33864454,Moto Edge 50 Fusion
35286999,Vivo V40E
35286831,VIVO V27 5G
36495816,IQOO Neo 10
35843296,Redmi 10 Prime
35481640,Oneplus Nord 3
35334666,Vivo IQOO Z6 Pro 5G
35087959,Moto Edge 50 Ultra
34871138,Samsung Galaxy S24 Ultra
36764486,Google Pixel 10
35706538,Realme 6 Pro
35334455,Vivo IQOO Z6 5G
34749011,iPhone 15 Pro
34801263,iPhone 14 Pro Max
36805020,Samsung Galaxy S24 PLUS 5g
35705993,Realme P1 Pro 5G
35706120,OPPO Reno 10 Pro Plus
35706463,Oppo Reno 11 Pro 5G
35286912,Vivo V29 Pro
34611084,iPhone 16 Pro
33848552,Infinix GT 20 Pro
36603263,iPhone 17 Pro Max
35287302,vivo v30 Pro
34783286,iPhone 15 Plus
34742576,IQOO Neo 10R
34742577,Google Pixel 9a
39258914,iPhone 17 Pro Max
35287128,Vivo V50e
34783292,iPhone 15 Plus
34783377,iPhone 15 Plus
35286996,Vivo T3X
35087448,Moto G84
41802163,VIVO X300 FE
35706649,Realme 14 Pro
34704389,VIVO V50 5G
35287504,Vivo X100
34714158,iPhone 16 Plus
36495835,IQOO Neo 10
35843831,Redmi Note 13 pro plus
35706074,Realme 10 Pro 5G
35088143,Moto G72 4G
34783318,iPhone 15 Plus
35706331,Oppo Reno 11 Pro 5G
34742572,IQOO Neo 10R
35481583,OnePlus Nord 2T 5G
34949700,Samsung Galaxy A53 5G
39258881,iPhone 17 Air
36604205,iPhone 17 Pro Max
35706151,Realme Gt 5G
33848519,Infinix GT 20 Pro
39749691,iPhone 17 Air
39587445,iPhone 17 Pro
38142848,Google Pixel 10 Pro XL
35706400,Realme C35
35087584,Moto Edge 60 Pro
34704381,VIVO V50 5G
34704077,Samsung Galaxy Z Fold 5
36409587,Vivo T4 Ultra
35706347,Oppo Reno 12
35481888,OnePlus Nord 2T 5G
35286926,Vivo V30
33864466,Moto Edge 50 Fusion
33855663,Samsung Galaxy S24 Ultra
35898445,Realme 14T
34949332,Samsung Galaxy S23 FE
34611059,iPhone 16 Pro
33855661,Samsung Galaxy S24 Ultra
33078166,Vivo T1 Pro 5G
39587540,iPhone 17 Pro
35706281,Realme GT Neo 5
35482159,OnePlus Nord CE 2 Lite 5G
34949935,Samsung Galaxy S23 5G
34704281,Oppo Reno 13 Pro
34704100,Samsung S25
35288185,Vivo V50e
35287232,vivo v30 Pro
34792382,iPhone 15
34704295,VIVO V50 5G
39047632,iPhone 17 Pro Max
36225661,Samsung Galaxy S24 5G
41096543,VIVO V70 5G
35706420,Oppo Reno 12
34742583,OnePlus 13s
39749660,OnePlus Nord 5
35334544,iQOO Z9s
33845178,Vivo X100 Pro
33845171,Vivo X100 Pro
39587529,iPhone 17 Pro
34949568,Samsung S25
34704248,Oppo Reno 13 Pro
33890028,Samsung Galaxy S23 Ultra 5G
35706187,Realme 12 5G
35087939,Moto G62
39047666,iPhone 17
35706665,Realme 10 Pro 5G
34742574,IQOO Neo 10R
33864438,Moto Edge 50 Fusion
33848512,Infinix GT 20 Pro
34949663,Samsung Galaxy S23 FE
36805063,vivo V60
35334496,IQOO NEO 7 PRO
40564944,iPhone 17e
36373680,OnePlus 13s
34783293,iPhone 15 Plus
39749631,Moto G67 Power 5G
35705878,Realme 12 5G
34792357,iPhone 15
33078165,Vivo T1 Pro 5G
35334286,Vivo IQOO Z6 Pro 5G
34837966,IPhone 14 Pro
36805062,vivo V60
35843769,Redmi Note 10S
33848565,Infinix GT 20 Pro
36764622,Google Pixel 10
35287562,Vivo Y75 5G
34949492,Samsung Galaxy A52
33848528,Infinix GT 20 Pro
35287687,Vivo X100
35287742,VIvo Y21s
35087625,Moto Edge 50 Neo
34714097,iPhone 16 Plus
33864441,Moto Edge 50 Fusion
35481363,Oneplus Nord CE 3
39749624,Moto G67 Power 5G
35286981,Vivo V21
34630446,iQOO Z9S Pro
34611058,iPhone 16 Pro
39749656,OnePlus Nord 5
35334629,Vivo IQOO Z6 Pro 5G
35087629,Moto G84
39587449,iPhone 17 Pro
36603192,iPhone 17 Pro
35706353,Oppo A79 5G
35286837,Vivo T3X
34949435,Samsung Galaxy S23 FE
33855697,Samsung Galaxy S24 Ultra
38142835,iPhone 16
35706544,Realme 11 5G
35286895,Vivo T3X
39587534,iPhone 17 Pro
39258854,iPhone 17 Air
35706493,Realme 11 Pro
35287081,vivo T3 Ultra
35087651,Moto G62
34792267,iPhone 15
34704241,Oppo Reno 13 Pro
35706225,Realme GT Neo 5
35087441,Moto Edge 60 Pro
34949420,Samsung Galaxy S23 FE
33864451,Moto Edge 50 Fusion
33864459,Moto Edge 50 Fusion
39592497,Moto Edge 70
35288180,vivo T3 Ultra
35088048,Moto Edge 40
41802161,VIVO X300 FE
38146577,iPhone 17 Pro Max
36603173,iPhone 17
35706662,Realme GT Neo 5
35087947,Moto Edge 50 5G
35087865,Moto Edge 50 Ultra
34949417,Samsung Galaxy S23 FE
34783238,iPhone 15 Plus
33855699,Samsung Galaxy S24 Ultra
34783385,iPhone 15 Plus
35087861,Moto Edge 60 Pro
39047619,Google Pixel 9
35334433,iQOO Z9X
35287221,Vivo X100
35087787,Moto Edge 50 Neo
33855701,Samsung Galaxy S24 Ultra
34704047,Samsung A56 5G
35087379,Moto G84
35087781,Moto Edge 60 Pro
34949315,Samsung Galaxy F54
34611031,iPhone 16 Pro
33855660,Samsung Galaxy S24 Ultra
33896247,Vivo V40
34949522,Samsung Galaxy F54
39258906,iPhone 17 Pro Max
35287754,Vivo V21E
34949309,Samsung Galaxy S23 FE
34630343,iQOO Z9S Pro
33855671,Samsung Galaxy S24 Ultra
33845174,Vivo X100 Pro
38141257,Samsung Galaxy Z Flip 6
35705852,Realme 14 Pro
35706203,Oppo Reno 11 Pro 5G
35482148,Oneplus Nord CE 4 Lite
35287018,Vivo X100
35288028,Vivo V50e
35087780,Moto Edge 60 Pro
34825521,IPhone 14
41802178,iQOO 15R
35706130,Realme GT Neo 5
35087611,Moto G84
34949211,Samsung Galaxy S23 FE
34742573,IQOO Neo 10R
35287041,Vivo V21E
35287184,Vivo V50e
34949344,Samsung Galaxy S23 FE
36805064,vivo V60
35087810,Moto Edge 50 Neo
35087862,Moto Edge 50 Ultra
34801181,IPhone 14 Pro Max
34704046,Oppo Reno 13 Pro
34630353,iQOO Z9S Pro
41096488,VIVO V70 5G
36805070,vivo V60
36603248,iPhone 17 Pro Max
35706201,Realme C35
33845177,Vivo X100 Pro
36225663,Samsung Galaxy S24 5G
35482156,Oneplus Nord CE 4 Lite
34949405,Samsung Galaxy S23 FE
34949404,Samsung Galaxy S23 FE
34745716,iPhone 15 Pro Max
36604206,iPhone 17
35334526,IQOO Neo 9 Pro
34745785,iPhone 15 Pro Max
34703890,Samsung A56 5G
34704364,Moto Edge 60 Fusion
36805052,Google Pixel 10 Pro
34745796,iPhone 15 Pro Max
39258868,iPhone 17 Air
35706355,Realme GT Neo 3
35288206,vivo T3 Ultra
35087775,Moto Edge 50 Pro
34783278,iPhone 15 Plus
33855692,Samsung Galaxy S24 Ultra
35087738,Moto G84
39258863,iPhone 17 Air
34838071,iPhone 14 Pro
34783252,iPhone 15 Plus
35287310,Vivo T3X
36603246,iPhone 17 Pro
35706037,Realme 10 Pro 5G
34949393,Samsung Galaxy S23 FE
41867245,Nothing Phone 4A Pro
35481449,OnePlus Nord 2T 5G
35088069,Moto G84
34949456,Samsung Galaxy M34
34837996,iPhone 14 Pro
34630466,Realme P3 Pro
33871271,OnePlus 11R 5G
39047624,iPhone 17 Air
36603247,iPhone 17 Pro Max
35706471,Oppo Reno 7 5G
34745792,iPhone 15 Pro Max
33848522,Infinix GT 20 Pro
35843915,Google Pixel 7 Pro
35287300,vivo T3 Ultra
35087807,Moto Edge 50 Neo
35087685,Moto G84
33864448,Moto Edge 50 Fusion
43008866,MOTO Signature
34703862,Oppo Reno 13 Pro
41096540,VIVO V70 5G
39258889,iPhone 17 Air
39258862,iPhone 17 Air
38142809,Google Pixel 10 Pro
35705942,Realme C35
35288162,Vivo V30
35087590,Moto Edge 60 Pro
34611020,iPhone 16 Pro
33855703,Samsung Galaxy S24 Ultra
33251272,Samsung Galaxy S24 fe
36804967,iPhone 17 Pro
35706228,Oppo Reno 11 Pro 5G
40564943,iPhone 17e
39827757,Mi 17 Ultra
36603198,iPhone 17 Pro Max
36225689,IQOO Z10R 5G
35705910,Realme GT Neo 3
35087687,Moto Edge 60 Pro
34703870,Oppo Reno 13 Pro
34630501,iQOO Z9S Pro
33855696,Samsung Galaxy S24 Ultra
35898448,Realme 14 Pro Plus
35334557,Vivo IQOO Z6 Pro 5G
34783301,iPhone 15 Plus
34611043,iPhone 16 Pro
33864439,Moto Edge 50 Fusion
33855676,Samsung Galaxy S24 Ultra
39587435,iPhone 17
35706616,Realme GT Neo 5
35087663,Moto Edge 60 Pro
34949831,Samsung Galaxy M35
34748986,iPhone 15 Pro
39749635,Moto G67 Power 5G
39258910,iPhone 17 Pro Max
35706593,Realme 12 5G
35334411,iQOO Z9S Pro
33855662,Samsung Galaxy S24 Ultra
39258888,iPhone 17 Air
36495779,Samsung Galaxy Z Flip 7
35898410,IQOO Neo 10
35286846,Vivo T3X
35286906,Vivo T3X
35287135,Vivo V50e
35087749,Moto Edge 50 Neo
34949333,Samsung Galaxy S23 FE
34846764,IPhone 14 Plus
33855700,Samsung Galaxy S24 Ultra
36226443,iPhone 15
34949325,Samsung Galaxy S23 FE
34783277,iPhone 15 Plus
33855683,Samsung Galaxy S24 Ultra
39258859,iPhone 17 Air
39258885,iPhone 17 Air
38142765,Samsung Galaxy S25 FE
35706426,Realme GT Neo 5
34949286,Samsung Galaxy F54
34745787,iPhone 15 Pro Max
35843841,Google Pixel 7A
35088077,Moto G72 4G
34949815,Samsung Galaxy S23 5G
35087691,Moto Edge 60 Pro
39592491,iphone 17
35706448,Realme 12 5G
33855682,Samsung Galaxy S24 Ultra
33848500,Infinix GT 20 Pro
39587453,iPhone 17 Pro Max
36225637,IQOO Z10R 5G
35286900,Vivo T3X
35087554,Moto Edge 50 5G
35087387,Moto Edge 60 Stylus
34949817,Samsung Galaxy A52
34611028,iPhone 16 Pro
35705868,Realme GT Neo 3
35706489,Realme C35
35706370,Realme 11 5G
35286890,Vivo T3X
34846859,IPhone 14 Plus
34745780,iPhone 15 Pro Max
33855690,Samsung Galaxy S24 Ultra
33855651,Samsung Galaxy S24 Ultra
36495804,Oppo Reno 14 Pro
39592489,iPhone 17
39587442,iPhone 17 Air
36804993,iPhone 16
35482095,OnePlus 10T 5G
35087725,Moto Edge 60 Pro
34949823,Samsung Galaxy Z Flip 5
34846916,iPhone 14 Plus
38142756,Samsung Galaxy S25 FE
41802175,VIVO X200T
39047659,iPhone 17 Pro Max
35087719,Moto Edge 50 Neo
34949297,Samsung Galaxy A71
39258853,iPhone 17 Air
39047612,iPhone 17 Air
36804986,iPhone 16 Pro
35898425,OnePlus 13R 5G
35843845,Google Pixel 6A
33855655,Samsung Galaxy S24 Ultra
36603184,iPhone 17 Pro Max
35898422,IQOO Z10
34703869,Samsung S25
34630318,iQOO Z9S Pro
33251249,Samsung Galaxy S24 fe
34869134,Samsung Galaxy S24 PLUS 5g
36225644,Realme GT 7
35087703,Moto Edge 60 Pro
35088163,Moto Edge 40
34846754,IPhone 14 Plus
36603233,iPhone 17 Pro Max
35843388,Infinix GT 20 Pro
35706706,Realme 11 5G
35482069,Oneplus Nord CE 4 Lite
35481555,Oneplus Nord CE 4 Lite
35088004,Moto Edge 40
35088058,Moto G72 4G
34949606,Samsung Galaxy A52
34742570,IQOO Neo 10R
35088082,Moto Edge 40 Neo
34949285,Samsung Galaxy S23 FE
34745783,iPhone 15 Pro Max
35844254,Mi 14
39258614,Oneplus Nord 5
35706385,Oppo F25 Pro 5G
35087577,Moto Edge 60 Pro
34949318,Samsung Galaxy S23 FE
34838042,iPhone 14 Pro
34792130,iPhone 15
41345578,MOTO Edge 70
43008862,MOTO Signature
33251275,Samsung Galaxy S24 fe
39047670,iPhone 17
36603171,iPhone 17 Pro
34949213,Samsung Galaxy S23 FE
34748977,iPhone 15 Pro
34792151,iPhone 15
35286827,Vivo X90 Pro
33845182,Vivo X100 Pro
43008852,MOTO Signature
35844217,Poco X3
35705997,Realme 12 Pro
35481459,Oneplus Nord CE 4 Lite
34745693,iPhone 15 Pro Max
34704273,VIVO V50 5G
33855657,Samsung Galaxy S24 Ultra
41867262,Nothing Phone 4A Pro
36495805,IQOO Neo 10
35705921,Realme GT NEO 3
35087700,Moto Edge 50 Neo
34745774,iPhone 15 Pro Max
33896281,Vivo V40
39749665,Moto G67 Power 5G
35287919,Vivo V50e
35087416,Moto G84
35087820,Moto Edge 40
34949552,Samsung Galaxy M55
34846720,IPhone 14 Plus
34745776,iPhone 15 Pro Max
34748989,iPhone 15 Pro
39258894,iPhone 17 Air
39258911,iPhone 17 Pro Max
36495780,Oppo Reno 14 Pro
35287092,Vivo V50e
35287462,Vivo V30
39592481,iphone 17
33251254,Samsung Galaxy S24 fe
35287307,Vivo V30 Pro
34949776,Samsung Galaxy S23 Plus 5G
34801355,IPhone 14 Pro Max
39258884,iPhone 17 Air
36225598,IQOO Z10R 5G
36805051,Google Pixel 10 Pro
35287474,Vivo V50e
35087644,Moto Edge 60 Pro
34792125,iPhone 15
33848520,Infinix GT 20 Pro
41345532,MOTO Edge 70
39749643,Moto G57 Power 5G
36604204,iPhone 17 Pro Max
35087823,Moto Edge 50 5G
35087795,Moto Edge 60 Stylus
34949256,Samsung Galaxy S23 FE
34949905,Samsung S25
34630384,Vivo V50e
39258907,iPhone 17 Pro Max
39047614,iPhone 17 Air
35706208,Oppo Reno 12 Pro
35087720,Moto Edge 50 Pro
35087729,Moto Edge 50 Neo
34703954,Nothing Phone 3A
41867240,Nothing Phone 4A Pro
35844012,Mi 11X
33845183,Vivo X100 Pro
35706154,Oppo Reno 12 Pro
35287598,Vivo V40E
35288217,vivo T3 Ultra
33848513,Infinix GT 20 Pro
36225587,IQOO Z10R 5G
35087704,Moto Edge 60 Pro
34801334,iPhone 14 Pro Max
34742579,OnePlus 13s
40564947,iPhone 17e
36603286,iPhone 17 Pro
35843538,Google Pixel 9
34846910,IPhone 14 Plus
34742564,IQOO Neo 10R
34949562,Samsung Galaxy A55
34611060,iPhone 16 Pro
35898419,Moto Edge 50 Fusion
36603243,iPhone 17 Pro
34846722,IPhone 14 Plus
35706726,Realme 11 Pro
34704024,OnePlus Nord 4
35087374,Moto G84
35287109,Vivo V50e
34949396,Samsung Galaxy S23 FE
34611050,iPhone 16 Pro
35481430,OnePlus 11R 5G
35898465,Moto G96
34825645,iPhone 14
34846731,IPhone 14 Plus
35705976,OPPO Reno 10
34704361,Moto Edge 60 Fusion
34704297,Moto Edge 60 Fusion
38146023,Google Pixel 10
36804968,Samsung Galaxy F56
33864442,Moto Edge 50 Fusion
34949734,Samsung Galaxy Z Fold 6
34704199,Samsung Galaxy A55
38143264,Vivo T4 Pro
36603254,iPhone 17 Pro
39827787,Samsung Galaxy S26 Ultra
36225645,Realme GT 7T
34469740,Oppo Reno 13 5G
34783363,iPhone 15 Plus
36225692,IQOO Z10R 5G
40564926,iPhone 17e
36603241,iPhone 17
36764611,Google Pixel 10
36805075,vivo V60
41802179,iQOO 15R
35706004,Oppo A79 5G
34825671,iPhone 14
33896268,Vivo V40
36603231,iPhone 17
35843479,Nothing Phone 1
34846914,IPhone 14 Plus
35706363,Oppo Reno 12
34871043,Samsung Galaxy S24 5G
34704220,Samsung S25 Ultra
40564948,iPhone 17e
34742565,IQOO Neo 10R
34704355,Samsung Galaxy A55
33855670,Samsung Galaxy S24 Ultra
34801273,IPhone 14 Pro Max
34801254,IPhone 14 Pro Max
41802168,Xiaomi Poco X8 Pro
35843865,Google Pixel 7A
35843581,Google Pixel 7A
34726119,iPhone 16
34745767,iPhone 15 Pro Max
35843835,Google Pixel 7A
33809302,iQOO 13 5G
36805003,Google Pixel 10 Pro
34611013,iPhone 16 Pro
34703831,Samsung Galaxy M34
35843350,Google Pixel 8
34846941,IPhone 14 Plus
39587447,iPhone 17 Pro
33251246,Samsung Galaxy S24 fe
36603188,iPhone 17 Pro Max
36603289,iPhone 17 Pro
39587507,iPhone 17
34783304,iPhone 15 Plus
34714059,iPhone 16 Plus
40564952,iPhone 17e
34949513,Samsung Galaxy S22 Ultra 5G
35843959,Google Pixel 8
40564950,iPhone 17e
34838041,IPhone 14 Pro
35705968,OPPO Reno 10 Pro
34726082,iPhone 16
36226440,iPhone 15
34630347,Samsung S25
35843887,Google Pixel 8
34825599,IPhone 14
34726117,iPhone 16
35087776,Moto Edge 40
34801315,IPhone 14 Pro Max
34714080,iPhone 16 Plus
34783303,iPhone 15 Plus
34745763,iPhone 15 Pro Max
34703811,Samsung S25 Plus
35705967,Realme GT 6T 5G
34846868,IPhone 14 Plus
34801299,IPhone 14 Pro Max
34837977,IPhone 14 Pro
36603193,iPhone 17
34846819,iPhone 14 Plus
34849403,Samsung Galaxy S23 5G
34846712,IPhone 14 Plus
34748930,iPhone 15 Pro
34846750,iPhone 14 Plus
33872503,iqoo 12
34825551,IPhone 14
41096532,VIVO V70 5G
39749678,Moto G57 Power 5G
35287244,Vivo X100
35087437,Moto Edge 60 Pro
34748975,iPhone 15 Pro
34745680,iPhone 15 Pro Max
35843937,Google Pixel 6A
35705904,Realme 12 Pro
35334478,iQOO Z9s
35287769,Vivo V50e
35087994,Moto Edge 40
34703961,VIVO V50 5G
34742566,IQOO Neo 10R
39587432,iPhone 17
39047652,iPhone 17 Pro Max
35843227,Google Pixel 7A
35482001,Oneplus Nord CE 4 Lite
35334643,Vivo IQOO Z6 Pro 5G
35087690,Moto Edge 50 Neo
35088031,Moto Edge 40
34714177,iPhone 16 Plus
33845184,Vivo X100 Pro
34846775,IPhone 14 Plus
34704247,VIVO V50 5G
34748982,iPhone 15 Pro
33855668,Samsung Galaxy S24 Ultra
35844100,Google Pixel 8 Pro
35706135,Oppo Reno 12
34949793,Samsung S25
34714172,iPhone 16 Plus
39749661,Moto G57 Power 5G
39258883,iPhone 17 Air
36805061,Google Pixel 10 Pro XL
35087763,Moto G72 4G
34801308,IPhone 14 Pro Max
34846898,IPhone 14 Plus
34704204,Samsung S25
36603287,iPhone 17 Pro
41867170,Nothing Phone 4A
35706215,Oppo Reno 12 Pro
35706190,Realme C35
35706515,Realme 12 5G
41096519,VIVO V70 5G
38143242,iPhone 17 Air
35706531,Realme GT 2
34846762,IPhone 14 Plus
36603209,iPhone 17 Pro Max
34846839,IPhone 14 Plus
34714169,iPhone 16 Plus
34704175,VIVO V50 5G
43008865,MOTO Signature
35288074,Vivo X70 Pro Plus
35087709,Moto Edge 50 Pro
35087829,Moto G72 4G
34714150,iPhone 16 Plus
36225640,IQOO Z10R 5G
34704168,Moto Edge 60 Pro
34745769,iPhone 15 Pro Max
39258872,iPhone 17 Air
35481596,Oneplus Nord CE 4 Lite
34704244,VIVO V50 5G
34704299,Samsung Galaxy A55
35844086,Google Pixel 6A
35705989,Realme 11 5G
35286854,Vivo V50e
34801265,IPhone 14 Pro Max
34704212,Moto Edge 60 Fusion
34704191,Moto Edge 60 Fusion
33855680,Samsung Galaxy S24 Ultra
39258870,iPhone 17 Air
35706556,Realme 11 5G
35482050,Oneplus Nord CE 4 Lite
39587443,iPhone 17 Air
35843386,Google Pixel 7A
35844223,Mi 14
35286870,Vivo Y33S
35287214,Vivo X100
33864471,Moto Edge 50 Fusion
36225597,IQOO Z10R 5G
34846872,IPhone 14 Plus
34745700,iPhone 15 Pro Max
34704131,VIVO V50 5G
35706007,Realme 12 5G
41345543,MOTO Edge 70
34704359,Samsung Galaxy A55
35087827,Moto Edge 40 Neo
34792222,iPhone 15
34630341,Samsung S25
39047622,iPhone 17 Air
41096494,Vivo V70 Elite
35087833,Moto Edge 40 Neo
34792145,iPhone 15
34745782,iPhone 15 Pro Max
34748969,iPhone 15 Pro
40564939,iPhone 17e
39749650,Moto G57 Power 5G
39258856,iPhone 17 Air
34825602,IPhone 14
34949520,Samsung Galaxy S25 Edge
34846858,iPhone 14 Plus
34801322,IPhone 14 Pro Max
34703854,VIVO V50 5G
35287242,Vivo X100
35706098,Oppo Reno 12
34745695,iPhone 15 Pro Max
33889862,Samsung Galaxy S23 Ultra 5G
39749628,Moto G67 Power 5G
34949413,Samsung Galaxy F54
34949797,Samsung Galaxy S22 Plus
34801317,IPhone 14 Pro Max
35706284,Realme GT Neo 5
35287739,Vivo X90 Pro
35287763,Vivo V50e
35087793,Moto Edge 40 Neo
41802157,VIVO X300 FE
34469732,Oppo Reno 13 5G
33848505,Infinix GT 20 Pro
38143224,iPhone 16e
35844163,Mi 14
35482029,Oneplus 12R
34801290,IPhone 14 Pro Max
34846847,iPhone 14 Plus
34745705,iPhone 15 Pro Max
34469772,iPhone 16e
33896331,Vivo V40
35087677,Moto Edge 50 Pro
34949303,Samsung Galaxy F54
34949559,Samsung S25 Plus
35843152,Google Pixel 6A
35087675,Moto Edge 50 Pro
34703914,Moto Edge 60 Fusion
34704196,Samsung S25
35482245,Oneplus 12R
35481926,Oneplus Nord CE 4 Lite
35087647,Moto Edge 50 Neo
35287766,Vivo V50e
34714167,iPhone 16 Plus
39749663,Moto G57 Power 5G
35843354,Google Pixel 7A
34748947,iPhone 15 Pro
36804991,Google Pixel 10 Pro
36603282,iPhone 17 Pro
35706419,Realme 12 5G
35286995,vivo T3 Ultra
34748972,iPhone 15 Pro
33251274,Samsung Galaxy S24 fe
36805084,vivo V60
35706050,Oppo Reno 12
35705938,Oppo Reno 12 Pro
35087684,Moto Edge 50 Pro
34783249,iPhone 15 Plus
34726055,iPhone 16
36603190,iPhone 17 Pro Max
36603201,iPhone 17 Pro Max
34849355,Samsung Galaxy S23 5G
34745677,iPhone 15 Pro Max
34742569,IQOO Neo 10R
33889919,Samsung Galaxy S23 Ultra 5G
39047669,iPhone 17
36603208,iPhone 17 Pro Max
35843551,Google Pixel 7A
35087588,Moto Edge 50 Neo
34949486,Samsung S25
34846789,IPhone 14 Plus
41867182,Google Pixel 10A
39047665,iPhone 17 Pro Max
34704110,VIVO V50 5G
34703762,OnePlus Nord 4
35706499,Realme 8I
35334350,Vivo IQOO Z6 Pro 5G
34748942,iPhone 15 Pro
40564923,iPhone 17e
36603238,iPhone 17 Pro Max
35706422,Realme GT Neo 5
34801288,IPhone 14 Pro Max
34704028,VIVO V50 5G
33890048,Samsung Galaxy S23 Ultra 5G
39587468,iPhone 17
36603210,iPhone 17 Pro Max
34949490,Samsung S25
34611032,iPhone 16 Pro
43008849,MOTO Signature
38142887,iPhone 17 Air
36805074,vivo V60
36409583,Vivo T4 Ultra
35705847,Realme 11 5G
35087979,Moto Edge 40
34742558,IQOO Neo 10R
34949787,Samsung S25
34792139,iPhone 15
34714101,iPhone 16 Plus
33890049,Samsung Galaxy S23 Ultra 5G
41096537,Vivo V70 Elite
35481906,Oneplus Nord CE 4 Lite
35087623,Moto Edge 50 Neo
34801289,IPhone 14 Pro Max
34846828,IPhone 14 Plus
34748956,iPhone 15 Pro
33251268,Samsung Galaxy S24 fe
36225676,IQOO Z10R 5G
35898414,OnePlus 13s
35481857,Oneplus Nord CE 4 Lite
34846851,iPhone 14 Plus
34742560,IQOO Neo 10R
40564951,iPhone 17e
35706018,Oppo Reno 12
34837997,IPhone 14 Pro
34714133,iPhone 16 Plus
33845181,Vivo X100 Pro
39047613,iPhone 17 Air
36225595,IQOO Z10X 5G
34611079,iPhone 16 Pro
33864461,Moto Edge 50 Fusion
35706650,Realme 11 Pro
34838075,IPhone 14 Pro
34846771,IPhone 14 Plus
34745673,iPhone 15 Pro Max
36603288,iPhone 17 Pro
35087645,Moto Edge 50 Pro
34846827,IPhone 14 Plus
39749633,Moto G67 Power 5G
39749671,Moto G57 Power 5G
35087751,Moto G42
34869097,Samsung Galaxy S24 PLUS 5g
34703817,Samsung S25
33890050,Samsung Galaxy S23 Ultra 5G
39047672,iPhone 17 Pro
36225593,IQOO Z10R 5G
35843954,Google Pixel 6A
35087905,Moto Edge 40
34949283,Samsung S25
34748931,iPhone 15 Pro
40564931,iPhone 17e
38142659,Moto Edge 50 Ultra
35843992,Xiaomi 15 Ultra
34726139,iPhone 16
34630364,iQOO Z9s
34704072,OnePlus 13 5G
41096535,Vivo V70 Elite
36603271,iPhone 17 Pro Max
35843798,Google Pixel 7A
35706658,Realme Gt 5G
35706724,Realme GT 2
34704427,Moto G54
39047671,iPhone 17 Pro
35706297,Realme 11 5G
34949920,Samsung Galaxy A52
34630371,Vivo V50e
43008860,MOTO Signature
35898412,OnePlus 13
35844073,Google Pixel 7A
34949482,Samsung Galaxy S24 PLUS 5g
34801261,IPhone 14 Pro Max
34748939,iPhone 15 Pro
34704099,Nothing Phone 3A
39592494,iphone 17
39047663,iPhone 17 Pro Max
34792093,iPhone 15
34704102,VIVO V50 5G
36409585,Samsung Galaxy M56
35706247,Realme 12 5G
35087830,Moto Edge 40
35087713,Moto Edge 50 5G
34838072,IPhone 14 Pro
34714148,iPhone 16 Plus
40564949,iPhone 17e
39047630,iPhone 17
38142788,iPhone 17 Pro Max
36603220,iPhone 17 Pro Max
35844190,Google Pixel 8 Pro
35287352,Vivo V21
35087767,Moto G72 4G
34838079,iPhone 14 Pro
34748925,iPhone 15 Pro
35843276,Google Pixel 7A
35706310,Realme GT Neo 5
34801286,IPhone 14 Pro Max
34714165,iPhone 16 Plus
39587446,iPhone 17 Pro
35706103,Realme 11 5G
34748940,iPhone 15 Pro
41096508,VIVO V70 5G
35705915,Realme GT Neo 5
35706126,Realme 12 5G
35087814,Moto Edge 40 Neo
34745667,iPhone 15 Pro Max
39047618,iPhone 17 Air
35844015,Mi 11 Ultra
35287458,Vivo V50e
34949667,Samsung Galaxy A52
33251263,Samsung Galaxy S24 fe
41096500,VIVO V70 5G
38141249,iPhone 17 Air
35843623,Google Pixel 7A
34846725,IPhone 14 Plus
35287115,Vivo X100
34792232,iPhone 15
34726045,iPhone 16
34869188,Samsung Galaxy S24 PLUS 5g
33889926,Samsung Galaxy S23 Ultra 5G
41802166,Xiaomi Poco X8 Pro
39587523,iPhone 17
35481626,Oneplus Nord CE 4 Lite
35087769,Moto Edge 40 Neo
34704346,Samsung S25 Plus
34704105,VIVO V50 5G
35481366,Oneplus Nord CE 4 Lite
34714135,iPhone 16 Plus
35087620,Moto Edge 50 Pro
34745671,iPhone 15 Pro Max
34704109,VIVO V50 5G
34611160,iPhone 16 Pro
35706035,Realme 8I
35287454,Vivo V50e
35087754,Moto G72 4G
34949856,Samsung Galaxy S22 Ultra 5G
34745670,iPhone 15 Pro Max
39258654,IQOO 15 5G
39047660,iPhone 17 Pro Max
35843753,Mi 11X
35705986,Oppo Reno 12 Pro
35334614,iQOO Z9s
35087891,Moto Edge 40
39592486,iphone 17
36804988,iPhone 16 Plus
35706309,Realme GT Neo 5
35481757,Oneplus Nord CE 4 Lite
35481649,Oneplus Nord CE 4 Lite
35334468,IQOO Neo 9 Pro
35087553,Moto Edge 50 Pro
34949316,Samsung S25 Plus
34704274,Moto Edge 60 Fusion
34630463,Vivo V50e
35843984,Mi 11 Ultra
35705874,Realme 12 5G
35087427,Moto Edge 50 Neo
35087501,Moto Edge 50 Neo
34838069,IPhone 14 Pro
40564928,iPhone 17e
35706388,Realme GT Neo 5
35087460,Moto Edge 60 Pro
34801245,iPhone 14 Pro Max
34714134,iPhone 16 Plus
41096533,VIVO V70 5G
34611049,iPhone 16 Pro
34611120,iPhone 16 Pro
35843825,Google Pixel 7A
35843859,Google Pixel 6A
35706502,Realme Gt Master Edition
35481590,Oneplus Nord CE 4 Lite
34714113,iPhone 16 Plus
36805019,Google Pixel 10 Pro
35334383,Vivo IQOO Z6 Pro 5G
35087636,Moto Edge 50 Pro
34949832,Samsung Galaxy S24 PLUS 5g
34801248,iPhone 14 Pro Max
34838015,IPhone 14 Pro
34714108,iPhone 16 Plus
35287946,Vivo Y21G
34714164,iPhone 16 Plus
35481438,Oneplus 12
34949864,Samsung Galaxy S23 Plus 5G
34846769,IPhone 14 Plus
34726021,iPhone 16
34748920,iPhone 15 Pro
35481623,Oneplus Nord CE 4 Lite
35481567,Oneplus Nord CE 4 Lite
35334377,Vivo IQOO 9T 5G
35087616,Moto G72 4G
35087701,Moto Edge 50 5G
39047653,iPhone 17
36225680,IQOO Z10R 5G
34704309,Samsung S25 Plus
38142878,Google Pixel 10
35843745,Google Pixel 6A
35843978,Mi 10T
35843999,Mi 11 Ultra
35705974,Oppo Reno 12
34704096,VIVO V50 5G
34714120,iPhone 16 Plus
33847410,vivo x200 Pro
35843955,Google Pixel 6A
35482099,Oneplus 9R
35087438,Moto Edge 50 Pro
34846824,IPhone 14 Plus
38142923,Oppo Find X9
36495820,Oppo Reno 14
35843791,Google Pixel 7A
35843982,Mi 11 Ultra
35087618,Moto Edge 50 Neo
34949880,Samsung Galaxy S23 5G
35481780,Oneplus 9R
35087854,Moto Edge 40
34748935,iPhone 15 Pro
34704057,VIVO V50 5G
34704321,Samsung S25 Plus
39258852,iPhone 17 Air
35087853,Moto Edge 60 Stylus
34949570,Samsung Galaxy A53 5G
34703851,Samsung S25 Plus
33889849,Samsung Galaxy S23 Ultra 5G
35706085,Realme GT 2
35334474,iQOO Z9s
35087582,Moto Edge 50 Pro
35087692,Moto Edge 40
35087714,Moto G72 4G
34748916,iPhone 15 Pro
38142802,iPhone 17 Pro
35334480,iQOO Z9S Pro
35287270,Vivo V50e
34949472,Samsung Galaxy S24 PLUS 5g
34611150,iPhone 16 Pro
41867173,Nothing Phone 4A
41096495,VIVO V70 5G
35706386,Realme Gt Master Edition
35481512,OnePlus Nord CE 4
39592485,iphone 17
35844026,Google Pixel 7A
34783371,iPhone 15 Plus
34630461,iQOO Z9s
35843367,Google Pixel 7A
35844082,Mi 14 Ultra
34949779,Samsung Galaxy A52
34726141,iPhone 16
39047651,iPhone 17
35287161,Vivo T3 Pro
34703809,OnePlus Nord 4
35087635,Moto Edge 40 Neo
34949600,Samsung Galaxy M55
34949840,Samsung Galaxy S23 Plus 5G
34838037,IPhone 14 Pro
34611123,iPhone 16 Pro
34704064,VIVO V50 5G
33809316,iQOO 13 5G
35844024,Mi 14
35087688,Moto Edge 50 5G
35287200,Vivo V50e
34846807,IPhone 14 Plus
34846817,IPhone 14 Plus
34714107,iPhone 16 Plus
34630444,iQOO Z9S Pro
39258875,iPhone 17 Air
34611042,iPhone 16 Pro
34611094,iPhone 16 Pro
34611165,iPhone 16 Pro
41096489,VIVO V70 5G
36495803,Oppo Reno 14 Pro
35843553,Google Pixel 7
35087848,Moto Edge 40
33889853,Samsung Galaxy S23 Ultra 5G
39047664,iPhone 17
35706205,Realme GT Neo 5
34846815,iPhone 14 Plus
34783322,iPhone 15 Plus
34801214,iPhone 14 Pro Max
34630448,Samsung S25 Plus
33845175,Vivo X100 Pro
35843780,Google Pixel 6A
35287171,Vivo V50e
35087559,Moto Edge 40
34704207,Moto Edge 60 Fusion
34704235,Moto Edge 60 Fusion
34801236,iPhone 14 Pro Max
35706139,Realme GT Neo 5
34801151,IPhone 14 Pro Max
41096506,VIVO V70 5G
35844136,Google Pixel 8 Pro
35087772,Moto G72 4G
34838067,IPhone 14 Pro
34871060,Samsung Galaxy S24 5G
34611045,iPhone 16 Pro
36603230,iPhone 17
36495811,IQOO Neo 10
34838036,IPhone 14 Pro
34792201,iPhone 15
34846825,IPhone 14 Plus
34704085,Nothing Phone 3A
34704238,Moto Edge 60 Fusion
40564940,iPhone 17e
35843998,Google Pixel 7A
35334265,Vivo IQOO Z6 5G
34714115,iPhone 16 Plus
41867183,Google Pixel 10A
39047650,iPhone 17
38142800,iPhone 17 Pro
35706191,Realme 12 Pro
34846850,IPhone 14 Plus
34703782,Mi 14 Civi
34801203,iPhone 14 Pro Max
34846853,IPhone 14 Plus
34714098,iPhone 16 Plus
39749669,Moto G57 Power 5G
39587450,iPhone 17 Pro
35843635,Google Pixel 9 Pro
35843974,Google Pixel 7A
35705861,Realme Gt Master Edition
34726140,iPhone 16
34630375,Vivo V50e
34714088,iPhone 16 Plus
40564938,iPhone 17e
36804970,Vivo X200 FE
35334681,IQOO NEO 7 PRO
34949592,Samsung Galaxy S22
34714104,iPhone 16 Plus
33809284,iQOO 13 5G
35286887,Vivo T1 5G
35087360,Moto Edge 50 Neo
34949290,Samsung Galaxy A52
34703991,VIVO V50 5G
34704049,VIVO V50 5G
34726138,iPhone 16
34726133,iPhone 16
34949821,Samsung Galaxy S23 Plus 5G
34871015,Samsung Galaxy S24 5G
34783227,iPhone 15 Plus
35287182,Vivo V50e
34704210,Samsung S25
34714117,iPhone 16 Plus
34703962,VIVO V50 5G
34630453,iQOO Z9s
41096496,VIVO V70 5G
36603267,iPhone 17 Pro
35706116,Realme GT Neo 5
34949651,Samsung Galaxy S23 Plus 5G
34726076,iPhone 16
34801167,IPhone 14 Pro Max
35843750,Google Pixel 7A
34846806,iPhone 14 Plus
34703941,VIVO V50 5G
34714100,iPhone 16 Plus
36804977,iPhone 16e
35843466,Google Pixel 7 Pro
35843973,Google Pixel 6A
34792348,iPhone 15
35481329,Oneplus Nord CE 4 Lite
35087606,Moto G72 4G
34838066,iPhone 14 Pro
34714166,iPhone 16 Plus
35843801,Mi 11 Ultra
35334284,iQOO Z9s
34846726,IPhone 14 Plus
34825519,IPhone 14
34703983,VIVO V50 5G
34714091,iPhone 16 Plus
34801207,IPhone 14 Pro Max
41096507,VIVO V70 5G
40564936,iPhone 17e
39587712,OnePlus 15 5G
36603180,iPhone 17 Pro
35843838,MI 13 Pro
35481773,Oneplus 7T
34949953,Samsung Galaxy S23 Plus 5G
34871058,Samsung Galaxy S24 5G
34704164,Samsung S25
35843481,Google Pixel 7A
35087424,Moto G72 4G
34949782,Samsung Galaxy S23 Plus 5G
34714052,iPhone 16 Plus
34714094,iPhone 16 Plus
36225639,IQOO Z10R 5G
35844245,Google Pixel 6A
34846778,iPhone 14 Plus
34783327,iPhone 15 Plus
34801187,IPhone 14 Pro Max
34704262,Samsung S25
33809311,iQOO 13 5G
35843757,Google Pixel 9 Pro
34949510,Samsung Galaxy S22
35706071,Realme 12 5G
35481458,OnePlus Nord CE 4
34849457,Samsung Galaxy S23 5G
34783244,iPhone 15 Plus
39749622,Moto G67 Power 5G
35334366,iQOO Z9s
34801138,iPhone 14 Pro Max
34703922,VIVO V50 5G
35087536,Moto Edge 50 5G
35087828,Moto Edge 40
34949645,Samsung Galaxy S22
34838048,IPhone 14 Pro
34846886,IPhone 14 Plus
34630367,iQOO Z9s
33798192,Google Pixel 9 Pro XL
40564934,iPhone 17e
39587485,iPhone 17
36225580,IQOO Z10R 5G
35843786,Mi 14
35334696,IQOO NEO 7 PRO
34801358,IPhone 14 Pro Max
34846835,IPhone 14 Plus
34846788,iPhone 14 Plus
34714093,iPhone 16 Plus
34704198,Moto Edge 60 Fusion
40564930,iPhone 17e
35087349,MOTO G73 5G
34801158,IPhone 14 Pro Max
36253962,VIVO T4R 5G
34949590,Samsung Galaxy S22 Plus
34714077,iPhone 16 Plus
35087495,Moto Edge 50 Pro
35087821,Moto Edge 40
34838053,IPhone 14 Pro
34792177,iPhone 15
36225678,IQOO Z10R 5G
35843843,Google Pixel 8 Pro
34869068,Samsung Galaxy S24 PLUS 5g
33798182,Google Pixel 9 Pro XL
33798191,Google Pixel 9 Pro XL
34838050,iPhone 14 Pro
34801231,iPhone 14 Pro Max
34846779,IPhone 14 Plus
34704202,Samsung S25 Plus
34726132,iPhone 16
33809323,iQOO 13 5G
36225635,IQOO Z10R 5G
35287059,Vivo V50e
35087398,Moto G72 4G
34846770,IPhone 14 Plus
34801211,IPhone 14 Pro Max
34838039,IPhone 14 Pro
34783308,iPhone 15 Plus
34714096,iPhone 16 Plus
35843900,Mi 14
35334623,IQOO NEO 7 PRO
34949593,Samsung Galaxy S23 Plus 5G
34704138,Samsung S25 Plus
34726136,iPhone 16
34846780,IPhone 14 Plus
34611055,iPhone 16 Pro
35843928,Mi 14
35087410,Moto Edge 50 Pro
35087490,Moto Edge 50 5G
34846737,IPhone 14 Plus
34846822,IPhone 14 Plus
34704143,Samsung S25
35844108,Google Pixel 6A
35843775,Google Pixel 8 Pro
34801217,IPhone 14 Pro Max
34704179,Samsung S25 Plus
39587679,OnePlus 15 5G
36225671,IQOO Z10R 5G
34748960,iPhone 15 Pro
34783228,iPhone 15 Plus
34704367,Moto Edge 60 Stylus
36225673,IQOO Z10R 5G
34783271,iPhone 15 Plus
34704186,Moto Edge 60 Fusion
34714112,iPhone 16 Plus
40564907,iPhone 17e
35843971,Google Pixel 6A
34949636,Samsung Galaxy S22
34783326,iPhone 15 Plus
34838056,IPhone 14 Pro
35843651,Google Pixel 7A
35481324,OnePlus 10T 5G
34949317,Samsung Galaxy A52
34846714,IPhone 14 Plus
34714086,iPhone 16 Plus
33809315,iQOO 13 5G
40564924,iPhone 17e
40564932,iPhone 17e
35087426,Moto Edge 50 Pro
34838013,iPhone 14 Pro
34783272,iPhone 15 Plus
34704165,Moto Edge 60 Fusion
35706084,Realme GT Neo 5
35706302,Realme Gt 5G
34949561,Samsung Galaxy S22 Plus
34704369,Moto Edge 60 Stylus
35087918,Moto G42
34703867,VIVO V50 5G
34611082,iPhone 16 Pro
36804983,iPhone 16e
36225638,IQOO Z10R 5G
35843254,Google Pixel 6A
35843950,Google Pixel 7A
35706043,Realme GT Neo 5
35087375,Moto Edge 50 Ultra
35087399,Moto Edge 50 Ultra
34949915,Samsung Galaxy S23 Plus 5G
34783230,iPhone 15 Plus
34704172,Samsung S25 Plus
34726129,iPhone 16
34611070,iPhone 16 Pro
34714055,iPhone 16 Plus
34783235,iPhone 15 Plus
34611087,iPhone 16 Pro
33798179,Google Pixel 9 Pro XL
34704386,Moto Edge 60 Stylus
34611054,iPhone 16 Pro
35706262,Realme GT Neo 5
35087389,Moto Edge 50 Pro
35087544,Moto Edge 50 5G
34949370,Samsung Galaxy S22
33798193,Google Pixel 9 Pro XL
34825605,IPhone 14
35843613,Google Pixel 7A
35286974,vivo T3 Ultra
35087975,Moto Edge 30
34849462,Samsung Galaxy S23 5G
34703899,VIVO V50 5G
34704135,Samsung S25 Plus
35843790,Google Pixel 6A
35706022,Oppo Reno 11 5G
34949870,Samsung Galaxy S23 Plus 5G
34825631,IPhone 14
35843824,Google Pixel 6A
35706253,Realme GT Neo 5
34801284,IPhone 14 Pro Max
34726111,iPhone 16
34630441,iQOO Z9s
36805016,Google Pixel 10 Pro
34801185,IPhone 14 Pro Max
35844131,Google Pixel 8 Pro
34949540,Samsung Galaxy A53 5G
34949901,Samsung Galaxy S23 Plus 5G
34846801,IPhone 14 Plus
34704111,Samsung S25 Plus
34611010,iPhone 16 Pro
33847418,vivo x200 Pro
34703858,VIVO V50 5G
35706418,Realme GT 2
34783346,iPhone 15 Plus
34801365,IPhone 14 Pro Max
34783319,iPhone 15 Plus
33798178,Google Pixel 9 Pro XL
35706025,Realme GT Neo 5
35087383,Moto Edge 40 Neo
34949469,Samsung Galaxy S22
34949904,Samsung Galaxy S23 Plus 5G
34704160,Moto Edge 60 Fusion
33847411,vivo x200 Pro
39749636,Moto G67 Power 5G
39749668,Moto G57 Power 5G
35287067,Vivo V50e
34846784,IPhone 14 Plus
34745795,iPhone 15 Pro Max
34611072,iPhone 16 Pro
36409584,Samsung Galaxy F56
35843709,Google Pixel 6A
35705962,Realme GT Neo 5
35481387,Oneplus Nord CE 4 Lite
34703776,VIVO V50 5G
40564920,iPhone 17e
35087987,MOTO G73 5G
34801139,IPhone 14 Pro Max
34846867,IPhone 14 Plus
34748955,iPhone 15 Pro
35843918,Google Pixel 8 Pro
35706617,Realme GT 2
34949934,Samsung Galaxy S22 Plus
34838032,IPhone 14 Pro
34849429,Samsung Galaxy S23 5G
35286960,Vivo V50e
34949892,Samsung Galaxy S23 Plus 5G
34783323,iPhone 15 Plus
34801327,IPhone 14 Pro Max
33798190,Google Pixel 9 Pro XL
35843289,Mi 14
35286948,Vivo V50e
34611085,iPhone 16 Pro
33847404,vivo x200 Pro
35482133,OnePlus 10T 5G
39587496,iPhone 17
35843765,Google Pixel 7A
34783280,iPhone 15 Plus
34783296,iPhone 15 Plus
35088055,MOTO G73 5G
34949485,Samsung Galaxy S23 Plus 5G
34846717,iPhone 14 Plus
34837968,iPhone 14 Pro
34726059,iPhone 16
34749006,iPhone 15 Pro
39749629,Moto G67 Power 5G
35843274,Google Pixel 8 Pro
35843628,Google Pixel 6A
35843779,Google Pixel 8
34704090,Samsung S25 Plus
34481768,iPhone 16e
33871252,OnePlus 11R 5G
33798181,Google Pixel 9 Pro XL
35843483,Google Pixel 8 Pro
35087805,Moto Edge 40
34846746,IPhone 14 Plus
34726098,iPhone 16
35843936,Google Pixel 6A
35087724,Moto Edge 20 Fusion
34838001,IPhone 14 Pro
34846752,IPhone 14 Plus
34611073,iPhone 16 Pro
34703778,Samsung S25 Ultra
34704081,Samsung S25 Plus
36603273,iPhone 17 Pro
34846863,IPhone 14 Plus
34704107,iPhone 16E
36603172,iPhone 17 Pro
35844090,Google Pixel 8 Pro
35287007,Vivo V50e
34949444,Samsung Galaxy A53 5G
34869054,Samsung Galaxy S24 PLUS 5g
34846776,IPhone 14 Plus
39587524,iPhone 17
36495781,Oppo Reno 14
34846785,IPhone 14 Plus
34792226,iPhone 15
34801264,IPhone 14 Pro Max
33847408,vivo x200 Pro
40564916,iPhone 17e
35334276,IQOO NEO 7 PRO
34949878,Samsung Galaxy S23 Plus 5G
34801316,IPhone 14 Pro Max
34714156,iPhone 16 Plus
33798173,Google Pixel 9 Pro XL
35844051,Google Pixel 8
35334362,iQOO Z9s
34849377,Samsung Galaxy S23 5G
35843516,Google Pixel 8 Pro
35705901,Realme GT Neo 5
35286978,Vivo V50e
34745794,iPhone 15 Pro Max
34792190,iPhone 15
33798188,Google Pixel 9 Pro XL
38142780,iPhone 17 Pro Max
35843262,Google Pixel 6A
34745786,iPhone 15 Pro Max
34838040,IPhone 14 Pro
34703781,VIVO V50 5G
34703970,Samsung S25
34726063,iPhone 16
34726126,iPhone 16
39749591,Moto G67 Power 5G
35706390,Realme GT 6T 5G
34869162,Samsung Galaxy S24 PLUS 5g
35287003,Vivo V50e
35334289,IQOO Neo 6 5G
34837945,IPhone 14 Pro
34783287,iPhone 15 Plus
34792106,iPhone 15
40564913,iPhone 17e
36603264,iPhone 17 Air
36225684,IQOO Z10R 5G
35482343,OnePlus 10T 5G
34838003,IPhone 14 Pro
34846749,IPhone 14 Plus
38142810,iPhone 17 Pro
34801311,IPhone 14 Pro Max
34703836,Samsung S25
34704161,Moto Edge 60 Fusion
35843322,Google Pixel 5A
35844029,Google Pixel 8 Pro
35087507,Moto Edge 50 5G
35088178,Moto Edge 20 Fusion
34849389,Samsung Galaxy S23 5G
34869154,Samsung Galaxy S24 PLUS 5g
40564906,iPhone 17e
39749652,Moto G67 Power 5G
36225667,IQOO Z10R 5G
35843511,Google Pixel 8 Pro
35334606,iQOO Z9s
34846877,IPhone 14 Plus
34726057,iPhone 16
35843878,Google Pixel 6A
35843986,Mi 14 Ultra
34748958,iPhone 15 Pro
34783268,iPhone 15 Plus
34783288,iPhone 15 Plus
34801368,IPhone 14 Pro Max
34825617,IPhone 14
35843401,Google Pixel 8
34949818,Samsung Galaxy Z Flip4
34949903,Samsung Galaxy S23 Plus 5G
34838000,IPhone 14 Pro
34726038,iPhone 16
36225636,IQOO Z10R 5G
34838023,IPhone 14 Pro
34849362,Samsung Galaxy S23 5G
34726070,iPhone 16
34783267,iPhone 15 Plus
39047623,iPhone 17 Pro
36603169,iPhone 17
34801275,IPhone 14 Pro Max
34630397,iQOO Z9s
35705858,Realme Gt Master Edition
34949803,Samsung Galaxy S23 Plus 5G
40564911,iPhone 17e
35087473,Moto G42
34748971,iPhone 15 Pro
34703875,Samsung S25 Plus
34704104,Moto Edge 60 Fusion
34704120,Moto Edge 60 Fusion
35843773,Mi 10T
38142796,iPhone 17 Pro Max
35481504,OnePlus 10T 5G
34726026,iPhone 16
35898436,Moto G96
35286862,Vivo V50e
34801134,IPhone 14 Pro Max
34801262,IPhone 14 Pro Max
34849406,Samsung Galaxy S23 5G
34726122,iPhone 16
34630388,Samsung S25 Plus
39749657,OnePlus Nord 5
34783226,iPhone 15 Plus
34849365,Samsung Galaxy S23 5G
34849475,Samsung Galaxy S23 5G
34714159,iPhone 16 Plus
33864452,Moto Edge 50 Fusion
35705881,Realme Gt Master Edition
34801271,IPhone 14 Pro Max
34846927,IPhone 14 Plus
34630369,iQOO Z9s
34704004,Samsung S25 Plus
41345557,MOTO Edge 70
34714137,iPhone 16 Plus
36805060,vivo V60
35286861,Vivo V21
35087440,Moto Edge 50 5G
34801360,IPhone 14 Pro Max
34726029,iPhone 16
34726033,iPhone 16
34792075,iPhone 15
35843461,Google Pixel 8a
35843846,Google Pixel 8 Pro
35706560,Realme Gt 5G
34949484,Samsung Galaxy A53 5G
34714175,iPhone 16 Plus
36225619,IQOO Z10R 5G
35482030,OnePlus 10T 5G
34949900,Samsung Galaxy S23 Plus 5G
34825568,IPhone 14
33798176,Google Pixel 9 Pro XL
34801280,IPhone 14 Pro Max
34849347,Samsung Galaxy S23 5G
34726036,iPhone 16
34726112,iPhone 16
38141284,Google Pixel 10 Pro
35843873,Google Pixel 8
35287020,vivo T3 Ultra
34801198,IPhone 14 Pro Max
33868740,IQOO NEO 7 5G
35843911,Google Pixel 8 Pro
34869075,Samsung Galaxy S24 PLUS 5g
34801172,IPhone 14 Pro Max
34703845,Samsung S25
34704215,Moto Edge 60 Stylus
34714125,iPhone 16 Plus
33798185,Google Pixel 9 Pro XL
33798189,Google Pixel 9 Pro XL
39749599,iPhone 17 Air
36804963,Vivo X200 FE
36603189,iPhone 17
35334363,IQOO NEO 7 5G
36226442,iPhone 15
34748924,iPhone 15 Pro
34749003,iPhone 15 Pro
34748961,iPhone 15 Pro
34783258,iPhone 15 Plus
34783339,iPhone 15 Plus
41345573,MOTO Edge 70
39047662,iPhone 17 Pro Max
35843863,Mi 14
35087492,Moto Edge 40
34849405,Samsung Galaxy S23 5G
34726134,iPhone 16
35843544,Google Pixel 7A
34949525,Samsung Galaxy S23 Plus 5G
34825651,IPhone 14
34849468,Samsung Galaxy S23 5G
34469693,Vivo X200 5G
35843656,Google Pixel 6A
34726041,iPhone 16
34726101,iPhone 16
34745756,iPhone 15 Pro Max
34745725,iPhone 15 Pro Max
34745755,iPhone 15 Pro Max
34630425,Samsung S25
36225655,IQOO Z10R 5G
35843528,Google Pixel 6A
35705930,Realme GT Neo 5
34801361,IPhone 14 Pro Max
34745679,iPhone 15 Pro Max
34742585,IQOO Neo 10R
33798187,Google Pixel 9 Pro XL
39587515,iPhone 17
35706082,Realme GT Neo 5
34846761,IPhone 14 Plus
34849487,Samsung Galaxy S23 5G
34745678,iPhone 15 Pro Max
34703818,Samsung S25 Plus
34703937,iQOO Z9s
35481332,OnePlus 10T 5G
34949330,Samsung Galaxy S23 Plus 5G
34869092,Samsung Galaxy S24 PLUS 5g
34825544,IPhone 14
34481786,iPhone 16e
36225590,IQOO Z10R 5G
36225632,IQOO Z10R 5G
35843880,Google Pixel 7A
35334545,IQOO NEO 7 5G
34846758,IPhone 14 Plus
34745748,iPhone 15 Pro Max
34611025,iPhone 16 Pro
34611065,iPhone 16 Pro
34949860,Samsung Galaxy S23 Plus 5G
34825615,IPhone 14
34726024,iPhone 16
34792299,iPhone 15
34801155,IPhone 14 Pro Max
33798167,Google Pixel 9 Pro XL
35705887,Realme GT Neo 5
34949668,Samsung Galaxy S23 5G
34838017,IPhone 14 Pro
34611101,iPhone 16 Pro
38142799,iPhone 17 Pro
36225669,IQOO Z10R 5G
34783239,iPhone 15 Plus
34792339,iPhone 15
34630399,Samsung S25 Plus
34704050,Samsung S25 Ultra
34714126,iPhone 16 Plus
35843894,Google Pixel 8 Pro
35843229,Mi 14
34949654,Samsung Galaxy S22 Plus
34846767,IPhone 14 Plus
36225582,IQOO Z10R 5G
35843207,Google Pixel 7 Pro
35843610,Google Pixel 8
35705992,Realme GT Neo 5
35334332,iqoo 12
34783300,iPhone 15 Plus
34703792,Samsung S25 Plus
36764705,Google Pixel 10
35843372,Google Pixel 7A
35706230,Realme GT 2
34869090,Samsung Galaxy S24 PLUS 5g
34949854,Samsung Galaxy S23 Plus 5G
36603268,iPhone 17 Air
35334348,IQOO NEO 7 PRO
34846946,iPhone 14 Plus
34703815,Moto Edge 60 Stylus
33868735,IQOO NEO 7 5G
35843264,Google Pixel 7
35843694,Mi 14
35843882,Google Pixel 8 Pro
34846772,IPhone 14 Plus
34849401,Samsung Galaxy S23 5G
34611021,iPhone 16 Pro
36225579,IQOO Z10R 5G
36225606,IQOO Z10R 5G
36764488,Google Pixel 10 Pro XL
34949620,Samsung Galaxy S22
38142808,iPhone 17 Pro
35843683,Google Pixel 7A
35843862,Google Pixel 8 Pro
34846740,IPhone 14 Plus
34869058,Samsung Galaxy S24 PLUS 5g
34869126,Samsung Galaxy S24 PLUS 5g
34704349,Moto Edge 60 Stylus
35843279,Google Pixel 8a
34949816,Samsung Galaxy S23 Plus 5G
34949886,Samsung Galaxy M53 5G
34703921,Samsung S25 Plus
38142703,Samsung Galaxy Z Flip 7
34801195,IPhone 14 Pro Max
34630405,Samsung S25 Plus
34726019,iPhone 16
34783294,iPhone 15 Plus
36804984,iPhone 16e
35087886,Moto Edge 20 Fusion
38142771,Samsung Galaxy Z Flip 7 FE
36225628,IQOO Z10R 5G
34846727,IPhone 14 Plus
34949853,Samsung Galaxy S23 Plus 5G
34745764,iPhone 15 Pro Max
34783251,iPhone 15 Plus
34792345,iPhone 15
35843592,Google Pixel 7A
35087578,Moto Edge 40
34481762,iPhone 16e
34481765,iPhone 16e
36225617,IQOO Z10R 5G
34703898,Moto Edge 60 Fusion
34703934,iQOO Z9s
34726016,iPhone 16
34726017,iPhone 16
39749630,Moto G67 Power 5G
35843335,Google Pixel 7A
35481923,OnePlus 10T 5G
34801186,IPhone 14 Pro Max
34949802,Samsung Galaxy S22 Plus
34846747,IPhone 14 Plus
34704123,iQOO Z9s
34704258,Moto Edge 60 Stylus
34714173,iPhone 16 Plus
34726014,iPhone 16
34745720,iPhone 15 Pro Max
33798170,Google Pixel 9 Pro XL
35843815,Google Pixel 8 Pro
34949215,Samsung Galaxy S23 5G
34949502,Samsung Galaxy S23 Plus 5G
34949836,Samsung Galaxy S23 Plus 5G
34837987,IPhone 14 Pro
34726015,iPhone 16
34630394,Samsung S25 Plus
35334694,IQOO NEO 7 PRO
35482055,Oneplus 12
34703812,Samsung S25 Plus
34704328,iPhone 16E
35843547,Google Pixel 7A
35087550,MOTO G73 5G
34949843,Samsung Galaxy S23 Plus 5G
34825545,iPhone 14
34704224,Moto Edge 60 Fusion
34714064,iPhone 16 Plus
34745771,iPhone 15 Pro Max
34783229,iPhone 15 Plus
34838031,IPhone 14 Pro
34792175,iPhone 15
35843837,Google Pixel 8 Pro
34838033,IPhone 14 Pro
34838054,IPhone 14 Pro
35481340,OnePlus 10T 5G
35087425,Moto Edge 50 5G
34726018,iPhone 16
34849447,Samsung Galaxy S23 5G
33798168,Google Pixel 9 Pro XL
35843539,Google Pixel 7A
34849395,Samsung Galaxy S23 5G
34745724,iPhone 15 Pro Max
34801285,IPhone 14 Pro Max
34801180,IPhone 14 Pro Max
34849390,Samsung Galaxy S23 5G
34703885,iPhone 16E
41345551,MOTO Edge 70
35898416,IQOO Neo 10
34846756,IPhone 14 Plus
34846759,IPhone 14 Plus
34846765,IPhone 14 Plus
39587462,iPhone 17
35843427,Google Pixel 7A
35843464,Google Pixel 7A
34714170,iPhone 16 Plus
35843492,Google Pixel 8 Pro
34825614,iPhone 14
34825590,IPhone 14
34837933,IPhone 14 Pro
34849393,Samsung Galaxy S23 5G
34726020,iPhone 16
34745715,iPhone 15 Pro Max
34846922,IPhone 14 Plus
34869116,Samsung Galaxy S24 PLUS 5g
35843756,Google Pixel 7A
35898407,IQOO Neo 10
35341416,IQOO 11 5G
34869119,Samsung Galaxy S24 PLUS 5g
34801305,IPhone 14 Pro Max
34630401,Samsung S25 Plus
34745727,iPhone 15 Pro Max
41345567,MOTO Edge 70
34849392,Samsung Galaxy S23 5G
34837984,IPhone 14 Pro
34838025,IPhone 14 Pro
34846728,IPhone 14 Plus
34704173,Nothing Phone 3A
34748985,iPhone 15 Pro
35843590,Google Pixel 8
35706238,Realme GT 2
34949471,Samsung Galaxy S23 Plus 5G
34838030,IPhone 14 Pro
34869111,Samsung Galaxy S24 PLUS 5g
35898426,IQOO Neo 10
35843782,Google Pixel 8 Pro
35087423,Moto Edge 40
34703861,Moto Edge 60 Fusion
34703956,iQOO Z9s
36603185,iPhone 17 Air
34714146,iPhone 16 Plus
34714160,iPhone 16 Plus
36225650,IQOO Z10R 5G
34783273,iPhone 15 Plus
34801296,IPhone 14 Pro Max
34703790,Samsung S25 Plus
34704217,Moto Edge 60 Stylus
35334493,Vivo IQOO 9 SE
35087617,Moto Edge 40
34869101,Samsung Galaxy S24 PLUS 5g
34630386,Samsung S25 Plus
34704051,OnePlus 13 5G
34469736,Vivo X200 5G
35843687,Google Pixel 7A
35843764,Google Pixel 7A
34869086,Samsung Galaxy S24 PLUS 5g
34745743,iPhone 15 Pro Max
34783232,iPhone 15 Plus
36603196,iPhone 17 Air
35706452,Realme GT 2
35087342,Moto Edge 50 5G
35087989,MOTO G73 5G
34869103,Samsung Galaxy S24 PLUS 5g
34704320,Moto Edge 60 Stylus
34726091,iPhone 16
34745784,iPhone 15 Pro Max
34630395,Samsung S25 Plus
35843637,Google Pixel 8 Pro
34949273,Samsung Galaxy S23 Plus 5G
34825664,IPhone 14
34869107,Samsung Galaxy S24 PLUS 5g
36226441,iPhone 15
35843770,Google Pixel 7
35482000,OnePlus 10T 5G
34611051,iPhone 16 Pro
35087951,Moto Edge 30 Fusion
34745746,iPhone 15 Pro Max
34846856,IPhone 14 Plus
34481779,iPhone 16e
35843710,Google Pixel 8 Pro
35843895,Mi 14 Ultra
35705880,Realme GT Neo 5
35334450,Vivo IQOO 9 SE
34837986,iPhone 14 Pro
34949761,Samsung Galaxy S23 Plus 5G
34846845,IPhone 14 Plus
34703951,Moto Edge 60 Stylus
34869081,Samsung Galaxy S24 PLUS 5g
34949560,Samsung Galaxy M55
34745718,iPhone 15 Pro Max
34849479,Samsung Galaxy S23 5G
34703893,Moto Edge 60 Fusion
41345549,MOTO Edge 70
35843429,Google Pixel 8
35087903,Moto Edge 30
34949266,Samsung Galaxy S23 5G
34745761,iPhone 15 Pro Max
36225653,IQOO Z10R 5G
35843670,Google Pixel 8
34825598,iPhone 14
34837953,IPhone 14 Pro
34837975,IPhone 14 Pro
34838027,IPhone 14 Pro
34481772,iPhone 16e
34825606,IPhone 14
34704243,OnePlus 13R 5G
34745740,iPhone 15 Pro Max
35087419,Moto Edge 40
34949556,Samsung Galaxy S22 Plus
34837959,IPhone 14 Pro
33809286,iQOO 13 5G
35334439,iqoo 12
34745736,iPhone 15 Pro Max
34703876,iPhone 16E
36603236,iPhone 17
35843681,Google Pixel 8
34949699,Samsung Galaxy S23 Plus 5G
34704103,Mi 14 Civi
36764593,Google Pixel 10 Pro XL
34949269,Samsung Galaxy S23 Plus 5G
34949527,Samsung Galaxy S22
34704277,Moto Edge 60 Stylus
34703866,Moto Edge 60 Fusion
34714114,iPhone 16 Plus
36225615,IQOO Z10R 5G
35843731,Google Pixel 7A
35706255,Realme GT Neo 3
35334525,IQOO Neo 6 5G
35087783,MOTO G73 5G
34704079,OnePlus 13R 5G
34714111,iPhone 16 Plus
34726092,iPhone 16
36225623,IQOO Z10R 5G
36225625,IQOO Z10R 5G
35843552,Google Pixel 7A
34949588,Samsung Galaxy S22 Plus
34703829,iPhone 16E
34745726,iPhone 15 Pro Max
34846751,IPhone 14 Plus
34838018,IPhone 14 Pro
34869114,Samsung Galaxy S24 PLUS 5g
34749017,iPhone 15 Pro
39587438,iPhone 17 Air
34949633,Samsung Galaxy S23 Plus 5G
34837944,IPhone 14 Pro
41345539,MOTO Edge 70
41345572,MOTO Edge 70
36603216,iPhone 17
35481401,OnePlus 10T 5G
34714147,iPhone 16 Plus
34745737,iPhone 15 Pro Max
34846730,IPhone 14 Plus
34611017,iPhone 16 Pro
34704206,Moto Edge 60 Stylus
32415567,Samsung Galaxy S23 5G
35843530,Google Pixel 7A
35843866,Google Pixel 7
34949594,Samsung Galaxy S22
34949617,Samsung Galaxy S23 Plus 5G
34745739,iPhone 15 Pro Max
34748996,iPhone 15 Pro
34749015,iPhone 15 Pro
34801295,iPhone 14 Pro Max
34714051,iPhone 16 Plus
41345553,MOTO Edge 70
34825621,IPhone 14
34704082,OnePlus 13R 5G
34745723,iPhone 15 Pro Max
34469782,Vivo X200 5G
32415563,Samsung Galaxy S23 5G
35843671,Google Pixel 7A
34801344,IPhone 14 Pro Max
35334337,Vivo IQOO 9T 5G
34949857,Samsung Galaxy M55
34703832,Moto Edge 60 Fusion
34726095,iPhone 16
34749012,iPhone 15 Pro
34749013,iPhone 15 Pro
34749009,iPhone 15 Pro
41345550,MOTO Edge 70
36764513,Google Pixel 10 Pro XL
34745710,iPhone 15 Pro Max
34792105,iPhone 15
34801337,IPhone 14 Pro Max
34481787,iPhone 16e
35087988,Moto Edge 30
34714140,iPhone 16 Plus
34748980,iPhone 15 Pro
34748988,iPhone 15 Pro
34846719,IPhone 14 Plus
36225589,IQOO Z10R 5G
34846907,IPhone 14 Plus
34792254,iPhone 15
34611075,iPhone 16 Pro
36225626,IQOO Z10R 5G
35843339,Google Pixel 7A
35843545,Google Pixel 7A
34949751,Samsung Galaxy S23 Plus 5G
34749005,iPhone 15 Pro
34846936,IPhone 14 Plus
34714057,iPhone 16 Plus
34949641,Samsung Galaxy S23 Plus 5G
34949674,Samsung Galaxy M55
34837965,IPhone 14 Pro
34846743,IPhone 14 Plus
34703827,Mi 14 Civi
34704188,Moto Edge 60 Stylus
34726078,iPhone 16
34837982,IPhone 14 Pro
34714141,iPhone 16 Plus
34726085,iPhone 16
34726102,iPhone 16
34745709,iPhone 15 Pro Max
33815643,Vivo X100 Pro
35843512,Google Pixel 8
34949208,Samsung Galaxy S23 Plus 5G
34801332,IPhone 14 Pro Max
34837942,IPhone 14 Pro
34846738,IPhone 14 Plus
34846919,iPhone 14 Plus
34714163,iPhone 16 Plus
35843805,Google Pixel 7
35087695,Moto G60
35088043,Moto Edge 30
34825557,IPhone 14
34703788,Xiaomi 15
34792183,iPhone 15
35334243,IQOO 11 5G
34825627,IPhone 14
34837947,IPhone 14 Pro
34846734,IPhone 14 Plus
34949677,Samsung Galaxy S23 Plus 5G
35334324,IQOO 11 5G
35087403,Moto Edge 40
34801321,IPhone 14 Pro Max
34949763,Samsung Galaxy S23 Plus 5G
34704147,Moto Edge 60 Stylus
34749001,iPhone 15 Pro
34748954,iPhone 15 Pro
34704251,vivo x200 Pro
34704265,Mi 14 CIVI
34749014,iPhone 15 Pro
41345518,MOTO Edge 70
34949433,Samsung Galaxy S23 Plus 5G
34801282,iPhone 14 Pro Max
34838052,IPhone 14 Pro
34745682,iPhone 15 Pro Max
36603262,iPhone 17 Pro
36225612,IQOO Z10R 5G
35087948,Moto Edge 30 Pro
34825675,IPhone 14
41345527,MOTO Edge 70
41345528,MOTO Edge 70
35288113,vivo T3 Ultra
34949637,Samsung Galaxy M55
34714105,iPhone 16 Plus
34825703,IPhone 14
41345517,MOTO Edge 70
35843266,Google Pixel 8
35843280,Google Pixel 8
35843389,Google Pixel 8
35087421,Moto Edge 40
34825549,IPhone 14
34825566,IPhone 14
34825715,iPhone 14
34837938,IPhone 14 Pro
34703882,Mi 14 CIVI
34714079,iPhone 16 Plus
34846741,IPhone 14 Plus
34714121,iPhone 16 Plus
34714128,iPhone 16 Plus
34745708,iPhone 15 Pro Max
34846888,IPhone 14 Plus
34949434,Samsung Galaxy S23 Plus 5G
34703800,Moto Edge 60 Fusion
34704076,OnePlus 13R 5G
34801278,iPhone 14 Pro Max
38142738,vivo X200 FE
35705849,Realme GT 2
34846895,IPhone 14 Plus
34825650,IPhone 14
34825636,IPhone 14
34849463,Samsung Galaxy S23 5G
34704285,iPhone 16E
34745699,iPhone 15 Pro Max
36603194,iPhone 17
35843535,Google Pixel 7A
35706226,Realme GT 2
35287036,Vivo Y200e
34949432,Samsung Galaxy S23 Plus 5G
34704032,Moto Edge 60 Stylus
34801204,iPhone 14 Pro Max
36764483,Google Pixel 10 Pro XL
34949688,Samsung Galaxy S23 Plus 5G
34714152,iPhone 16 Plus
35705903,Realme Gt 5G
35843325,Google Pixel 8
35334298,Vivo IQOO 9T 5G
34801272,IPhone 14 Pro Max
34825687,IPhone 14
34837935,IPhone 14 Pro
36764499,Google Pixel 10 Pro XL
35843311,Google Pixel 7A
34949697,Samsung Galaxy S23 Plus 5G
34704134,Moto Edge 60 Stylus
34704337,Xiaomi 15
34704177,Moto Edge 60 Stylus
34714142,iPhone 16 Plus
34801137,IPhone 14 Pro Max
34825652,IPhone 14
35334610,Vivo IQOO 9T 5G
34801210,IPhone 14 Pro Max
34849439,Samsung Galaxy S23 5G
34801247,IPhone 14 Pro Max
34801269,iPhone 14 Pro Max
34469751,iPhone 16e
33847416,vivo x200 Pro
35843185,Google Pixel 8
35334249,Vivo IQOO 9T 5G
34825570,IPhone 14
34838010,iPhone 14 Pro
34949586,Samsung Galaxy S23 Plus 5G
34714068,iPhone 16 Plus
34748946,iPhone 15 Pro
35087600,Moto G60
35843199,Google Pixel 7A
34949669,Samsung Galaxy S23 Plus 5G
34703946,Samsung A56 5G
34801294,IPhone 14 Pro Max
34949430,Samsung Galaxy S23 Plus 5G
34745719,iPhone 15 Pro Max
34846902,IPhone 14 Plus
34825589,IPhone 14
34825641,IPhone 14
34825676,iPhone 14
34838061,IPhone 14 Pro
34704002,Mi 14 CIVI
34704158,Moto Edge 60 Stylus
34949466,Samsung Galaxy S22 Plus
34745714,iPhone 15 Pro Max
33847520,Google Pixel 9
35843258,Google Pixel 7A
35843285,Google Pixel 7A
34949629,Samsung Galaxy S23 Plus 5G
34745698,iPhone 15 Pro Max
34792167,iPhone 15
34801220,IPhone 14 Pro Max
34825712,iPhone 14
34846795,IPhone 14 Plus
34469763,iPhone 16e
34949589,Samsung Galaxy S23 Plus 5G
34726135,iPhone 16
36603242,iPhone 17 Air
35334235,Vivo IQOO 9T 5G
34825684,IPhone 14
34748951,iPhone 15 Pro
34748948,iPhone 15 Pro
34846932,iPhone 14 Plus
34949567,Samsung Galaxy S22 Plus
34949621,Samsung Galaxy S23 Plus 5G
34748981,iPhone 15 Pro
34748987,iPhone 15 Pro
34801239,IPhone 14 Pro Max
36603222,iPhone 17
35843378,Mi 14 Ultra
35087385,Moto Edge 30
35087747,Moto Edge 30 Fusion
34801232,iPhone 14 Pro Max
34825660,IPhone 14
34846774,IPhone 14 Plus
34846821,IPhone 14 Plus
35481835,Oneplus 9Rt 5G
34825679,IPhone 14
34949623,Samsung Galaxy S23 Plus 5G
34745707,iPhone 15 Pro Max
34748967,iPhone 15 Pro
34801192,iPhone 14 Pro Max
34801230,IPhone 14 Pro Max
34825600,IPhone 14
34846874,IPhone 14 Plus
34714099,iPhone 16 Plus
34714106,iPhone 16 Plus
38142891,iPhone 17
34949535,Samsung Galaxy S23 Plus 5G
34949608,Samsung Galaxy S23 Plus 5G
34703904,Moto Edge 60 Fusion
34714138,iPhone 16 Plus
34726027,iPhone 16
34792111,iPhone 15
36603245,iPhone 17 Pro Max
35087660,MOTO G73 5G
35087835,MOTO Edge 30 Ultra
35087890,Moto Edge 20 Pro
34825674,IPhone 14
36603215,iPhone 17
34949575,Samsung Galaxy S23 Plus 5G
34949693,Samsung Galaxy M55
34726025,iPhone 16
34749008,iPhone 15 Pro
34846781,iPhone 14 Plus
34704063,Moto Edge 60 Stylus
34714085,iPhone 16 Plus
34469787,iPhone 16e
35334616,Vivo IQOO 9T 5G
35334388,Vivo IQOO 9T 5G
35334588,Vivo IQOO 9T 5G
34949341,Samsung Galaxy F54
34949577,Samsung Galaxy S23 Plus 5G
34714136,iPhone 16 Plus
34748934,iPhone 15 Pro
34801199,IPhone 14 Pro Max
34801219,iPhone 14 Pro Max
34825619,IPhone 14
34846742,IPhone 14 Plus
34838086,IPhone 14 Pro
34704214,iQOO Z9s
34748918,iPhone 15 Pro
34825665,IPhone 14
34825622,IPhone 14
34825657,IPhone 14
34825702,IPhone 14
34846718,IPhone 14 Plus
34949512,Samsung Galaxy S23 Plus 5G
34703767,OnePlus 13R 5G
34703999,Moto Edge 60 Stylus
34748928,iPhone 15 Pro
34748984,iPhone 15 Pro
34749004,iPhone 15 Pro
34469760,iPhone 16e
33872510,iqoo 12
36603260,iPhone 17 Air
35334340,Vivo IQOO 9T 5G
34630489,VIVO V50 5G
35334323,iQOO 9 SE
34949523,Samsung Galaxy M34
34949625,Samsung Galaxy S23 Plus 5G
34748957,iPhone 15 Pro
34825620,iPhone 14
34825639,IPhone 14
34825666,IPhone 14
34838088,IPhone 14 Pro
34846782,IPhone 14 Plus
34846861,IPhone 14 Plus
34704037,Moto Edge 60 Stylus
34704095,Mi 14 CIVI
34714089,iPhone 16 Plus
35087748,MOTO Edge 30 Ultra
35087906,Moto Edge 30
34714132,iPhone 16 Plus
34703821,Moto Edge 60 Stylus
34704156,Moto Edge 60 Stylus
34849428,Samsung Galaxy S23 5G
34846733,iPhone 14 Plus
34849423,Samsung Galaxy S23 5G
34469679,iPhone 16e
39587705,OnePlus 15 5G
34846760,iPhone 14 Plus
35087752,Moto Edge 40 Neo
34630417,Samsung S25
34714118,iPhone 16 Plus
34714124,iPhone 16 Plus
34801216,IPhone 14 Pro Max
34825579,IPhone 14
34704091,Moto Edge 60 Stylus
34714122,iPhone 16 Plus
34748932,iPhone 15 Pro
35334546,Vivo IQOO 9T 5G
34949605,Samsung Galaxy S23 Plus 5G
34748941,iPhone 15 Pro
34748923,iPhone 15 Pro
34801227,IPhone 14 Pro Max
34749002,iPhone 15 Pro
34825581,IPhone 14
34849424,Samsung Galaxy S23 5G
34838081,IPhone 14 Pro
35706094,Realme GT 2
34703777,OnePlus 13R 5G
34703968,Moto Edge 60 Stylus
34704266,Nothing Phone 3A
34748937,iPhone 15 Pro
34801189,iPhone 14 Pro Max
34825531,iPhone 14
34846736,IPhone 14 Plus
34846783,IPhone 14 Plus
34469731,iPhone 16e
33847525,Google Pixel 9
36373682,OnePlus 13s
34825528,IPhone 14
34849446,Samsung Galaxy S23 5G
34704112,Moto Edge 60 Stylus
34714127,iPhone 16 Plus
36603186,iPhone 17
34748974,iPhone 15 Pro
34745712,iPhone 15 Pro Max
34748914,iPhone 15 Pro
34469813,iPhone 16e
35334384,Vivo IQOO 9T 5G
35334564,Vivo IQOO 9T 5G
34949607,Samsung Galaxy S23 Plus 5G
34825596,IPhone 14
34825603,IPhone 14
34846818,iPhone 14 Plus
34726104,iPhone 16
34726124,iPhone 16
33864470,Moto Edge 50 Fusion
34825638,iPhone 14
34849422,Samsung Galaxy S23 5G
34838085,IPhone 14 Pro
34726105,iPhone 16
34748929,iPhone 15 Pro
34469688,iPhone 16e
34704157,Moto Edge 60 Stylus
34469691,iPhone 16e
34748976,iPhone 15 Pro
34825535,IPhone 14
34825610,IPhone 14
36603252,iPhone 17 Air
35087662,MOTO G73 5G
34825628,IPhone 14
34825591,IPhone 14
34838084,IPhone 14 Pro
34704094,Moto Edge 60 Stylus
34846735,IPhone 14 Plus
34949595,Samsung Galaxy S23 Plus 5G
34714082,iPhone 16 Plus
34748933,iPhone 15 Pro
34469739,iPhone 16e
34949475,Samsung Galaxy S22 Plus
34714103,iPhone 16 Plus
34703877,Samsung S25
34825644,IPhone 14
34801174,IPhone 14 Pro Max
34837985,IPhone 14 Pro
34837989,IPhone 14 Pro
34846805,iPhone 14 Plus
34469719,Oppo Reno 13 5G
35706387,Realme GT 2
35843393,Google Pixel 7A
34745691,iPhone 15 Pro Max
34748983,iPhone 15 Pro
34846849,IPhone 14 Plus
34704132,Xiaomi 15 Ultra
33809309,iQOO 13 5G
36225592,Samsung Galaxy M56
34825618,IPhone 14
34846854,IPhone 14 Plus
34748915,iPhone 15 Pro
34748922,iPhone 15 Pro
34745773,iPhone 15 Pro Max
34825572,IPhone 14
34469730,iPhone 16e
34825559,IPhone 14
34838082,IPhone 14 Pro
34838083,IPhone 14 Pro
34849412,Samsung Galaxy S23 5G
34469795,iPhone 16e
34469835,iPhone 16e
34714074,iPhone 16 Plus
35334382,Vivo IQOO 9T 5G
34714131,iPhone 16 Plus
34748938,iPhone 15 Pro
34849449,Samsung Galaxy S23 5G
35334293,Vivo IQOO 9T 5G
34849409,Samsung Galaxy S23 5G
34838059,IPhone 14 Pro
34849374,Samsung Galaxy S23 5G
34849416,Samsung Galaxy S23 5G
34949576,Samsung Galaxy S23 Plus 5G
34714060,iPhone 16 Plus
34703775,Moto Edge 60 Stylus
34714109,iPhone 16 Plus
34726032,iPhone 16
34801146,IPhone 14 Pro Max
34825692,IPhone 14
36225647,Samsung Galaxy F56
34469798,iPhone 16e
36603191,iPhone 17
34838049,IPhone 14 Pro
34838076,IPhone 14 Pro
34949360,Samsung Galaxy S23 Plus 5G
34703943,Moto Edge 60 Stylus
34714067,iPhone 16 Plus
34748945,iPhone 15 Pro
36603228,iPhone 17
34949218,Samsung Galaxy S22 Plus
34949259,Samsung Galaxy S23 Plus 5G
34749007,iPhone 15 Pro
34801166,iPhone 14 Pro Max
35087562,Moto Edge 30 Fusion
34825682,IPhone 14
34838062,IPhone 14 Pro
34846732,IPhone 14 Plus
34703936,Moto Edge 60 Stylus
35334378,Vivo IQOO 9T 5G
34825696,iPhone 14
34849388,Samsung Galaxy S23 5G
34846744,IPhone 14 Plus
34949558,Samsung Galaxy S23 Plus 5G
34469704,iPhone 16e
34726120,iPhone 16
34849443,Samsung Galaxy S23 5G
34703839,Moto Edge 60 Stylus
34801160,iPhone 14 Pro Max
34825613,iPhone 14
34825583,IPhone 14
34838057,IPhone 14 Pro
34469708,iPhone 16e
34704108,Moto Edge 60 Stylus
34801145,IPhone 14 Pro Max
36603217,iPhone 17
36603226,iPhone 17 Air
34825569,IPhone 14
34825577,IPhone 14
34949865,Samsung Galaxy Z Flip 6
34469699,iPhone 16e
34469768,iPhone 16e
34825560,IPhone 14
34825699,IPhone 14
34846798,IPhone 14 Plus
34849421,Samsung Galaxy S23 5G
34849411,Samsung Galaxy S23 5G
34949536,Samsung Galaxy S23 Plus 5G
34704060,Moto Edge 60 Stylus
33847523,Google Pixel 9
35087679,Moto Edge 30
34469744,iPhone 16e
34703779,Moto Edge 60 Stylus
36603237,iPhone 17 Pro Max
34949319,Samsung Galaxy S22 Plus
34949499,Samsung Galaxy S23 Plus 5G
34703986,Moto Edge 60 Stylus
34714063,iPhone 16 Plus
34838043,IPhone 14 Pro
34849441,Samsung Galaxy S23 5G
34838060,IPhone 14 Pro
33809299,iQOO 13 5G
33853373,Samsung Galaxy M55
34726084,iPhone 16
34846711,iPhone 14 Plus
34469737,iPhone 16e
35705840,Realme GT 2
34849415,Samsung Galaxy S23 5G
34846797,iPhone 14 Plus
34949526,Samsung Galaxy S23 Plus 5G
36603234,iPhone 17 Air
34825540,IPhone 14
34825548,IPhone 14
34825694,iPhone 14
34846802,IPhone 14 Plus
34949226,Samsung Galaxy S23 Plus 5G
34469756,iPhone 16e
34726047,iPhone 16
34726079,iPhone 16
34726130,iPhone 16
34745692,iPhone 15 Pro Max
34748990,iPhone 15 Pro
34825710,IPhone 14
34849417,Samsung Galaxy S23 5G
36603223,iPhone 17
34846768,iPhone 14 Plus
34825561,iPhone 14
34846766,iPhone 14 Plus
36603179,iPhone 17 Air
34745753,iPhone 15 Pro Max
34849396,Samsung Galaxy S23 5G
34949509,Samsung Galaxy S23 Plus 5G
34714076,iPhone 16 Plus
34846748,IPhone 14 Plus
33809293,iQOO 13 5G
34838021,IPhone 14 Pro
34801164,IPhone 14 Pro Max
34469824,iPhone 16e
33809318,iQOO 13 5G
36603218,iPhone 17
34748913,iPhone 15 Pro
34949445,Samsung Galaxy S23 Plus 5G
34949498,Samsung Galaxy S23 Plus 5G
34726093,iPhone 16
34825731,IPhone 14
36603174,iPhone 17 Air
35287098,Vivo T3 5G
34704270,Xiaomi 15 Ultra
34825690,IPhone 14
34849368,Samsung Galaxy S23 5G
34469748,iPhone 16e
34469792,iPhone 16e
34726090,iPhone 16
34949493,Samsung Galaxy S23 Plus 5G
36603272,iPhone 17 Air
34726094,iPhone 16
34825632,IPhone 14
34825524,iPhone 14
34949429,Samsung Galaxy S22 Plus
34726067,iPhone 16
34825526,IPhone 14
34825672,IPhone 14
36603256,iPhone 17 Air
34825604,iPhone 14
34825643,IPhone 14
34825585,IPhone 14
35334347,IQOO Neo 9 Pro
34726089,iPhone 16
34825574,IPhone 14
34849378,Samsung Galaxy S23 5G
34837981,IPhone 14 Pro
34469682,iPhone 16e
34630383,Vivo V50e
34825681,IPhone 14
34825722,IPhone 14
34837932,IPhone 14 Pro
34838011,IPhone 14 Pro
36603205,iPhone 17
35087344,Moto Edge 30
34838012,IPhone 14 Pro
34849397,Samsung Galaxy S23 5G
34849398,Samsung Galaxy S23 5G
34703905,Moto Edge 60 Stylus
36603182,iPhone 17
36603265,iPhone 17 Air
34703833,Xiaomi 15 Ultra
34825597,IPhone 14
36603261,iPhone 17 Air
34726081,iPhone 16
34825656,iPhone 14
34837954,IPhone 14 Pro
34837936,IPhone 14 Pro
36603207,iPhone 17
34949239,Samsung Galaxy S23 Plus 5G
34949411,Samsung Galaxy S23 Plus 5G
34703801,Moto Edge 60 Stylus
34726035,iPhone 16
34825653,IPhone 14
34837980,iPhone 14 Pro
33809317,iQOO 13 5G
34837948,IPhone 14 Pro
34825695,IPhone 14
34745689,iPhone 15 Pro Max
34825634,IPhone 14
34825685,IPhone 14
34825686,IPhone 14
36603211,iPhone 17
36603175,iPhone 17 Air
36603206,iPhone 17 Air
34825537,IPhone 14
34825565,IPhone 14
34825648,IPhone 14
34825662,iPhone 14
33872507,iqoo 12
36225633,IQOO Z10R 5G
34838008,IPhone 14 Pro
34838009,IPhone 14 Pro
35705995,Realme GT 2
34704074,Xiaomi 15 Ultra
34825523,IPhone 14
34825575,IPhone 14
34825578,IPhone 14
34825700,IPhone 14
34825725,IPhone 14
36603270,iPhone 17 Air
34825564,IPhone 14
33847402,vivo x200 Pro
33847513,Google Pixel 9
36603199,iPhone 17 Air
36603224,iPhone 17 Air
35087500,Moto Edge 30
34837992,IPhone 14 Pro
34838002,iPhone 14 Pro
34838005,IPhone 14 Pro
34801300,IPhone 14 Pro Max
34825608,IPhone 14
34825543,iPhone 14
33809314,iQOO 13 5G
36603244,iPhone 17 Pro
34704286,Xiaomi 15 Ultra
34825556,IPhone 14
34838007,iPhone 14 Pro
34825635,IPhone 14
36603212,iPhone 17 Air
36603253,iPhone 17 Air
35334281,IQOO 11 5G
34825659,IPhone 14
34704151,Xiaomi 15 Ultra
35334446,IQOO 11 5G
35334441,IQOO 11 5G
33847401,vivo x200 Pro
34792089,iPhone 15
34837994,IPhone 14 Pro
34838004,IPhone 14 Pro
35898415,IQOO Neo 10
34704070,Xiaomi 15 Ultra
34825689,IPhone 14
36603181,iPhone 17 Air
34704142,IQOO Neo 9 Pro
34837951,IPhone 14 Pro
34837998,iPhone 14 Pro
34825586,IPhone 14
35334444,IQOO 11 5G
34837971,IPhone 14 Pro
34837979,iPhone 14 Pro
36603195,iPhone 17 Air
35843735,Mi 14
35334569,IQOO 11 5G
34825630,IPhone 14
35334461,IQOO 11 5G
36603176,iPhone 17 Air
36603177,iPhone 17
35334372,IQOO NEO 7 PRO
35334402,IQOO 11 5G
34825667,IPhone 14
34846723,IPhone 14 Plus
35334274,IQOO 11 5G
36603187,iPhone 17 Air
36603214,iPhone 17 Air
35334489,IQOO NEO 7 5G
35843632,Mi 14
34726118,iPhone 16
36604207,iPhone 17 Air
33853368,Samsung Galaxy M55
35087583,Moto Edge 50 Ultra
