Style Id,AG,Group Name,Status,Rank in Group,Live Since,Days Live,Organic Impressions,Inorganic Impressions,Total Impressions,Organic/Day,Ad Saturation,Demand Score,Opportunity Score,Health,Max CPC,Target ROI,Monthly Budget,Daily Budget
43008719,AG1,Hero Scale,ACTIVE,1,2026-06-12,82,11659,0,11659,142.183,0.0,99.9,99.9,HEALTHY,2.02,14.0,91.9677419354839,3.1
44211251,AG1,Hero Scale,ACTIVE,2,2026-07-14,50,9101,0,9101,182.02,0.0,99.8,99.8,HEALTHY,2.02,14.0,92.0,3.1
43008989,AG1,Hero Scale,ACTIVE,3,2026-06-12,82,8568,0,8568,104.488,0.0,99.7,99.7,HEALTHY,2.02,14.0,92.0,3.1
41106854,AG1,Hero Scale,ACTIVE,4,2026-04-03,152,9932,0,9932,65.342,0.0,99.7,99.7,HEALTHY,2.02,14.0,92.0,3.1
44211249,AG1,Hero Scale,ACTIVE,5,2026-07-14,50,7395,0,7395,147.9,0.0,99.6,99.6,HEALTHY,2.02,14.0,92.0,3.1
44211262,AG1,Hero Scale,ACTIVE,6,2026-07-14,50,6327,0,6327,126.54,0.0,99.5,99.5,HEALTHY,2.02,14.0,91.0,3.0
44211244,AG1,Hero Scale,ACTIVE,7,2026-07-14,50,6446,0,6446,128.92,0.0,99.5,99.5,HEALTHY,2.02,14.0,91.0,3.0
43009002,AG1,Hero Scale,ACTIVE,8,2026-06-12,82,6203,0,6203,75.646,0.0,99.4,99.4,HEALTHY,2.02,14.0,91.0,3.0
44211250,AG1,Hero Scale,ACTIVE,9,2026-07-14,50,5608,0,5608,112.16,0.0,99.3,99.3,HEALTHY,2.02,14.0,91.0,3.0
43008717,AG1,Hero Scale,ACTIVE,10,2026-06-12,82,6075,0,6075,74.085,0.0,99.3,99.3,HEALTHY,2.02,14.0,91.0,3.0
44211279,AG1,Hero Scale,ACTIVE,11,2026-07-14,50,4444,0,4444,88.88,0.0,98.6,98.6,HEALTHY,2.02,14.0,91.0,3.0
44210738,AG1,Hero Scale,ACTIVE,12,2026-07-14,50,3939,0,3939,78.78,0.0,98.2,98.2,HEALTHY,2.02,14.0,90.0,3.0
42145129,AG1,Hero Scale,ACTIVE,13,2026-05-14,111,3444,0,3444,31.027,0.0,97.2,97.2,HEALTHY,2.02,14.0,89.0,3.0
43028675,AG1,Hero Scale,ACTIVE,14,2026-06-12,82,3253,0,3253,39.671,0.0,97.1,97.1,HEALTHY,2.02,14.0,89.0,3.0
43008863,AG1,Hero Scale,ACTIVE,15,2026-06-12,82,3262,0,3262,39.78,0.0,97.1,97.1,HEALTHY,2.02,14.0,89.0,3.0
43008960,AG1,Hero Scale,ACTIVE,16,2026-06-12,82,3080,0,3080,37.561,0.0,96.8,96.8,HEALTHY,2.02,14.0,89.0,3.0
43008869,AG1,Hero Scale,ACTIVE,17,2026-06-12,82,2513,0,2513,30.646,0.0,95.2,95.2,HEALTHY,2.02,14.0,87.0,2.9
42145128,AG1,Hero Scale,ACTIVE,18,2026-05-14,111,2519,0,2519,22.694,0.0,94.9,94.9,HEALTHY,2.02,14.0,87.0,2.9
39258919,AG1,Hero Scale,ACTIVE,19,2026-01-11,234,9762,0,9762,41.718,0.0,93.6,93.6,HEALTHY,2.02,14.0,86.0,2.9
39587663,AG1,Hero Scale,ACTIVE,20,2026-01-24,221,8775,0,8775,39.706,0.0,93.5,93.5,HEALTHY,2.02,14.0,86.0,2.9
36805036,AG1,Hero Scale,ACTIVE,21,2025-09-06,361,10263,0,10263,28.429,0.0,93.3,93.3,HEALTHY,2.02,14.0,86.0,2.9
39587499,AG1,Hero Scale,ACTIVE,22,2026-01-23,222,7044,0,7044,31.73,0.0,93.2,93.2,HEALTHY,2.02,14.0,86.0,2.9
36804992,AG1,Hero Scale,ACTIVE,23,2025-09-06,361,9911,0,9911,27.454,0.0,93.2,93.2,HEALTHY,2.02,14.0,86.0,2.9
39827788,AG1,Hero Scale,ACTIVE,24,2026-02-05,209,6607,0,6607,31.612,0.0,93.1,93.1,HEALTHY,2.02,14.0,86.0,2.9
39827790,AG1,Hero Scale,ACTIVE,25,2026-02-04,210,6332,0,6332,30.152,0.0,93.0,93.0,HEALTHY,2.02,14.0,85.0,2.8
38143261,AG1,Hero Scale,ACTIVE,26,2025-11-21,285,6657,0,6657,23.358,0.0,92.8,92.8,HEALTHY,2.02,14.0,85.0,2.8
38143270,AG1,Hero Scale,ACTIVE,27,2025-11-21,285,5945,0,5945,20.86,0.0,92.5,92.5,HEALTHY,2.02,14.0,85.0,2.8
39827781,AG1,Hero Scale,ACTIVE,28,2026-02-04,210,4496,0,4496,21.41,0.0,91.9,91.9,HEALTHY,2.02,14.0,84.0,2.8
36805080,AG1,Hero Scale,ACTIVE,29,2025-09-06,361,4591,0,4591,12.717,0.0,90.8,90.8,HEALTHY,2.02,14.0,83.0,2.8
36804987,AG1,Hero Scale,ACTIVE,30,2025-09-06,361,4264,0,4264,11.812,0.0,90.3,90.3,HEALTHY,2.02,14.0,83.0,2.8
42697798,AG1,Hero Scale,ACTIVE,31,2026-05-31,94,1524,0,1524,16.213,0.0,89.3,89.3,HEALTHY,2.02,14.0,82.0,2.7
35706338,AG1,Hero Scale,ACTIVE,32,2025-07-16,413,11826,0,11826,28.634,0.0,88.9,88.9,HEALTHY,2.02,14.0,82.0,2.7
35706713,AG1,Hero Scale,ACTIVE,33,2025-07-16,413,12102,0,12102,29.303,0.0,88.9,88.9,HEALTHY,2.02,14.0,82.0,2.7
35706483,AG1,Hero Scale,ACTIVE,34,2025-07-16,413,12162,0,12162,29.448,0.0,88.9,88.9,HEALTHY,2.02,14.0,82.0,2.7
36975383,AG1,Hero Scale,ACTIVE,35,2025-09-18,349,22786,2288,25074,65.289,0.091,93.9,88.8,HEALTHY,2.02,14.0,82.0,2.7
43009017,AG1,Hero Scale,ACTIVE,36,2026-06-12,82,4685,951,5636,57.134,0.169,98.7,88.7,HEALTHY,2.02,14.0,82.0,2.7
35706703,AG1,Hero Scale,ACTIVE,37,2025-07-16,413,10269,0,10269,24.864,0.0,88.7,88.7,HEALTHY,2.02,14.0,82.0,2.7
35706034,AG1,Hero Scale,ACTIVE,38,2025-07-16,413,10393,0,10393,25.165,0.0,88.7,88.7,HEALTHY,2.02,14.0,82.0,2.7
34630498,AG1,Hero Scale,ACTIVE,39,2025-05-31,459,11178,0,11178,24.353,0.0,88.7,88.7,HEALTHY,2.02,14.0,82.0,2.7
35843737,AG1,Hero Scale,ACTIVE,40,2025-07-21,408,9991,0,9991,24.488,0.0,88.6,88.6,HEALTHY,2.02,14.0,81.0,2.7
35843930,AG1,Hero Scale,ACTIVE,41,2025-07-21,408,9211,0,9211,22.576,0.0,88.5,88.5,HEALTHY,2.02,14.0,81.0,2.7
35706729,AG1,Hero Scale,ACTIVE,42,2025-07-16,413,9630,0,9630,23.317,0.0,88.5,88.5,HEALTHY,2.02,14.0,81.0,2.7
35706279,AG1,Hero Scale,ACTIVE,43,2025-07-16,413,8356,0,8356,20.232,0.0,88.3,88.3,HEALTHY,2.02,14.0,81.0,2.7
35287385,AG1,Hero Scale,ACTIVE,44,2025-07-01,428,8858,0,8858,20.696,0.0,88.3,88.3,HEALTHY,2.02,14.0,81.0,2.7
35288154,AG1,Hero Scale,ACTIVE,45,2025-07-01,428,8310,0,8310,19.416,0.0,88.2,88.2,HEALTHY,2.02,14.0,81.0,2.7
35287282,AG1,Hero Scale,QUEUE,46,2025-07-01,428,7832,0,7832,18.299,0.0,88.1,88.1,HEALTHY,2.02,14.0,0.0,0.0
35287046,AG1,Hero Scale,QUEUE,47,2025-07-01,428,7885,0,7885,18.423,0.0,88.1,88.1,HEALTHY,2.02,14.0,0.0,0.0
35844275,AG1,Hero Scale,QUEUE,48,2025-07-21,408,7334,0,7334,17.975,0.0,88.0,88.0,HEALTHY,2.02,14.0,0.0,0.0
35843945,AG1,Hero Scale,QUEUE,49,2025-07-21,408,7425,0,7425,18.199,0.0,88.0,88.0,HEALTHY,2.02,14.0,0.0,0.0
35288066,AG1,Hero Scale,QUEUE,50,2025-07-01,428,7606,0,7606,17.771,0.0,88.0,88.0,HEALTHY,2.02,14.0,0.0,0.0
35287488,AG1,Hero Scale,QUEUE,51,2025-07-01,428,7207,0,7207,16.839,0.0,87.8,87.8,HEALTHY,2.02,14.0,0.0,0.0
36253948,AG1,Hero Scale,QUEUE,52,2025-08-06,392,6613,0,6613,16.87,0.0,87.7,87.7,HEALTHY,2.02,14.0,0.0,0.0
35843717,AG1,Hero Scale,QUEUE,53,2025-07-21,408,6617,0,6617,16.218,0.0,87.6,87.6,HEALTHY,2.02,14.0,0.0,0.0
35706630,AG1,Hero Scale,QUEUE,54,2025-07-16,413,6491,0,6491,15.717,0.0,87.5,87.5,HEALTHY,2.02,14.0,0.0,0.0
34783264,AG1,Hero Scale,QUEUE,55,2025-06-06,453,6890,0,6890,15.21,0.0,87.5,87.5,HEALTHY,2.02,14.0,0.0,0.0
36495839,AG1,Hero Scale,QUEUE,56,2025-08-22,376,5825,0,5825,15.492,0.0,87.3,87.3,HEALTHY,2.02,14.0,0.0,0.0
35706608,AG1,Hero Scale,QUEUE,57,2025-07-16,413,5930,0,5930,14.358,0.0,87.2,87.2,HEALTHY,2.02,14.0,0.0,0.0
35288210,AG1,Hero Scale,QUEUE,58,2025-07-01,428,5834,0,5834,13.631,0.0,87.0,87.0,HEALTHY,2.02,14.0,0.0,0.0
35286922,AG1,Hero Scale,QUEUE,59,2025-07-01,428,5863,0,5863,13.699,0.0,87.0,87.0,HEALTHY,2.02,14.0,0.0,0.0
36495823,AG1,Hero Scale,QUEUE,60,2025-08-22,376,5266,0,5266,14.005,0.0,86.9,86.9,HEALTHY,2.02,14.0,0.0,0.0
35287236,AG1,Hero Scale,QUEUE,61,2025-07-01,428,5757,0,5757,13.451,0.0,86.9,86.9,HEALTHY,2.02,14.0,0.0,0.0
39587469,AG1,Hero Scale,QUEUE,62,2026-01-23,222,3837,364,4201,17.284,0.087,90.8,86.1,HEALTHY,2.02,14.0,0.0,0.0
36495819,AG1,Hero Scale,QUEUE,63,2025-08-22,376,4547,0,4547,12.093,0.0,86.0,86.0,HEALTHY,2.02,14.0,0.0,0.0
35843885,AG1,Hero Scale,QUEUE,64,2025-07-21,408,4717,0,4717,11.561,0.0,86.0,86.0,HEALTHY,2.02,14.0,0.0,0.0
43028667,AG1,Hero Scale,QUEUE,65,2026-06-12,82,1179,0,1179,14.378,0.0,85.7,85.7,HEALTHY,2.02,14.0,0.0,0.0
35706254,AG1,Hero Scale,QUEUE,66,2025-07-16,413,4451,0,4451,10.777,0.0,85.6,85.6,HEALTHY,2.02,14.0,0.0,0.0
39587467,AG1,Hero Scale,QUEUE,67,2026-01-23,222,7868,1300,9168,35.441,0.142,93.4,85.5,HEALTHY,2.02,14.0,0.0,0.0
35288164,AG1,Hero Scale,QUEUE,68,2025-07-01,428,4050,0,4050,9.463,0.0,84.8,84.8,HEALTHY,2.02,14.0,0.0,0.0
34949497,AG1,Hero Scale,QUEUE,69,2025-06-16,443,15358,1338,16696,34.668,0.08,89.1,84.8,HEALTHY,2.02,14.0,0.0,0.0
35706232,AG1,Hero Scale,QUEUE,70,2025-07-16,413,3899,0,3899,9.441,0.0,84.6,84.6,HEALTHY,2.02,14.0,0.0,0.0
38142723,AG1,Hero Scale,QUEUE,71,2025-11-21,285,8148,1483,9631,28.589,0.154,93.1,84.5,HEALTHY,2.02,14.0,0.0,0.0
34801144,AG1,Hero Scale,QUEUE,72,2025-06-09,450,3922,0,3922,8.716,0.0,84.2,84.2,HEALTHY,2.02,14.0,0.0,0.0
39592493,AG1,Hero Scale,QUEUE,73,2026-01-23,222,6040,1109,7149,27.207,0.155,92.8,84.2,HEALTHY,2.02,14.0,0.0,0.0
35843242,AG1,Hero Scale,QUEUE,74,2025-07-21,408,3510,0,3510,8.603,0.0,83.6,83.6,HEALTHY,2.02,14.0,0.0,0.0
35481450,AG1,Hero Scale,QUEUE,75,2025-07-09,420,3520,0,3520,8.381,0.0,83.5,83.5,HEALTHY,2.02,14.0,0.0,0.0
34611027,AG1,Hero Scale,QUEUE,76,2025-05-31,459,3694,0,3694,8.048,0.0,83.4,83.4,HEALTHY,2.02,14.0,0.0,0.0
35287621,AG1,Hero Scale,QUEUE,77,2025-07-01,428,3486,0,3486,8.145,0.0,83.3,83.3,HEALTHY,2.02,14.0,0.0,0.0
35287463,AG1,Hero Scale,QUEUE,78,2025-07-01,428,3482,0,3482,8.136,0.0,83.2,83.2,HEALTHY,2.02,14.0,0.0,0.0
35705889,AG1,Hero Scale,QUEUE,79,2025-07-16,413,3286,0,3286,7.956,0.0,82.8,82.8,HEALTHY,2.02,14.0,0.0,0.0
35287494,AG1,Hero Scale,QUEUE,80,2025-07-01,428,5286,408,5694,12.35,0.072,86.5,82.8,HEALTHY,2.02,14.0,0.0,0.0
41096538,AG1,Hero Scale,QUEUE,81,2026-04-02,153,6079,2512,8591,39.732,0.292,99.2,81.8,HEALTHY,2.02,14.0,0.0,0.0
34630381,AG1,Hero Scale,QUEUE,82,2025-05-31,459,5419,539,5958,11.806,0.09,86.4,81.7,HEALTHY,2.02,14.0,0.0,0.0
36804973,AG1,Hero Scale,QUEUE,83,2025-09-06,361,5001,1205,6206,13.853,0.194,91.2,80.6,HEALTHY,2.02,14.0,0.0,0.0
36495784,AG1,Hero Scale,QUEUE,84,2025-08-22,376,4437,1277,5714,11.801,0.223,85.8,74.3,HEALTHY,2.02,14.0,0.0,0.0
36310404,AG1,Hero Scale,QUEUE,85,2025-08-09,389,5124,1676,6800,13.172,0.246,86.6,73.8,HEALTHY,2.02,14.0,0.0,0.0
35087877,AG1,Hero Scale,QUEUE,86,2025-06-23,436,5617,2227,7844,12.883,0.284,86.8,72.0,HEALTHY,2.02,14.0,0.0,0.0
39587657,AG1,Hero Scale,QUEUE,87,2026-01-23,222,3210,1560,4770,14.459,0.327,89.5,71.9,HEALTHY,2.02,14.0,0.0,0.0
35481380,AG1,Hero Scale,QUEUE,88,2025-07-08,421,6984,3160,10144,16.589,0.312,87.7,71.3,HEALTHY,2.02,14.0,0.0,0.0
39587434,AG1,Hero Scale,QUEUE,89,2026-01-26,219,5806,3796,9602,26.511,0.395,92.7,70.7,HEALTHY,2.02,14.0,0.0,0.0
39587498,AG1,Hero Scale,QUEUE,90,2026-01-24,221,3244,1783,5027,14.679,0.355,89.7,70.6,HEALTHY,2.02,14.0,0.0,0.0
36253960,AG1,Hero Scale,QUEUE,91,2025-08-06,392,5541,2552,8093,14.135,0.315,87.0,70.5,HEALTHY,2.02,14.0,0.0,0.0
35706519,AG1,Hero Scale,QUEUE,92,2025-07-16,413,9554,5144,14698,23.133,0.35,88.5,69.9,HEALTHY,2.02,14.0,0.0,0.0
39047714,AG1,Hero Scale,QUEUE,93,2025-12-30,246,3999,2832,6831,16.256,0.415,90.9,68.3,HEALTHY,2.02,14.0,0.0,0.0
38142826,AG1,Hero Scale,QUEUE,94,2025-11-21,285,4237,3099,7336,14.867,0.422,90.9,67.9,HEALTHY,2.02,14.0,0.0,0.0
36805059,AG1,Hero Scale,QUEUE,95,2025-09-06,361,4453,3214,7667,12.335,0.419,90.6,67.8,HEALTHY,2.02,14.0,0.0,0.0
41096534,AG1,Hero Scale,QUEUE,96,2026-04-02,153,4341,4681,9022,28.373,0.519,98.1,67.6,HEALTHY,2.02,14.0,0.0,0.0
42697803,AG1,Hero Scale,QUEUE,97,2026-05-30,95,6615,7567,14182,69.632,0.534,99.4,67.6,HEALTHY,2.02,14.0,0.0,0.0
36805039,AG1,Hero Scale,QUEUE,98,2025-09-06,361,7250,6103,13353,20.083,0.457,92.6,67.2,HEALTHY,2.02,14.0,0.0,0.0
36805013,AG1,Hero Scale,QUEUE,99,2025-09-06,361,4816,3817,8633,13.341,0.442,91.1,66.9,HEALTHY,2.02,14.0,0.0,0.0
39827789,AG1,Hero Scale,QUEUE,100,2026-02-04,210,4608,4681,9289,21.943,0.504,92.0,64.2,HEALTHY,2.02,14.0,0.0,0.0
35706458,AG1,Hero Scale,QUEUE,101,2025-07-16,413,3217,1965,5182,7.789,0.379,82.6,63.8,HEALTHY,2.02,14.0,0.0,0.0
39047680,AG1,Hero Scale,QUEUE,102,2025-12-30,246,2791,2428,5219,11.346,0.465,88.0,63.4,HEALTHY,2.02,14.0,0.0,0.0
35898452,AG1,Hero Scale,QUEUE,103,2025-07-23,406,3153,2347,5500,7.766,0.427,82.5,61.4,HEALTHY,2.02,14.0,0.0,0.0
38141261,AG1,Hero Scale,QUEUE,104,2025-11-21,285,2354,2248,4602,8.26,0.488,85.3,60.3,HEALTHY,2.02,14.0,0.0,0.0
34871073,AG1,Hero Scale,QUEUE,105,2025-06-12,447,2684,1877,4561,6.004,0.412,79.8,60.1,HEALTHY,2.02,14.0,0.0,0.0
41802182,AG1,Hero Scale,QUEUE,106,2026-05-02,123,1462,1785,3247,11.886,0.55,88.0,59.0,HEALTHY,2.02,14.0,0.0,0.0
35898420,AG1,Hero Scale,QUEUE,107,2025-07-23,406,2802,2449,5251,6.901,0.466,81.0,58.3,HEALTHY,2.02,14.0,0.0,0.0
38142883,AG1,Hero Scale,QUEUE,108,2025-11-21,285,1861,1715,3576,6.53,0.48,81.5,58.0,HEALTHY,2.02,14.0,0.0,0.0
36310410,AG1,Hero Scale,QUEUE,109,2025-08-09,389,2785,2739,5524,7.159,0.496,81.2,57.0,HEALTHY,2.02,14.0,0.0,0.0
35898431,AG1,Hero Scale,QUEUE,110,2025-07-23,406,3648,4539,8187,8.985,0.554,84.0,56.1,HEALTHY,2.02,14.0,0.0,0.0
36310407,AG1,Hero Scale,QUEUE,111,2025-08-09,389,3514,5901,9415,9.033,0.627,83.9,52.3,HEALTHY,2.02,14.0,0.0,0.0
36225686,AG1,Hero Scale,QUEUE,112,2025-08-05,393,2753,4137,6890,7.005,0.6,80.9,51.8,HEALTHY,2.02,14.0,0.0,0.0
36805002,AG1,Hero Scale,QUEUE,113,2025-09-06,361,2043,3595,5638,5.659,0.638,81.3,50.2,HEALTHY,2.02,14.0,0.0,0.0
35706137,AG1,Hero Scale,QUEUE,114,2025-07-16,413,2963,5504,8467,7.174,0.65,81.6,49.8,HEALTHY,2.02,14.0,0.0,0.0
35705897,AG1,Hero Scale,QUEUE,115,2025-07-16,413,2765,6192,8957,6.695,0.691,80.8,47.3,HEALTHY,2.02,14.0,0.0,0.0
36807159,AG1,Hero Scale,QUEUE,116,2025-09-06,361,1771,3728,5499,4.906,0.678,78.8,46.7,HEALTHY,2.02,14.0,0.0,0.0
34704038,AG1,Hero Scale,QUEUE,117,2025-06-03,456,13969,60798,74767,30.634,0.813,89.0,45.6,HEALTHY,2.02,14.0,0.0,0.0
34714153,AG1,Hero Scale,QUEUE,118,2025-06-03,456,3988,35042,39030,8.746,0.898,84.3,38.9,HEALTHY,2.02,14.0,0.0,0.0
39827775,AG1,Hero Scale,QUEUE,119,2026-02-05,209,1690,13438,15128,8.086,0.888,81.8,38.2,HEALTHY,2.02,14.0,0.0,0.0
38142908,AG1,Hero Scale,QUEUE,120,2025-11-21,285,2012,32677,34689,7.06,0.942,82.7,36.0,HEALTHY,2.02,14.0,0.0,0.0
35287170,AG1,Hero Scale,QUEUE,121,2025-07-01,428,2476,41185,43661,5.785,0.943,78.8,34.2,HEALTHY,2.02,14.0,0.0,0.0
44210736,AG2,Rising Stars,ACTIVE,1,2026-07-14,50,5387,0,5387,107.74,0.0,99.2,99.2,LOW,2.16,10.5,87.0322580645161,2.9
44210739,AG2,Rising Stars,ACTIVE,2,2026-07-14,50,5066,0,5066,101.32,0.0,99.0,99.0,LOW,2.16,10.5,88.0,2.9
43008705,AG2,Rising Stars,ACTIVE,3,2026-06-12,82,4736,0,4736,57.756,0.0,98.8,98.8,LOW,2.16,10.5,88.0,2.9
43008716,AG2,Rising Stars,ACTIVE,4,2026-06-12,82,4794,0,4794,58.463,0.0,98.8,98.8,LOW,2.16,10.5,88.0,2.9
41529965,AG2,Rising Stars,ACTIVE,5,2026-04-22,133,5061,0,5061,38.053,0.0,98.8,98.8,LOW,2.16,10.5,88.0,2.9
43009026,AG2,Rising Stars,ACTIVE,6,2026-06-12,82,4610,0,4610,56.22,0.0,98.7,98.7,LOW,2.16,10.5,88.0,2.9
41097595,AG2,Rising Stars,ACTIVE,7,2026-04-02,153,4968,0,4968,32.471,0.0,98.6,98.6,LOW,2.16,10.5,88.0,2.9
44210737,AG2,Rising Stars,ACTIVE,8,2026-07-14,50,4155,0,4155,83.1,0.0,98.4,98.4,LOW,2.16,10.5,88.0,2.9
41867174,AG2,Rising Stars,ACTIVE,9,2026-05-05,120,4445,0,4445,37.042,0.0,98.4,98.4,LOW,2.16,10.5,88.0,2.9
41455890,AG2,Rising Stars,ACTIVE,10,2026-04-17,138,4514,0,4514,32.71,0.0,98.4,98.4,LOW,2.16,10.5,88.0,2.9
41106855,AG2,Rising Stars,ACTIVE,11,2026-04-03,152,4460,0,4460,29.342,0.0,98.2,98.2,LOW,2.16,10.5,87.0,2.9
42145131,AG2,Rising Stars,ACTIVE,12,2026-05-14,111,4046,0,4046,36.45,0.0,98.1,98.1,LOW,2.16,10.5,87.0,2.9
43028671,AG2,Rising Stars,ACTIVE,13,2026-06-12,82,3771,0,3771,45.988,0.0,97.9,97.9,LOW,2.16,10.5,87.0,2.9
43008872,AG2,Rising Stars,ACTIVE,14,2026-06-12,82,3733,0,3733,45.524,0.0,97.8,97.8,LOW,2.16,10.5,87.0,2.9
43009022,AG2,Rising Stars,ACTIVE,15,2026-06-12,82,3747,0,3747,45.695,0.0,97.8,97.8,LOW,2.16,10.5,87.0,2.9
42145124,AG2,Rising Stars,ACTIVE,16,2026-05-14,111,3897,0,3897,35.108,0.0,97.8,97.8,LOW,2.16,10.5,87.0,2.9
43008814,AG2,Rising Stars,ACTIVE,17,2026-06-12,82,3636,0,3636,44.341,0.0,97.7,97.7,LOW,2.16,10.5,87.0,2.9
44210741,AG2,Rising Stars,ACTIVE,18,2026-07-14,50,3522,0,3522,70.44,0.0,97.6,97.6,LOW,2.16,10.5,87.0,2.9
43008813,AG2,Rising Stars,ACTIVE,19,2026-06-12,82,3561,0,3561,43.427,0.0,97.6,97.6,LOW,2.16,10.5,87.0,2.9
41802158,AG2,Rising Stars,ACTIVE,20,2026-05-02,123,3608,0,3608,29.333,0.0,97.3,97.3,LOW,2.16,10.5,87.0,2.9
41529960,AG2,Rising Stars,ACTIVE,21,2026-04-22,133,3687,0,3687,27.722,0.0,97.3,97.3,LOW,2.16,10.5,87.0,2.9
43028668,AG2,Rising Stars,ACTIVE,22,2026-06-12,82,3293,0,3293,40.159,0.0,97.2,97.2,LOW,2.16,10.5,86.0,2.9
43008867,AG2,Rising Stars,ACTIVE,23,2026-06-12,82,3253,0,3253,39.671,0.0,97.1,97.1,LOW,2.16,10.5,86.0,2.9
42145127,AG2,Rising Stars,ACTIVE,24,2026-05-14,111,3287,0,3287,29.613,0.0,96.9,96.9,LOW,2.16,10.5,86.0,2.9
41818462,AG2,Rising Stars,ACTIVE,25,2026-05-04,121,3346,0,3346,27.653,0.0,96.9,96.9,LOW,2.16,10.5,86.0,2.9
42697851,AG2,Rising Stars,ACTIVE,26,2026-05-31,94,3142,0,3142,33.426,0.0,96.8,96.8,LOW,2.16,10.5,86.0,2.9
44211248,AG2,Rising Stars,ACTIVE,27,2026-07-14,50,2929,0,2929,58.58,0.0,96.6,96.6,LOW,2.16,10.5,86.0,2.9
43008858,AG2,Rising Stars,ACTIVE,28,2026-06-12,82,2995,0,2995,36.524,0.0,96.6,96.6,LOW,2.16,10.5,86.0,2.9
43008727,AG2,Rising Stars,ACTIVE,29,2026-06-12,82,2907,0,2907,35.451,0.0,96.4,96.4,LOW,2.16,10.5,86.0,2.9
41106127,AG2,Rising Stars,ACTIVE,30,2026-04-03,152,3203,0,3203,21.072,0.0,96.3,96.3,LOW,2.16,10.5,86.0,2.9
41529964,AG2,Rising Stars,ACTIVE,31,2026-04-22,133,2992,0,2992,22.496,0.0,96.1,96.1,LOW,2.16,10.5,86.0,2.9
43009023,AG2,Rising Stars,ACTIVE,32,2026-06-12,82,2771,0,2771,33.793,0.0,96.0,96.0,LOW,2.16,10.5,85.0,2.8
43008874,AG2,Rising Stars,ACTIVE,33,2026-06-12,82,2779,0,2779,33.89,0.0,96.0,96.0,LOW,2.16,10.5,85.0,2.8
41096552,AG2,Rising Stars,ACTIVE,34,2026-04-02,153,3064,0,3064,20.026,0.0,96.0,96.0,LOW,2.16,10.5,85.0,2.8
43008825,AG2,Rising Stars,ACTIVE,35,2026-06-12,82,2906,35,2941,35.439,0.012,96.4,95.7,LOW,2.16,10.5,85.0,2.8
43008856,AG2,Rising Stars,ACTIVE,36,2026-06-12,82,2680,0,2680,32.683,0.0,95.7,95.7,LOW,2.16,10.5,85.0,2.8
42145136,AG2,Rising Stars,ACTIVE,37,2026-05-14,111,2637,0,2637,23.757,0.0,95.3,95.3,LOW,2.16,10.5,85.0,2.8
43009014,AG2,Rising Stars,ACTIVE,38,2026-06-12,82,2504,0,2504,30.537,0.0,95.2,95.2,LOW,2.16,10.5,85.0,2.8
43008810,AG2,Rising Stars,ACTIVE,39,2026-06-12,82,2513,0,2513,30.646,0.0,95.2,95.2,LOW,2.16,10.5,85.0,2.8
43008730,AG2,Rising Stars,ACTIVE,40,2026-06-12,82,2496,0,2496,30.439,0.0,95.1,95.1,LOW,2.16,10.5,85.0,2.8
43009004,AG2,Rising Stars,ACTIVE,41,2026-06-12,82,2423,0,2423,29.549,0.0,94.7,94.7,LOW,2.16,10.5,84.0,2.8
42145123,AG2,Rising Stars,ACTIVE,42,2026-05-14,111,2454,0,2454,22.108,0.0,94.6,94.6,LOW,2.16,10.5,84.0,2.8
43008864,AG2,Rising Stars,QUEUE,43,2026-06-12,82,2361,0,2361,28.793,0.0,94.5,94.5,LOW,2.16,10.5,0.0,0.0
43009005,AG2,Rising Stars,QUEUE,44,2026-06-12,82,2380,0,2380,29.024,0.0,94.5,94.5,LOW,2.16,10.5,0.0,0.0
42145138,AG2,Rising Stars,QUEUE,45,2026-05-14,111,2451,0,2451,22.081,0.0,94.5,94.5,LOW,2.16,10.5,0.0,0.0
43008761,AG2,Rising Stars,QUEUE,46,2026-06-12,82,2328,0,2328,28.39,0.0,94.4,94.4,LOW,2.16,10.5,0.0,0.0
42145133,AG2,Rising Stars,QUEUE,47,2026-05-14,111,2348,0,2348,21.153,0.0,94.1,94.1,LOW,2.16,10.5,0.0,0.0
43008726,AG2,Rising Stars,QUEUE,48,2026-06-12,82,2235,0,2235,27.256,0.0,94.0,94.0,LOW,2.16,10.5,0.0,0.0
43008721,AG2,Rising Stars,QUEUE,49,2026-06-12,82,2227,0,2227,27.159,0.0,93.9,93.9,LOW,2.16,10.5,0.0,0.0
43028670,AG2,Rising Stars,QUEUE,50,2026-06-12,82,2215,0,2215,27.012,0.0,93.8,93.8,LOW,2.16,10.5,0.0,0.0
41096554,AG2,Rising Stars,QUEUE,51,2026-04-02,153,2419,0,2419,15.81,0.0,93.7,93.7,LOW,2.16,10.5,0.0,0.0
43008848,AG2,Rising Stars,QUEUE,52,2026-06-12,82,2149,0,2149,26.207,0.0,93.6,93.6,LOW,2.16,10.5,0.0,0.0
42145134,AG2,Rising Stars,QUEUE,53,2026-05-14,111,2231,0,2231,20.099,0.0,93.6,93.6,LOW,2.16,10.5,0.0,0.0
44210734,AG2,Rising Stars,QUEUE,54,2026-07-14,50,2046,0,2046,40.92,0.0,93.5,93.5,LOW,2.16,10.5,0.0,0.0
41802171,AG2,Rising Stars,QUEUE,55,2026-05-02,123,2235,0,2235,18.171,0.0,93.5,93.5,LOW,2.16,10.5,0.0,0.0
43008997,AG2,Rising Stars,QUEUE,56,2026-06-12,82,2116,0,2116,25.805,0.0,93.4,93.4,LOW,2.16,10.5,0.0,0.0
43028666,AG2,Rising Stars,QUEUE,57,2026-06-12,82,2113,0,2113,25.768,0.0,93.3,93.3,LOW,2.16,10.5,0.0,0.0
41096513,AG2,Rising Stars,QUEUE,58,2026-04-02,153,2326,0,2326,15.203,0.0,93.3,93.3,LOW,2.16,10.5,0.0,0.0
43008843,AG2,Rising Stars,QUEUE,59,2026-06-12,82,2067,0,2067,25.207,0.0,93.1,93.1,LOW,2.16,10.5,0.0,0.0
41345555,AG2,Rising Stars,QUEUE,60,2026-04-13,142,2221,0,2221,15.641,0.0,93.0,93.0,LOW,2.16,10.5,0.0,0.0
43008853,AG2,Rising Stars,QUEUE,61,2026-06-12,82,2039,0,2039,24.866,0.0,92.9,92.9,LOW,2.16,10.5,0.0,0.0
41867239,AG2,Rising Stars,QUEUE,62,2026-05-05,120,2127,0,2127,17.725,0.0,92.9,92.9,LOW,2.16,10.5,0.0,0.0
41867176,AG2,Rising Stars,QUEUE,63,2026-05-05,120,2130,0,2130,17.75,0.0,92.9,92.9,LOW,2.16,10.5,0.0,0.0
43008870,AG2,Rising Stars,QUEUE,64,2026-06-12,82,1970,0,1970,24.024,0.0,92.6,92.6,LOW,2.16,10.5,0.0,0.0
43008985,AG2,Rising Stars,QUEUE,65,2026-06-12,82,1987,0,1987,24.232,0.0,92.6,92.6,LOW,2.16,10.5,0.0,0.0
41867201,AG2,Rising Stars,QUEUE,66,2026-05-05,120,2047,0,2047,17.058,0.0,92.4,92.4,LOW,2.16,10.5,0.0,0.0
38143265,AG2,Rising Stars,QUEUE,67,2025-11-21,285,5550,0,5550,19.474,0.0,92.3,92.3,LOW,2.16,10.5,0.0,0.0
41345571,AG2,Rising Stars,QUEUE,68,2026-04-13,142,2094,0,2094,14.746,0.0,92.3,92.3,LOW,2.16,10.5,0.0,0.0
39258620,AG2,Rising Stars,QUEUE,69,2026-01-08,237,4929,0,4929,20.797,0.0,92.1,92.1,LOW,2.16,10.5,0.0,0.0
38146570,AG2,Rising Stars,QUEUE,70,2025-11-21,285,5258,0,5258,18.449,0.0,92.1,92.1,LOW,2.16,10.5,0.0,0.0
43008703,AG2,Rising Stars,QUEUE,71,2026-06-12,82,1871,0,1871,22.817,0.0,92.1,92.1,LOW,2.16,10.5,0.0,0.0
42700457,AG2,Rising Stars,QUEUE,72,2026-05-30,95,1913,0,1913,20.137,0.0,92.1,92.1,LOW,2.16,10.5,0.0,0.0
38141260,AG2,Rising Stars,QUEUE,73,2025-11-21,285,5235,0,5235,18.368,0.0,92.0,92.0,LOW,2.16,10.5,0.0,0.0
38142736,AG2,Rising Stars,QUEUE,74,2025-11-21,285,4896,0,4896,17.179,0.0,91.8,91.8,LOW,2.16,10.5,0.0,0.0
43008847,AG2,Rising Stars,QUEUE,75,2026-06-12,82,1838,0,1838,22.415,0.0,91.8,91.8,LOW,2.16,10.5,0.0,0.0
38142897,AG2,Rising Stars,QUEUE,76,2025-11-21,285,4820,0,4820,16.912,0.0,91.7,91.7,LOW,2.16,10.5,0.0,0.0
38143267,AG2,Rising Stars,QUEUE,77,2025-11-21,285,4872,0,4872,17.095,0.0,91.7,91.7,LOW,2.16,10.5,0.0,0.0
36804965,AG2,Rising Stars,QUEUE,78,2025-09-06,361,5576,0,5576,15.446,0.0,91.7,91.7,LOW,2.16,10.5,0.0,0.0
43028672,AG2,Rising Stars,QUEUE,79,2026-06-12,82,1830,0,1830,22.317,0.0,91.7,91.7,LOW,2.16,10.5,0.0,0.0
38143250,AG2,Rising Stars,QUEUE,80,2025-11-21,285,4786,0,4786,16.793,0.0,91.6,91.6,LOW,2.16,10.5,0.0,0.0
43008871,AG2,Rising Stars,QUEUE,81,2026-06-12,82,1808,0,1808,22.049,0.0,91.6,91.6,LOW,2.16,10.5,0.0,0.0
41096542,AG2,Rising Stars,QUEUE,82,2026-04-02,153,2017,0,2017,13.183,0.0,91.6,91.6,LOW,2.16,10.5,0.0,0.0
39258937,AG2,Rising Stars,QUEUE,83,2026-01-09,236,4304,0,4304,18.237,0.0,91.5,91.5,LOW,2.16,10.5,0.0,0.0
39258624,AG2,Rising Stars,QUEUE,84,2026-01-08,237,4325,0,4325,18.249,0.0,91.5,91.5,LOW,2.16,10.5,0.0,0.0
38143259,AG2,Rising Stars,QUEUE,85,2025-11-21,285,4687,0,4687,16.446,0.0,91.5,91.5,LOW,2.16,10.5,0.0,0.0
36804964,AG2,Rising Stars,QUEUE,86,2025-09-06,361,5260,0,5260,14.571,0.0,91.5,91.5,LOW,2.16,10.5,0.0,0.0
42165479,AG2,Rising Stars,QUEUE,87,2026-05-14,111,1867,0,1867,16.82,0.0,91.5,91.5,LOW,2.16,10.5,0.0,0.0
38143260,AG2,Rising Stars,QUEUE,88,2025-11-21,285,4591,0,4591,16.109,0.0,91.4,91.4,LOW,2.16,10.5,0.0,0.0
39827783,AG2,Rising Stars,QUEUE,89,2026-02-04,210,4028,0,4028,19.181,0.0,91.3,91.3,LOW,2.16,10.5,0.0,0.0
39258902,AG2,Rising Stars,QUEUE,90,2026-01-08,237,4175,0,4175,17.616,0.0,91.3,91.3,LOW,2.16,10.5,0.0,0.0
43008806,AG2,Rising Stars,QUEUE,91,2026-06-12,82,1763,0,1763,21.5,0.0,91.3,91.3,LOW,2.16,10.5,0.0,0.0
39587428,AG2,Rising Stars,QUEUE,92,2026-01-23,222,4016,0,4016,18.09,0.0,91.2,91.2,LOW,2.16,10.5,0.0,0.0
39587500,AG2,Rising Stars,QUEUE,93,2026-01-23,222,4022,0,4022,18.117,0.0,91.2,91.2,LOW,2.16,10.5,0.0,0.0
41096524,AG2,Rising Stars,QUEUE,94,2026-04-02,153,1945,0,1945,12.712,0.0,91.2,91.2,LOW,2.16,10.5,0.0,0.0
43008827,AG2,Rising Stars,QUEUE,95,2026-06-12,82,2917,297,3214,35.573,0.092,96.4,91.1,LOW,2.16,10.5,0.0,0.0
39878182,AG2,Rising Stars,QUEUE,96,2026-02-05,209,3862,0,3862,18.478,0.0,91.1,91.1,LOW,2.16,10.5,0.0,0.0
39587497,AG2,Rising Stars,QUEUE,97,2026-01-24,221,3942,0,3942,17.837,0.0,91.1,91.1,LOW,2.16,10.5,0.0,0.0
39047677,AG2,Rising Stars,QUEUE,98,2025-12-30,246,4089,0,4089,16.622,0.0,91.1,91.1,LOW,2.16,10.5,0.0,0.0
43009019,AG2,Rising Stars,QUEUE,99,2026-06-12,82,1734,0,1734,21.146,0.0,91.1,91.1,LOW,2.16,10.5,0.0,0.0
42165484,AG2,Rising Stars,QUEUE,100,2026-05-14,111,1816,0,1816,16.36,0.0,91.1,91.1,LOW,2.16,10.5,0.0,0.0
38143269,AG2,Rising Stars,QUEUE,101,2025-11-21,285,4272,0,4272,14.989,0.0,91.0,91.0,LOW,2.16,10.5,0.0,0.0
43008715,AG2,Rising Stars,QUEUE,102,2026-06-12,82,1712,0,1712,20.878,0.0,91.0,91.0,LOW,2.16,10.5,0.0,0.0
39587865,AG2,Rising Stars,QUEUE,103,2026-01-23,222,3905,0,3905,17.59,0.0,90.9,90.9,LOW,2.16,10.5,0.0,0.0
38142825,AG2,Rising Stars,QUEUE,104,2025-11-21,285,4200,0,4200,14.737,0.0,90.9,90.9,LOW,2.16,10.5,0.0,0.0
36805038,AG2,Rising Stars,QUEUE,105,2025-09-06,361,4735,0,4735,13.116,0.0,90.9,90.9,LOW,2.16,10.5,0.0,0.0
43028669,AG2,Rising Stars,QUEUE,106,2026-06-12,82,1698,0,1698,20.707,0.0,90.9,90.9,LOW,2.16,10.5,0.0,0.0
41529962,AG2,Rising Stars,QUEUE,107,2026-04-22,133,1846,0,1846,13.88,0.0,90.9,90.9,LOW,2.16,10.5,0.0,0.0
39587834,AG2,Rising Stars,QUEUE,108,2026-01-23,222,3754,0,3754,16.91,0.0,90.7,90.7,LOW,2.16,10.5,0.0,0.0
38142980,AG2,Rising Stars,QUEUE,109,2025-11-21,285,4064,0,4064,14.26,0.0,90.7,90.7,LOW,2.16,10.5,0.0,0.0
36804955,AG2,Rising Stars,QUEUE,110,2025-09-06,361,4552,0,4552,12.609,0.0,90.7,90.7,LOW,2.16,10.5,0.0,0.0
39878180,AG2,Rising Stars,QUEUE,111,2026-02-05,209,3609,0,3609,17.268,0.0,90.6,90.6,LOW,2.16,10.5,0.0,0.0
43009020,AG2,Rising Stars,QUEUE,112,2026-06-12,82,1659,0,1659,20.232,0.0,90.6,90.6,LOW,2.16,10.5,0.0,0.0
39587706,AG2,Rising Stars,QUEUE,113,2026-01-23,222,3651,0,3651,16.446,0.0,90.5,90.5,LOW,2.16,10.5,0.0,0.0
43009009,AG2,Rising Stars,QUEUE,114,2026-06-12,82,1623,0,1623,19.793,0.0,90.4,90.4,LOW,2.16,10.5,0.0,0.0
36975386,AG2,Rising Stars,QUEUE,115,2025-09-18,349,4243,0,4243,12.158,0.0,90.3,90.3,LOW,2.16,10.5,0.0,0.0
36804957,AG2,Rising Stars,QUEUE,116,2025-09-06,361,4288,0,4288,11.878,0.0,90.3,90.3,LOW,2.16,10.5,0.0,0.0
42145140,AG2,Rising Stars,QUEUE,117,2026-05-14,111,1694,0,1694,15.261,0.0,90.3,90.3,LOW,2.16,10.5,0.0,0.0
43008978,AG2,Rising Stars,QUEUE,118,2026-06-12,82,1609,0,1609,19.622,0.0,90.2,90.2,LOW,2.16,10.5,0.0,0.0
41867266,AG2,Rising Stars,QUEUE,119,2026-05-05,120,1707,0,1707,14.225,0.0,90.1,90.1,LOW,2.16,10.5,0.0,0.0
41096509,AG2,Rising Stars,QUEUE,120,2026-04-02,153,1796,0,1796,11.739,0.0,90.1,90.1,LOW,2.16,10.5,0.0,0.0
43008878,AG2,Rising Stars,QUEUE,121,2026-06-12,82,1570,0,1570,19.146,0.0,90.0,90.0,LOW,2.16,10.5,0.0,0.0
41345575,AG2,Rising Stars,QUEUE,122,2026-04-13,142,1749,0,1749,12.317,0.0,90.0,90.0,LOW,2.16,10.5,0.0,0.0
39749662,AG2,Rising Stars,QUEUE,123,2026-01-31,214,3324,0,3324,15.533,0.0,89.9,89.9,LOW,2.16,10.5,0.0,0.0
38143251,AG2,Rising Stars,QUEUE,124,2025-11-21,285,3662,0,3662,12.849,0.0,89.9,89.9,LOW,2.16,10.5,0.0,0.0
43008987,AG2,Rising Stars,QUEUE,125,2026-06-12,82,1555,0,1555,18.963,0.0,89.9,89.9,LOW,2.16,10.5,0.0,0.0
43009018,AG2,Rising Stars,QUEUE,126,2026-06-12,82,1528,0,1528,18.634,0.0,89.7,89.7,LOW,2.16,10.5,0.0,0.0
42165482,AG2,Rising Stars,QUEUE,127,2026-05-14,111,1614,0,1614,14.541,0.0,89.6,89.6,LOW,2.16,10.5,0.0,0.0
41096525,AG2,Rising Stars,QUEUE,128,2026-04-02,153,1736,0,1736,11.346,0.0,89.6,89.6,LOW,2.16,10.5,0.0,0.0
43008743,AG2,Rising Stars,QUEUE,129,2026-06-12,82,1510,0,1510,18.415,0.0,89.5,89.5,LOW,2.16,10.5,0.0,0.0
39587867,AG2,Rising Stars,QUEUE,130,2026-01-23,222,3175,0,3175,14.302,0.0,89.4,89.4,LOW,2.16,10.5,0.0,0.0
38142836,AG2,Rising Stars,QUEUE,131,2025-11-21,285,3380,0,3380,11.86,0.0,89.3,89.3,LOW,2.16,10.5,0.0,0.0
39587459,AG2,Rising Stars,QUEUE,132,2026-01-23,222,3073,0,3073,13.842,0.0,89.2,89.2,LOW,2.16,10.5,0.0,0.0
38142691,AG2,Rising Stars,QUEUE,133,2025-11-21,285,3362,0,3362,11.796,0.0,89.2,89.2,LOW,2.16,10.5,0.0,0.0
36804958,AG2,Rising Stars,QUEUE,134,2025-09-06,361,3695,0,3695,10.235,0.0,89.2,89.2,LOW,2.16,10.5,0.0,0.0
43009032,AG2,Rising Stars,QUEUE,135,2026-06-12,82,1473,0,1473,17.963,0.0,89.2,89.2,LOW,2.16,10.5,0.0,0.0
39827756,AG2,Rising Stars,QUEUE,136,2026-02-04,210,2979,0,2979,14.186,0.0,89.1,89.1,LOW,2.16,10.5,0.0,0.0
39587489,AG2,Rising Stars,QUEUE,137,2026-01-23,222,3015,0,3015,13.581,0.0,89.1,89.1,LOW,2.16,10.5,0.0,0.0
39047710,AG2,Rising Stars,QUEUE,138,2025-12-30,246,3138,0,3138,12.756,0.0,89.1,89.1,LOW,2.16,10.5,0.0,0.0
38142797,AG2,Rising Stars,QUEUE,139,2025-11-21,285,3329,0,3329,11.681,0.0,89.1,89.1,LOW,2.16,10.5,0.0,0.0
38143253,AG2,Rising Stars,QUEUE,140,2025-11-21,285,3329,0,3329,11.681,0.0,89.1,89.1,LOW,2.16,10.5,0.0,0.0
36804962,AG2,Rising Stars,QUEUE,141,2025-09-06,361,3655,0,3655,10.125,0.0,89.1,89.1,LOW,2.16,10.5,0.0,0.0
43008720,AG2,Rising Stars,QUEUE,142,2026-06-12,82,1465,0,1465,17.866,0.0,89.1,89.1,LOW,2.16,10.5,0.0,0.0
43008790,AG2,Rising Stars,QUEUE,143,2026-06-12,82,1469,0,1469,17.915,0.0,89.1,89.1,LOW,2.16,10.5,0.0,0.0
41096553,AG2,Rising Stars,QUEUE,144,2026-04-02,153,1677,0,1677,10.961,0.0,89.1,89.1,LOW,2.16,10.5,0.0,0.0
43009021,AG2,Rising Stars,QUEUE,145,2026-06-12,82,2706,363,3069,33.0,0.118,95.8,89.0,LOW,2.16,10.5,0.0,0.0
39047620,AG2,Rising Stars,QUEUE,146,2025-12-30,246,3117,0,3117,12.671,0.0,89.0,89.0,LOW,2.16,10.5,0.0,0.0
41455888,AG2,Rising Stars,QUEUE,147,2026-04-17,138,1612,0,1612,11.681,0.0,88.9,88.9,LOW,2.16,10.5,0.0,0.0
44210740,AG2,Rising Stars,QUEUE,148,2026-07-14,50,1360,0,1360,27.2,0.0,88.8,88.8,LOW,2.16,10.5,0.0,0.0
42165837,AG2,Rising Stars,QUEUE,149,2026-05-14,111,1518,0,1518,13.676,0.0,88.8,88.8,LOW,2.16,10.5,0.0,0.0
38142900,AG2,Rising Stars,QUEUE,150,2025-11-21,285,3175,0,3175,11.14,0.0,88.7,88.7,LOW,2.16,10.5,0.0,0.0
43008728,AG2,Rising Stars,QUEUE,151,2026-06-12,82,1429,0,1429,17.427,0.0,88.7,88.7,LOW,2.16,10.5,0.0,0.0
36805042,AG2,Rising Stars,QUEUE,152,2025-09-06,361,3401,0,3401,9.421,0.0,88.5,88.5,LOW,2.16,10.5,0.0,0.0
43008701,AG2,Rising Stars,QUEUE,153,2026-06-12,82,1391,0,1391,16.963,0.0,88.3,88.3,LOW,2.16,10.5,0.0,0.0
43008859,AG2,Rising Stars,QUEUE,154,2026-06-12,82,1393,0,1393,16.988,0.0,88.3,88.3,LOW,2.16,10.5,0.0,0.0
39749649,AG2,Rising Stars,QUEUE,155,2026-01-31,214,2723,0,2723,12.724,0.0,88.2,88.2,LOW,2.16,10.5,0.0,0.0
43008861,AG2,Rising Stars,QUEUE,156,2026-06-12,82,1378,0,1378,16.805,0.0,88.2,88.2,LOW,2.16,10.5,0.0,0.0
42145130,AG2,Rising Stars,QUEUE,157,2026-05-14,111,1456,0,1456,13.117,0.0,88.2,88.2,LOW,2.16,10.5,0.0,0.0
39047709,AG2,Rising Stars,QUEUE,158,2025-12-31,245,2830,0,2830,11.551,0.0,88.1,88.1,LOW,2.16,10.5,0.0,0.0
43008714,AG2,Rising Stars,QUEUE,159,2026-06-12,82,1365,0,1365,16.646,0.0,88.1,88.1,LOW,2.16,10.5,0.0,0.0
41345579,AG2,Rising Stars,QUEUE,160,2026-04-13,142,1506,0,1506,10.606,0.0,88.0,88.0,LOW,2.16,10.5,0.0,0.0
43008771,AG2,Rising Stars,QUEUE,161,2026-06-12,82,1310,0,1310,15.976,0.0,87.5,87.5,LOW,2.16,10.5,0.0,0.0
43008977,AG2,Rising Stars,QUEUE,162,2026-06-12,82,1314,0,1314,16.024,0.0,87.5,87.5,LOW,2.16,10.5,0.0,0.0
41345521,AG2,Rising Stars,QUEUE,163,2026-04-13,142,1449,0,1449,10.204,0.0,87.4,87.4,LOW,2.16,10.5,0.0,0.0
43008818,AG2,Rising Stars,QUEUE,164,2026-06-12,82,1300,0,1300,15.854,0.0,87.3,87.3,LOW,2.16,10.5,0.0,0.0
41802160,AG2,Rising Stars,QUEUE,165,2026-05-02,123,1415,0,1415,11.504,0.0,87.3,87.3,LOW,2.16,10.5,0.0,0.0
39878170,AG2,Rising Stars,QUEUE,166,2026-02-05,209,2492,0,2492,11.923,0.0,87.3,87.3,LOW,2.16,10.5,0.0,0.0
39047711,AG2,Rising Stars,QUEUE,167,2025-12-30,246,2589,0,2589,10.524,0.0,87.3,87.3,LOW,2.16,10.5,0.0,0.0
36495788,AG2,Rising Stars,QUEUE,168,2025-08-22,376,5706,0,5706,15.176,0.0,87.2,87.2,LOW,2.16,10.5,0.0,0.0
43009029,AG2,Rising Stars,QUEUE,169,2026-06-12,82,1289,0,1289,15.72,0.0,87.2,87.2,LOW,2.16,10.5,0.0,0.0
41096541,AG2,Rising Stars,QUEUE,170,2026-04-02,153,1461,0,1461,9.549,0.0,87.2,87.2,LOW,2.16,10.5,0.0,0.0
39827786,AG2,Rising Stars,QUEUE,171,2026-02-04,210,2479,0,2479,11.805,0.0,87.2,87.2,LOW,2.16,10.5,0.0,0.0
39047615,AG2,Rising Stars,QUEUE,172,2025-12-30,246,2546,0,2546,10.35,0.0,87.1,87.1,LOW,2.16,10.5,0.0,0.0
39047706,AG2,Rising Stars,QUEUE,173,2025-12-30,246,2567,0,2567,10.435,0.0,87.1,87.1,LOW,2.16,10.5,0.0,0.0
35287680,AG2,Rising Stars,QUEUE,174,2025-07-01,428,5855,0,5855,13.68,0.0,87.0,87.0,LOW,2.16,10.5,0.0,0.0
41345566,AG2,Rising Stars,QUEUE,175,2026-04-13,142,1420,0,1420,10.0,0.0,87.0,87.0,LOW,2.16,10.5,0.0,0.0
41096559,AG2,Rising Stars,QUEUE,176,2026-04-02,153,2465,357,2822,16.111,0.127,94.0,86.9,LOW,2.16,10.5,0.0,0.0
35844002,AG2,Rising Stars,QUEUE,177,2025-07-21,408,5596,0,5596,13.716,0.0,86.9,86.9,LOW,2.16,10.5,0.0,0.0
43008993,AG2,Rising Stars,QUEUE,178,2026-06-12,82,1269,0,1269,15.476,0.0,86.9,86.9,LOW,2.16,10.5,0.0,0.0
43009001,AG2,Rising Stars,QUEUE,179,2026-06-12,82,1260,0,1260,15.366,0.0,86.8,86.8,LOW,2.16,10.5,0.0,0.0
41096493,AG2,Rising Stars,QUEUE,180,2026-04-02,153,1427,0,1427,9.327,0.0,86.8,86.8,LOW,2.16,10.5,0.0,0.0
39749647,AG2,Rising Stars,QUEUE,181,2026-01-31,214,2427,0,2427,11.341,0.0,86.8,86.8,LOW,2.16,10.5,0.0,0.0
39047684,AG2,Rising Stars,QUEUE,182,2025-12-30,246,2493,0,2493,10.134,0.0,86.8,86.8,LOW,2.16,10.5,0.0,0.0
35843771,AG2,Rising Stars,QUEUE,183,2025-07-21,408,5361,0,5361,13.14,0.0,86.7,86.7,LOW,2.16,10.5,0.0,0.0
38141255,AG2,Rising Stars,QUEUE,184,2025-11-21,285,2593,0,2593,9.098,0.0,86.7,86.7,LOW,2.16,10.5,0.0,0.0
43008826,AG2,Rising Stars,QUEUE,185,2026-06-12,82,1243,0,1243,15.159,0.0,86.6,86.6,LOW,2.16,10.5,0.0,0.0
43008991,AG2,Rising Stars,QUEUE,186,2026-06-12,82,1243,0,1243,15.159,0.0,86.6,86.6,LOW,2.16,10.5,0.0,0.0
42145132,AG2,Rising Stars,QUEUE,187,2026-05-14,111,1311,0,1311,11.811,0.0,86.6,86.6,LOW,2.16,10.5,0.0,0.0
38143256,AG2,Rising Stars,QUEUE,188,2025-11-21,285,2592,0,2592,9.095,0.0,86.6,86.6,LOW,2.16,10.5,0.0,0.0
35843850,AG2,Rising Stars,QUEUE,189,2025-07-21,408,5165,0,5165,12.659,0.0,86.5,86.5,LOW,2.16,10.5,0.0,0.0
43009003,AG2,Rising Stars,QUEUE,190,2026-06-12,82,1241,0,1241,15.134,0.0,86.5,86.5,LOW,2.16,10.5,0.0,0.0
43008803,AG2,Rising Stars,QUEUE,191,2026-06-12,82,1231,0,1231,15.012,0.0,86.4,86.4,LOW,2.16,10.5,0.0,0.0
41455889,AG2,Rising Stars,QUEUE,192,2026-04-17,138,1345,0,1345,9.746,0.0,86.4,86.4,LOW,2.16,10.5,0.0,0.0
39258616,AG2,Rising Stars,QUEUE,193,2026-01-09,236,2412,0,2412,10.22,0.0,86.4,86.4,LOW,2.16,10.5,0.0,0.0
34611034,AG2,Rising Stars,QUEUE,194,2025-05-30,460,5293,0,5293,11.507,0.0,86.3,86.3,LOW,2.16,10.5,0.0,0.0
41529969,AG2,Rising Stars,QUEUE,195,2026-04-22,133,1323,0,1323,9.947,0.0,86.3,86.3,LOW,2.16,10.5,0.0,0.0
36975389,AG2,Rising Stars,QUEUE,196,2025-09-18,349,2745,0,2745,7.865,0.0,86.2,86.2,LOW,2.16,10.5,0.0,0.0
34949746,AG2,Rising Stars,QUEUE,197,2025-06-16,443,5152,0,5152,11.63,0.0,86.2,86.2,LOW,2.16,10.5,0.0,0.0
43009039,AG2,Rising Stars,QUEUE,198,2026-06-12,82,1216,0,1216,14.829,0.0,86.2,86.2,LOW,2.16,10.5,0.0,0.0
39258668,AG2,Rising Stars,QUEUE,199,2026-01-08,237,2369,0,2369,9.996,0.0,86.2,86.2,LOW,2.16,10.5,0.0,0.0
39749648,AG2,Rising Stars,QUEUE,200,2026-01-31,214,2258,0,2258,10.551,0.0,86.1,86.1,LOW,2.16,10.5,0.0,0.0
34726114,AG2,Rising Stars,QUEUE,201,2025-06-05,454,4944,0,4944,10.89,0.0,86.0,86.0,LOW,2.16,10.5,0.0,0.0
43008957,AG2,Rising Stars,QUEUE,202,2026-06-12,82,1203,0,1203,14.671,0.0,86.0,86.0,LOW,2.16,10.5,0.0,0.0
42697850,AG2,Rising Stars,QUEUE,203,2026-05-30,95,1237,0,1237,13.021,0.0,86.0,86.0,LOW,2.16,10.5,0.0,0.0
41345519,AG2,Rising Stars,QUEUE,204,2026-04-13,142,1324,0,1324,9.324,0.0,86.0,86.0,LOW,2.16,10.5,0.0,0.0
38142696,AG2,Rising Stars,QUEUE,205,2025-11-21,285,2478,0,2478,8.695,0.0,86.0,86.0,LOW,2.16,10.5,0.0,0.0
38142688,AG2,Rising Stars,QUEUE,206,2025-11-21,285,2479,0,2479,8.698,0.0,86.0,86.0,LOW,2.16,10.5,0.0,0.0
35287914,AG2,Rising Stars,QUEUE,207,2025-07-01,428,4771,0,4771,11.147,0.0,85.9,85.9,LOW,2.16,10.5,0.0,0.0
43008992,AG2,Rising Stars,QUEUE,208,2026-06-12,82,1195,0,1195,14.573,0.0,85.9,85.9,LOW,2.16,10.5,0.0,0.0
41345576,AG2,Rising Stars,QUEUE,209,2026-04-13,142,1319,0,1319,9.289,0.0,85.9,85.9,LOW,2.16,10.5,0.0,0.0
41096530,AG2,Rising Stars,QUEUE,210,2026-04-02,153,1345,0,1345,8.791,0.0,85.9,85.9,LOW,2.16,10.5,0.0,0.0
36253942,AG2,Rising Stars,QUEUE,211,2025-08-06,392,4511,0,4511,11.508,0.0,85.8,85.8,LOW,2.16,10.5,0.0,0.0
35843696,AG2,Rising Stars,QUEUE,212,2025-07-21,408,4548,0,4548,11.147,0.0,85.8,85.8,LOW,2.16,10.5,0.0,0.0
35843284,AG2,Rising Stars,QUEUE,213,2025-07-21,408,4588,0,4588,11.245,0.0,85.8,85.8,LOW,2.16,10.5,0.0,0.0
33073738,AG2,Rising Stars,QUEUE,214,2025-03-06,545,5381,0,5381,9.873,0.0,85.8,85.8,LOW,2.16,10.5,0.0,0.0
43008751,AG2,Rising Stars,QUEUE,215,2026-06-12,82,1187,0,1187,14.476,0.0,85.8,85.8,LOW,2.16,10.5,0.0,0.0
41345524,AG2,Rising Stars,QUEUE,216,2026-04-13,142,1316,0,1316,9.268,0.0,85.8,85.8,LOW,2.16,10.5,0.0,0.0
39258619,AG2,Rising Stars,QUEUE,217,2026-01-08,237,2278,0,2278,9.612,0.0,85.8,85.8,LOW,2.16,10.5,0.0,0.0
38142709,AG2,Rising Stars,QUEUE,218,2025-11-21,285,2447,0,2447,8.586,0.0,85.8,85.8,LOW,2.16,10.5,0.0,0.0
36225694,AG2,Rising Stars,QUEUE,219,2025-08-05,393,4429,0,4429,11.27,0.0,85.7,85.7,LOW,2.16,10.5,0.0,0.0
34949462,AG2,Rising Stars,QUEUE,220,2025-06-16,443,4613,0,4613,10.413,0.0,85.7,85.7,LOW,2.16,10.5,0.0,0.0
33251256,AG2,Rising Stars,QUEUE,221,2025-03-20,531,5207,0,5207,9.806,0.0,85.7,85.7,LOW,2.16,10.5,0.0,0.0
42145126,AG2,Rising Stars,QUEUE,222,2026-05-14,111,1248,0,1248,11.243,0.0,85.7,85.7,LOW,2.16,10.5,0.0,0.0
41345556,AG2,Rising Stars,QUEUE,223,2026-04-13,142,1307,0,1307,9.204,0.0,85.7,85.7,LOW,2.16,10.5,0.0,0.0
39878183,AG2,Rising Stars,QUEUE,224,2026-02-05,209,2183,0,2183,10.445,0.0,85.7,85.7,LOW,2.16,10.5,0.0,0.0
36804974,AG2,Rising Stars,QUEUE,225,2025-09-06,361,2690,0,2690,7.452,0.0,85.7,85.7,LOW,2.16,10.5,0.0,0.0
43008981,AG2,Rising Stars,QUEUE,226,2026-06-12,82,1174,0,1174,14.317,0.0,85.6,85.6,LOW,2.16,10.5,0.0,0.0
41529967,AG2,Rising Stars,QUEUE,227,2026-04-22,133,1285,0,1285,9.662,0.0,85.6,85.6,LOW,2.16,10.5,0.0,0.0
39047626,AG2,Rising Stars,QUEUE,228,2025-12-30,246,2282,0,2282,9.276,0.0,85.6,85.6,LOW,2.16,10.5,0.0,0.0
36805032,AG2,Rising Stars,QUEUE,229,2025-09-06,361,2679,0,2679,7.421,0.0,85.6,85.6,LOW,2.16,10.5,0.0,0.0
35706080,AG2,Rising Stars,QUEUE,230,2025-07-16,413,4322,0,4322,10.465,0.0,85.5,85.5,LOW,2.16,10.5,0.0,0.0
39587556,AG2,Rising Stars,QUEUE,231,2026-01-23,222,2178,0,2178,9.811,0.0,85.5,85.5,LOW,2.16,10.5,0.0,0.0
39047679,AG2,Rising Stars,QUEUE,232,2025-12-30,246,2254,0,2254,9.163,0.0,85.5,85.5,LOW,2.16,10.5,0.0,0.0
35898451,AG2,Rising Stars,QUEUE,233,2025-07-23,406,4237,0,4237,10.436,0.0,85.4,85.4,LOW,2.16,10.5,0.0,0.0
35843804,AG2,Rising Stars,QUEUE,234,2025-07-21,408,4260,0,4260,10.441,0.0,85.4,85.4,LOW,2.16,10.5,0.0,0.0
42697853,AG2,Rising Stars,QUEUE,235,2026-05-30,95,1187,0,1187,12.495,0.0,85.4,85.4,LOW,2.16,10.5,0.0,0.0
36633780,AG2,Rising Stars,QUEUE,236,2025-08-28,370,4032,0,4032,10.897,0.0,85.3,85.3,LOW,2.16,10.5,0.0,0.0
35843828,AG2,Rising Stars,QUEUE,237,2025-07-20,409,4236,0,4236,10.357,0.0,85.3,85.3,LOW,2.16,10.5,0.0,0.0
35288089,AG2,Rising Stars,QUEUE,238,2025-07-01,428,4297,0,4297,10.04,0.0,85.3,85.3,LOW,2.16,10.5,0.0,0.0
43008829,AG2,Rising Stars,QUEUE,239,2026-06-12,82,1162,0,1162,14.171,0.0,85.3,85.3,LOW,2.16,10.5,0.0,0.0
43008851,AG2,Rising Stars,QUEUE,240,2026-06-12,82,1157,0,1157,14.11,0.0,85.2,85.2,LOW,2.16,10.5,0.0,0.0
41345548,AG2,Rising Stars,QUEUE,241,2026-04-13,142,1282,0,1282,9.028,0.0,85.2,85.2,LOW,2.16,10.5,0.0,0.0
39749674,AG2,Rising Stars,QUEUE,242,2026-01-31,214,2125,0,2125,9.93,0.0,85.2,85.2,LOW,2.16,10.5,0.0,0.0
39587461,AG2,Rising Stars,QUEUE,243,2026-01-23,222,2134,0,2134,9.613,0.0,85.2,85.2,LOW,2.16,10.5,0.0,0.0
39047708,AG2,Rising Stars,QUEUE,244,2025-12-31,245,2224,0,2224,9.078,0.0,85.2,85.2,LOW,2.16,10.5,0.0,0.0
38142684,AG2,Rising Stars,QUEUE,245,2025-11-21,285,2347,0,2347,8.235,0.0,85.2,85.2,LOW,2.16,10.5,0.0,0.0
43009035,AG2,Rising Stars,QUEUE,246,2026-06-12,82,1148,0,1148,14.0,0.0,85.1,85.1,LOW,2.16,10.5,0.0,0.0
43008995,AG2,Rising Stars,QUEUE,247,2026-06-12,82,1150,0,1150,14.024,0.0,85.1,85.1,LOW,2.16,10.5,0.0,0.0
35844016,AG2,Rising Stars,QUEUE,248,2025-07-21,408,4034,0,4034,9.887,0.0,85.0,85.0,LOW,2.16,10.5,0.0,0.0
35482292,AG2,Rising Stars,QUEUE,249,2025-07-08,421,4033,0,4033,9.58,0.0,84.9,84.9,LOW,2.16,10.5,0.0,0.0
34949437,AG2,Rising Stars,QUEUE,250,2025-06-16,443,4159,0,4159,9.388,0.0,84.9,84.9,LOW,2.16,10.5,0.0,0.0
42165834,AG2,Rising Stars,QUEUE,251,2026-05-14,111,1186,0,1186,10.685,0.0,84.9,84.9,LOW,2.16,10.5,0.0,0.0
41345574,AG2,Rising Stars,QUEUE,252,2026-04-13,142,1258,0,1258,8.859,0.0,84.9,84.9,LOW,2.16,10.5,0.0,0.0
39587488,AG2,Rising Stars,QUEUE,253,2026-01-23,222,2104,0,2104,9.477,0.0,84.9,84.9,LOW,2.16,10.5,0.0,0.0
35843543,AG2,Rising Stars,QUEUE,254,2025-07-21,408,3942,0,3942,9.662,0.0,84.8,84.8,LOW,2.16,10.5,0.0,0.0
35843495,AG2,Rising Stars,QUEUE,255,2025-07-21,408,3967,0,3967,9.723,0.0,84.8,84.8,LOW,2.16,10.5,0.0,0.0
43008802,AG2,Rising Stars,QUEUE,256,2026-06-12,82,1130,0,1130,13.78,0.0,84.8,84.8,LOW,2.16,10.5,0.0,0.0
41345547,AG2,Rising Stars,QUEUE,257,2026-04-13,142,1253,0,1253,8.824,0.0,84.8,84.8,LOW,2.16,10.5,0.0,0.0
35898435,AG2,Rising Stars,QUEUE,258,2025-07-23,406,3929,0,3929,9.677,0.0,84.7,84.7,LOW,2.16,10.5,0.0,0.0
35706571,AG2,Rising Stars,QUEUE,259,2025-07-16,413,3930,0,3930,9.516,0.0,84.7,84.7,LOW,2.16,10.5,0.0,0.0
35288137,AG2,Rising Stars,QUEUE,260,2025-07-01,428,3996,0,3996,9.336,0.0,84.7,84.7,LOW,2.16,10.5,0.0,0.0
42697801,AG2,Rising Stars,QUEUE,261,2026-05-30,95,1150,0,1150,12.105,0.0,84.7,84.7,LOW,2.16,10.5,0.0,0.0
41096520,AG2,Rising Stars,QUEUE,262,2026-04-02,153,1275,0,1275,8.333,0.0,84.7,84.7,LOW,2.16,10.5,0.0,0.0
39827761,AG2,Rising Stars,QUEUE,263,2026-02-04,210,2034,0,2034,9.686,0.0,84.7,84.7,LOW,2.16,10.5,0.0,0.0
43008789,AG2,Rising Stars,QUEUE,264,2026-06-12,82,1119,0,1119,13.646,0.0,84.6,84.6,LOW,2.16,10.5,0.0,0.0
39827771,AG2,Rising Stars,QUEUE,265,2026-02-04,210,2019,0,2019,9.614,0.0,84.6,84.6,LOW,2.16,10.5,0.0,0.0
35843564,AG2,Rising Stars,QUEUE,266,2025-07-21,408,3851,0,3851,9.439,0.0,84.5,84.5,LOW,2.16,10.5,0.0,0.0
35706691,AG2,Rising Stars,QUEUE,267,2025-07-16,413,3831,0,3831,9.276,0.0,84.4,84.4,LOW,2.16,10.5,0.0,0.0
35288018,AG2,Rising Stars,QUEUE,268,2025-07-01,428,3898,0,3898,9.107,0.0,84.4,84.4,LOW,2.16,10.5,0.0,0.0
35843422,AG2,Rising Stars,QUEUE,269,2025-07-25,404,3721,0,3721,9.21,0.0,84.3,84.3,LOW,2.16,10.5,0.0,0.0
35898391,AG2,Rising Stars,QUEUE,270,2025-07-23,406,3721,0,3721,9.165,0.0,84.2,84.2,LOW,2.16,10.5,0.0,0.0
35286891,AG2,Rising Stars,QUEUE,271,2025-07-01,428,3835,0,3835,8.96,0.0,84.2,84.2,LOW,2.16,10.5,0.0,0.0
41345544,AG2,Rising Stars,QUEUE,272,2026-04-13,142,1213,0,1213,8.542,0.0,84.2,84.2,LOW,2.16,10.5,0.0,0.0
36805058,AG2,Rising Stars,QUEUE,273,2025-09-06,361,2426,0,2426,6.72,0.0,84.2,84.2,LOW,2.16,10.5,0.0,0.0
35843738,AG2,Rising Stars,QUEUE,274,2025-07-21,408,3692,0,3692,9.049,0.0,84.1,84.1,LOW,2.16,10.5,0.0,0.0
35288143,AG2,Rising Stars,QUEUE,275,2025-07-01,428,3798,0,3798,8.874,0.0,84.1,84.1,LOW,2.16,10.5,0.0,0.0
34630493,AG2,Rising Stars,QUEUE,276,2025-05-31,459,3934,0,3934,8.571,0.0,84.1,84.1,LOW,2.16,10.5,0.0,0.0
43008984,AG2,Rising Stars,QUEUE,277,2026-06-12,82,1085,0,1085,13.232,0.0,84.1,84.1,LOW,2.16,10.5,0.0,0.0
43008780,AG2,Rising Stars,QUEUE,278,2026-06-12,82,1086,0,1086,13.244,0.0,84.1,84.1,LOW,2.16,10.5,0.0,0.0
38141254,AG2,Rising Stars,QUEUE,279,2025-11-27,279,2157,0,2157,7.731,0.0,84.1,84.1,LOW,2.16,10.5,0.0,0.0
35286849,AG2,Rising Stars,QUEUE,280,2025-07-01,428,3737,0,3737,8.731,0.0,84.0,84.0,LOW,2.16,10.5,0.0,0.0
39258609,AG2,Rising Stars,QUEUE,281,2026-01-08,237,2023,0,2023,8.536,0.0,83.9,83.9,LOW,2.16,10.5,0.0,0.0
43009036,AG2,Rising Stars,QUEUE,282,2026-06-12,82,1072,0,1072,13.073,0.0,83.8,83.8,LOW,2.16,10.5,0.0,0.0
41345538,AG2,Rising Stars,QUEUE,283,2026-04-13,142,1184,0,1184,8.338,0.0,83.8,83.8,LOW,2.16,10.5,0.0,0.0
39587860,AG2,Rising Stars,QUEUE,284,2026-01-23,222,1948,0,1948,8.775,0.0,83.8,83.8,LOW,2.16,10.5,0.0,0.0
39047707,AG2,Rising Stars,QUEUE,285,2025-12-30,246,2031,0,2031,8.256,0.0,83.8,83.8,LOW,2.16,10.5,0.0,0.0
35706599,AG2,Rising Stars,QUEUE,286,2025-07-16,413,3556,0,3556,8.61,0.0,83.7,83.7,LOW,2.16,10.5,0.0,0.0
35287874,AG2,Rising Stars,QUEUE,287,2025-07-01,428,3626,0,3626,8.472,0.0,83.7,83.7,LOW,2.16,10.5,0.0,0.0
42165831,AG2,Rising Stars,QUEUE,288,2026-05-14,111,1118,0,1118,10.072,0.0,83.7,83.7,LOW,2.16,10.5,0.0,0.0
35287209,AG2,Rising Stars,QUEUE,289,2025-07-01,428,3563,0,3563,8.325,0.0,83.6,83.6,LOW,2.16,10.5,0.0,0.0
36805011,AG2,Rising Stars,QUEUE,290,2025-09-06,361,4549,685,5234,12.601,0.131,90.7,83.6,LOW,2.16,10.5,0.0,0.0
41345559,AG2,Rising Stars,QUEUE,291,2026-04-13,142,1175,0,1175,8.275,0.0,83.6,83.6,LOW,2.16,10.5,0.0,0.0
41345541,AG2,Rising Stars,QUEUE,292,2026-04-13,142,1178,0,1178,8.296,0.0,83.6,83.6,LOW,2.16,10.5,0.0,0.0
39587719,AG2,Rising Stars,QUEUE,293,2026-01-23,222,1925,0,1925,8.671,0.0,83.6,83.6,LOW,2.16,10.5,0.0,0.0
39258922,AG2,Rising Stars,QUEUE,294,2026-01-09,236,1960,0,1960,8.305,0.0,83.6,83.6,LOW,2.16,10.5,0.0,0.0
35843711,AG2,Rising Stars,QUEUE,295,2025-07-25,404,3435,0,3435,8.502,0.0,83.5,83.5,LOW,2.16,10.5,0.0,0.0
35286865,AG2,Rising Stars,QUEUE,296,2025-07-01,428,3550,0,3550,8.294,0.0,83.5,83.5,LOW,2.16,10.5,0.0,0.0
39047704,AG2,Rising Stars,QUEUE,297,2025-12-31,245,1995,0,1995,8.143,0.0,83.5,83.5,LOW,2.16,10.5,0.0,0.0
38142820,AG2,Rising Stars,QUEUE,298,2025-11-21,285,2100,0,2100,7.368,0.0,83.5,83.5,LOW,2.16,10.5,0.0,0.0
35843812,AG2,Rising Stars,QUEUE,299,2025-07-21,408,3433,0,3433,8.414,0.0,83.4,83.4,LOW,2.16,10.5,0.0,0.0
35287982,AG2,Rising Stars,QUEUE,300,2025-07-01,428,3517,0,3517,8.217,0.0,83.4,83.4,LOW,2.16,10.5,0.0,0.0
43009038,AG2,Rising Stars,QUEUE,301,2026-06-12,82,1042,0,1042,12.707,0.0,83.4,83.4,LOW,2.16,10.5,0.0,0.0
39749645,AG2,Rising Stars,QUEUE,302,2026-01-31,214,1879,0,1879,8.78,0.0,83.4,83.4,LOW,2.16,10.5,0.0,0.0
35334421,AG2,Rising Stars,QUEUE,303,2025-07-04,425,3498,0,3498,8.231,0.0,83.3,83.3,LOW,2.16,10.5,0.0,0.0
35287843,AG2,Rising Stars,QUEUE,304,2025-07-01,428,3511,0,3511,8.203,0.0,83.3,83.3,LOW,2.16,10.5,0.0,0.0
34849363,AG2,Rising Stars,QUEUE,305,2025-06-10,449,3574,0,3574,7.96,0.0,83.3,83.3,LOW,2.16,10.5,0.0,0.0
34469752,AG2,Rising Stars,QUEUE,306,2025-05-27,463,3678,0,3678,7.944,0.0,83.3,83.3,LOW,2.16,10.5,0.0,0.0
43008838,AG2,Rising Stars,QUEUE,307,2026-06-12,82,1039,0,1039,12.671,0.0,83.3,83.3,LOW,2.16,10.5,0.0,0.0
43009000,AG2,Rising Stars,QUEUE,308,2026-06-12,82,1040,0,1040,12.683,0.0,83.3,83.3,LOW,2.16,10.5,0.0,0.0
41345542,AG2,Rising Stars,QUEUE,309,2026-04-13,142,1165,0,1165,8.204,0.0,83.3,83.3,LOW,2.16,10.5,0.0,0.0
38142734,AG2,Rising Stars,QUEUE,310,2025-11-21,285,2067,0,2067,7.253,0.0,83.3,83.3,LOW,2.16,10.5,0.0,0.0
35843489,AG2,Rising Stars,QUEUE,311,2025-07-21,408,3349,0,3349,8.208,0.0,83.2,83.2,LOW,2.16,10.5,0.0,0.0
39047689,AG2,Rising Stars,QUEUE,312,2025-12-30,246,3077,366,3443,12.508,0.106,88.9,83.2,LOW,2.16,10.5,0.0,0.0
41345540,AG2,Rising Stars,QUEUE,313,2026-04-13,142,1162,0,1162,8.183,0.0,83.2,83.2,LOW,2.16,10.5,0.0,0.0
35898424,AG2,Rising Stars,QUEUE,314,2025-07-23,406,3329,0,3329,8.2,0.0,83.1,83.1,LOW,2.16,10.5,0.0,0.0
43008774,AG2,Rising Stars,QUEUE,315,2026-06-12,82,1031,0,1031,12.573,0.0,83.1,83.1,LOW,2.16,10.5,0.0,0.0
39047688,AG2,Rising Stars,QUEUE,316,2025-12-30,246,1930,0,1930,7.846,0.0,83.1,83.1,LOW,2.16,10.5,0.0,0.0
38142831,AG2,Rising Stars,QUEUE,317,2025-11-21,285,2050,0,2050,7.193,0.0,83.1,83.1,LOW,2.16,10.5,0.0,0.0
35843366,AG2,Rising Stars,QUEUE,318,2025-07-21,408,3305,0,3305,8.1,0.0,83.0,83.0,LOW,2.16,10.5,0.0,0.0
35706421,AG2,Rising Stars,QUEUE,319,2025-07-16,413,3339,0,3339,8.085,0.0,83.0,83.0,LOW,2.16,10.5,0.0,0.0
35288182,AG2,Rising Stars,QUEUE,320,2025-07-01,428,3398,0,3398,7.939,0.0,83.0,83.0,LOW,2.16,10.5,0.0,0.0
36495828,AG2,Rising Stars,QUEUE,321,2025-08-22,376,3123,0,3123,8.306,0.0,82.9,82.9,LOW,2.16,10.5,0.0,0.0
35843751,AG2,Rising Stars,QUEUE,322,2025-07-21,408,3293,0,3293,8.071,0.0,82.9,82.9,LOW,2.16,10.5,0.0,0.0
39827749,AG2,Rising Stars,QUEUE,323,2026-02-04,210,1805,0,1805,8.595,0.0,82.9,82.9,LOW,2.16,10.5,0.0,0.0
36805000,AG2,Rising Stars,QUEUE,324,2025-09-06,361,3008,279,3287,8.332,0.085,87.2,82.8,LOW,2.16,10.5,0.0,0.0
41802165,AG2,Rising Stars,QUEUE,325,2026-05-02,123,1100,0,1100,8.943,0.0,82.8,82.8,LOW,2.16,10.5,0.0,0.0
41345554,AG2,Rising Stars,QUEUE,326,2026-04-13,142,1142,0,1142,8.042,0.0,82.8,82.8,LOW,2.16,10.5,0.0,0.0
38142912,AG2,Rising Stars,QUEUE,327,2025-11-21,285,2028,0,2028,7.116,0.0,82.8,82.8,LOW,2.16,10.5,0.0,0.0
36975384,AG2,Rising Stars,QUEUE,328,2025-09-18,349,2168,0,2168,6.212,0.0,82.8,82.8,LOW,2.16,10.5,0.0,0.0
35843842,AG2,Rising Stars,QUEUE,329,2025-07-21,408,3219,0,3219,7.89,0.0,82.7,82.7,LOW,2.16,10.5,0.0,0.0
35288135,AG2,Rising Stars,QUEUE,330,2025-07-01,428,3319,0,3319,7.755,0.0,82.7,82.7,LOW,2.16,10.5,0.0,0.0
34949508,AG2,Rising Stars,QUEUE,331,2025-06-16,443,3354,0,3354,7.571,0.0,82.7,82.7,LOW,2.16,10.5,0.0,0.0
34869062,AG2,Rising Stars,QUEUE,332,2025-06-11,448,3361,0,3361,7.502,0.0,82.7,82.7,LOW,2.16,10.5,0.0,0.0
33882969,AG2,Rising Stars,QUEUE,333,2025-05-02,488,3538,0,3538,7.25,0.0,82.7,82.7,LOW,2.16,10.5,0.0,0.0
43008975,AG2,Rising Stars,QUEUE,334,2026-06-12,82,1015,0,1015,12.378,0.0,82.7,82.7,LOW,2.16,10.5,0.0,0.0
41345545,AG2,Rising Stars,QUEUE,335,2026-04-13,142,1140,0,1140,8.028,0.0,82.7,82.7,LOW,2.16,10.5,0.0,0.0
39827752,AG2,Rising Stars,QUEUE,336,2026-02-04,210,1784,0,1784,8.495,0.0,82.7,82.7,LOW,2.16,10.5,0.0,0.0
39592501,AG2,Rising Stars,QUEUE,337,2026-01-23,222,1829,0,1829,8.239,0.0,82.7,82.7,LOW,2.16,10.5,0.0,0.0
39047703,AG2,Rising Stars,QUEUE,338,2025-12-30,246,1886,0,1886,7.667,0.0,82.7,82.7,LOW,2.16,10.5,0.0,0.0
35898461,AG2,Rising Stars,QUEUE,339,2025-07-23,406,3184,0,3184,7.842,0.0,82.6,82.6,LOW,2.16,10.5,0.0,0.0
34949278,AG2,Rising Stars,QUEUE,340,2025-06-16,443,3326,0,3326,7.508,0.0,82.6,82.6,LOW,2.16,10.5,0.0,0.0
43008742,AG2,Rising Stars,QUEUE,341,2026-06-12,82,1010,0,1010,12.317,0.0,82.6,82.6,LOW,2.16,10.5,0.0,0.0
35288187,AG2,Rising Stars,QUEUE,342,2025-07-01,428,3240,0,3240,7.57,0.0,82.5,82.5,LOW,2.16,10.5,0.0,0.0
34849360,AG2,Rising Stars,QUEUE,343,2025-06-10,449,3322,0,3322,7.399,0.0,82.5,82.5,LOW,2.16,10.5,0.0,0.0
43008973,AG2,Rising Stars,QUEUE,344,2026-06-12,82,1008,0,1008,12.293,0.0,82.5,82.5,LOW,2.16,10.5,0.0,0.0
43008990,AG2,Rising Stars,QUEUE,345,2026-06-12,82,1008,0,1008,12.293,0.0,82.5,82.5,LOW,2.16,10.5,0.0,0.0
38143262,AG2,Rising Stars,QUEUE,346,2025-11-21,285,1988,0,1988,6.975,0.0,82.5,82.5,LOW,2.16,10.5,0.0,0.0
36975385,AG2,Rising Stars,QUEUE,347,2025-09-18,349,2134,0,2134,6.115,0.0,82.5,82.5,LOW,2.16,10.5,0.0,0.0
36975393,AG2,Rising Stars,QUEUE,348,2025-09-18,349,2142,0,2142,6.138,0.0,82.5,82.5,LOW,2.16,10.5,0.0,0.0
36253977,AG2,Rising Stars,QUEUE,349,2025-08-06,392,3066,0,3066,7.821,0.0,82.4,82.4,LOW,2.16,10.5,0.0,0.0
35287634,AG2,Rising Stars,QUEUE,350,2025-07-01,428,3221,0,3221,7.526,0.0,82.4,82.4,LOW,2.16,10.5,0.0,0.0
34611122,AG2,Rising Stars,QUEUE,351,2025-05-30,460,3341,0,3341,7.263,0.0,82.4,82.4,LOW,2.16,10.5,0.0,0.0
35843676,AG2,Rising Stars,QUEUE,352,2025-07-21,408,3097,0,3097,7.591,0.0,82.3,82.3,LOW,2.16,10.5,0.0,0.0
43008793,AG2,Rising Stars,QUEUE,353,2026-06-12,82,995,0,995,12.134,0.0,82.3,82.3,LOW,2.16,10.5,0.0,0.0
41867169,AG2,Rising Stars,QUEUE,354,2026-05-12,113,1042,0,1042,9.221,0.0,82.3,82.3,LOW,2.16,10.5,0.0,0.0
41345533,AG2,Rising Stars,QUEUE,355,2026-04-13,142,1116,0,1116,7.859,0.0,82.3,82.3,LOW,2.16,10.5,0.0,0.0
36633779,AG2,Rising Stars,QUEUE,356,2025-08-28,370,2954,0,2954,7.984,0.0,82.2,82.2,LOW,2.16,10.5,0.0,0.0
35843785,AG2,Rising Stars,QUEUE,357,2025-07-21,408,3072,0,3072,7.529,0.0,82.2,82.2,LOW,2.16,10.5,0.0,0.0
35287972,AG2,Rising Stars,QUEUE,358,2025-07-01,428,3156,0,3156,7.374,0.0,82.2,82.2,LOW,2.16,10.5,0.0,0.0
43008868,AG2,Rising Stars,QUEUE,359,2026-06-12,82,990,0,990,12.073,0.0,82.2,82.2,LOW,2.16,10.5,0.0,0.0
41529966,AG2,Rising Stars,QUEUE,360,2026-04-22,133,1086,0,1086,8.165,0.0,82.2,82.2,LOW,2.16,10.5,0.0,0.0
39258939,AG2,Rising Stars,QUEUE,361,2026-01-09,236,1806,0,1806,7.653,0.0,82.2,82.2,LOW,2.16,10.5,0.0,0.0
36495806,AG2,Rising Stars,QUEUE,362,2025-08-22,376,2946,0,2946,7.835,0.0,82.1,82.1,LOW,2.16,10.5,0.0,0.0
35843693,AG2,Rising Stars,QUEUE,363,2025-07-21,408,3036,0,3036,7.441,0.0,82.1,82.1,LOW,2.16,10.5,0.0,0.0
43008766,AG2,Rising Stars,QUEUE,364,2026-06-12,82,978,0,978,11.927,0.0,82.1,82.1,LOW,2.16,10.5,0.0,0.0
41345531,AG2,Rising Stars,QUEUE,365,2026-04-13,142,1100,0,1100,7.746,0.0,82.1,82.1,LOW,2.16,10.5,0.0,0.0
39587814,AG2,Rising Stars,QUEUE,366,2026-01-23,222,1766,0,1766,7.955,0.0,82.1,82.1,LOW,2.16,10.5,0.0,0.0
34703918,AG2,Rising Stars,QUEUE,367,2025-06-03,456,3230,0,3230,7.083,0.0,82.0,82.0,LOW,2.16,10.5,0.0,0.0
43009028,AG2,Rising Stars,QUEUE,368,2026-06-12,82,976,0,976,11.902,0.0,82.0,82.0,LOW,2.16,10.5,0.0,0.0
41802174,AG2,Rising Stars,QUEUE,369,2026-05-02,123,1050,0,1050,8.537,0.0,82.0,82.0,LOW,2.16,10.5,0.0,0.0
41345526,AG2,Rising Stars,QUEUE,370,2026-04-13,142,1096,0,1096,7.718,0.0,82.0,82.0,LOW,2.16,10.5,0.0,0.0
36805069,AG2,Rising Stars,QUEUE,371,2025-09-06,361,2117,0,2117,5.864,0.0,82.0,82.0,LOW,2.16,10.5,0.0,0.0
36603213,AG2,Rising Stars,QUEUE,372,2025-08-26,372,2875,0,2875,7.728,0.0,81.9,81.9,LOW,2.16,10.5,0.0,0.0
35706318,AG2,Rising Stars,QUEUE,373,2025-07-16,413,3015,0,3015,7.3,0.0,81.9,81.9,LOW,2.16,10.5,0.0,0.0
38142977,AG2,Rising Stars,QUEUE,374,2025-11-21,285,4112,797,4909,14.428,0.162,90.7,81.9,LOW,2.16,10.5,0.0,0.0
43009030,AG2,Rising Stars,QUEUE,375,2026-06-12,82,971,0,971,11.841,0.0,81.9,81.9,LOW,2.16,10.5,0.0,0.0
38146003,AG2,Rising Stars,QUEUE,376,2025-11-21,285,1905,0,1905,6.684,0.0,81.9,81.9,LOW,2.16,10.5,0.0,0.0
36975391,AG2,Rising Stars,QUEUE,377,2025-09-19,348,2061,0,2061,5.922,0.0,81.9,81.9,LOW,2.16,10.5,0.0,0.0
35843253,AG2,Rising Stars,QUEUE,378,2025-07-20,409,2966,0,2966,7.252,0.0,81.8,81.8,LOW,2.16,10.5,0.0,0.0
35844209,AG2,Rising Stars,QUEUE,379,2025-07-21,408,2973,0,2973,7.287,0.0,81.8,81.8,LOW,2.16,10.5,0.0,0.0
39047685,AG2,Rising Stars,QUEUE,380,2025-12-30,246,1791,0,1791,7.28,0.0,81.8,81.8,LOW,2.16,10.5,0.0,0.0
36495825,AG2,Rising Stars,QUEUE,381,2025-08-22,376,2826,0,2826,7.516,0.0,81.7,81.7,LOW,2.16,10.5,0.0,0.0
35706129,AG2,Rising Stars,QUEUE,382,2025-07-16,413,2967,0,2967,7.184,0.0,81.7,81.7,LOW,2.16,10.5,0.0,0.0
35287974,AG2,Rising Stars,QUEUE,383,2025-07-01,428,3016,0,3016,7.047,0.0,81.7,81.7,LOW,2.16,10.5,0.0,0.0
35087851,AG2,Rising Stars,QUEUE,384,2025-06-23,436,3071,0,3071,7.044,0.0,81.7,81.7,LOW,2.16,10.5,0.0,0.0
43008807,AG2,Rising Stars,QUEUE,385,2026-06-12,82,967,0,967,11.793,0.0,81.7,81.7,LOW,2.16,10.5,0.0,0.0
41867242,AG2,Rising Stars,QUEUE,386,2026-05-05,120,1036,0,1036,8.633,0.0,81.7,81.7,LOW,2.16,10.5,0.0,0.0
41345530,AG2,Rising Stars,QUEUE,387,2026-04-13,142,1082,0,1082,7.62,0.0,81.7,81.7,LOW,2.16,10.5,0.0,0.0
35287932,AG2,Rising Stars,QUEUE,388,2025-07-01,428,3009,0,3009,7.03,0.0,81.6,81.6,LOW,2.16,10.5,0.0,0.0
35087874,AG2,Rising Stars,QUEUE,389,2025-06-23,436,3055,0,3055,7.007,0.0,81.6,81.6,LOW,2.16,10.5,0.0,0.0
39258901,AG2,Rising Stars,QUEUE,390,2026-01-09,236,1738,0,1738,7.364,0.0,81.6,81.6,LOW,2.16,10.5,0.0,0.0
36253976,AG2,Rising Stars,QUEUE,391,2025-08-06,392,2851,0,2851,7.273,0.0,81.5,81.5,LOW,2.16,10.5,0.0,0.0
35843457,AG2,Rising Stars,QUEUE,392,2025-07-25,404,2901,0,2901,7.181,0.0,81.5,81.5,LOW,2.16,10.5,0.0,0.0
35843238,AG2,Rising Stars,QUEUE,393,2025-07-21,408,2909,0,2909,7.13,0.0,81.5,81.5,LOW,2.16,10.5,0.0,0.0
35706124,AG2,Rising Stars,QUEUE,394,2025-07-16,413,2926,0,2926,7.085,0.0,81.5,81.5,LOW,2.16,10.5,0.0,0.0
35287954,AG2,Rising Stars,QUEUE,395,2025-07-01,428,2991,0,2991,6.988,0.0,81.5,81.5,LOW,2.16,10.5,0.0,0.0
39587661,AG2,Rising Stars,QUEUE,396,2026-01-23,222,1692,0,1692,7.622,0.0,81.5,81.5,LOW,2.16,10.5,0.0,0.0
38142991,AG2,Rising Stars,QUEUE,397,2025-11-21,285,1857,0,1857,6.516,0.0,81.5,81.5,LOW,2.16,10.5,0.0,0.0
35287316,AG2,Rising Stars,QUEUE,398,2025-07-01,428,2964,0,2964,6.925,0.0,81.4,81.4,LOW,2.16,10.5,0.0,0.0
35287269,AG2,Rising Stars,QUEUE,399,2025-07-01,428,2956,0,2956,6.907,0.0,81.3,81.3,LOW,2.16,10.5,0.0,0.0
34748921,AG2,Rising Stars,QUEUE,400,2025-06-06,453,2999,0,2999,6.62,0.0,81.3,81.3,LOW,2.16,10.5,0.0,0.0
43009033,AG2,Rising Stars,QUEUE,401,2026-06-12,82,940,0,940,11.463,0.0,81.3,81.3,LOW,2.16,10.5,0.0,0.0
36310406,AG2,Rising Stars,QUEUE,402,2025-08-09,389,2779,0,2779,7.144,0.0,81.2,81.2,LOW,2.16,10.5,0.0,0.0
35898444,AG2,Rising Stars,QUEUE,403,2025-07-23,406,2839,0,2839,6.993,0.0,81.2,81.2,LOW,2.16,10.5,0.0,0.0
35705983,AG2,Rising Stars,QUEUE,404,2025-07-16,413,2880,0,2880,6.973,0.0,81.2,81.2,LOW,2.16,10.5,0.0,0.0
39587672,AG2,Rising Stars,QUEUE,405,2026-01-23,222,1660,0,1660,7.477,0.0,81.2,81.2,LOW,2.16,10.5,0.0,0.0
39047699,AG2,Rising Stars,QUEUE,406,2025-12-31,245,1731,0,1731,7.065,0.0,81.2,81.2,LOW,2.16,10.5,0.0,0.0
35287917,AG2,Rising Stars,QUEUE,407,2025-07-01,428,2874,0,2874,6.715,0.0,81.1,81.1,LOW,2.16,10.5,0.0,0.0
43008710,AG2,Rising Stars,QUEUE,408,2026-06-12,82,931,0,931,11.354,0.0,81.1,81.1,LOW,2.16,10.5,0.0,0.0
41345516,AG2,Rising Stars,QUEUE,409,2026-04-13,142,1052,0,1052,7.408,0.0,81.1,81.1,LOW,2.16,10.5,0.0,0.0
39047698,AG2,Rising Stars,QUEUE,410,2025-12-31,245,1714,0,1714,6.996,0.0,81.1,81.1,LOW,2.16,10.5,0.0,0.0
35843989,AG2,Rising Stars,QUEUE,411,2025-07-21,408,2793,0,2793,6.846,0.0,81.0,81.0,LOW,2.16,10.5,0.0,0.0
41096514,AG2,Rising Stars,QUEUE,412,2026-04-02,153,1075,0,1075,7.026,0.0,81.0,81.0,LOW,2.16,10.5,0.0,0.0
39587655,AG2,Rising Stars,QUEUE,413,2026-01-23,222,1643,0,1643,7.401,0.0,81.0,81.0,LOW,2.16,10.5,0.0,0.0
35843819,AG2,Rising Stars,QUEUE,414,2025-07-21,408,2781,0,2781,6.816,0.0,80.9,80.9,LOW,2.16,10.5,0.0,0.0
34846724,AG2,Rising Stars,QUEUE,415,2025-06-11,448,2904,0,2904,6.482,0.0,80.9,80.9,LOW,2.16,10.5,0.0,0.0
41345515,AG2,Rising Stars,QUEUE,416,2026-04-13,142,1041,0,1041,7.331,0.0,80.9,80.9,LOW,2.16,10.5,0.0,0.0
36805055,AG2,Rising Stars,QUEUE,417,2025-09-06,361,2001,0,2001,5.543,0.0,80.9,80.9,LOW,2.16,10.5,0.0,0.0
34846830,AG2,Rising Stars,QUEUE,418,2025-06-11,448,2891,0,2891,6.453,0.0,80.8,80.8,LOW,2.16,10.5,0.0,0.0
35288244,AG2,Rising Stars,QUEUE,419,2025-07-01,428,2796,0,2796,6.533,0.0,80.7,80.7,LOW,2.16,10.5,0.0,0.0
43008772,AG2,Rising Stars,QUEUE,420,2026-06-12,82,906,0,906,11.049,0.0,80.7,80.7,LOW,2.16,10.5,0.0,0.0
35706728,AG2,Rising Stars,QUEUE,421,2025-07-16,413,2741,0,2741,6.637,0.0,80.6,80.6,LOW,2.16,10.5,0.0,0.0
35287442,AG2,Rising Stars,QUEUE,422,2025-07-01,428,2771,0,2771,6.474,0.0,80.6,80.6,LOW,2.16,10.5,0.0,0.0
35287029,AG2,Rising Stars,QUEUE,423,2025-07-01,428,2781,0,2781,6.498,0.0,80.6,80.6,LOW,2.16,10.5,0.0,0.0
34846716,AG2,Rising Stars,QUEUE,424,2025-06-10,449,2841,0,2841,6.327,0.0,80.6,80.6,LOW,2.16,10.5,0.0,0.0
34630494,AG2,Rising Stars,QUEUE,425,2025-05-31,459,2857,0,2857,6.224,0.0,80.6,80.6,LOW,2.16,10.5,0.0,0.0
33077176,AG2,Rising Stars,QUEUE,426,2025-03-06,545,3196,0,3196,5.864,0.0,80.6,80.6,LOW,2.16,10.5,0.0,0.0
35286899,AG2,Rising Stars,QUEUE,427,2025-07-01,428,4100,374,4474,9.579,0.084,84.9,80.6,LOW,2.16,10.5,0.0,0.0
43008758,AG2,Rising Stars,QUEUE,428,2026-06-12,82,899,0,899,10.963,0.0,80.6,80.6,LOW,2.16,10.5,0.0,0.0
43008965,AG2,Rising Stars,QUEUE,429,2026-06-12,82,900,0,900,10.976,0.0,80.6,80.6,LOW,2.16,10.5,0.0,0.0
41096505,AG2,Rising Stars,QUEUE,430,2026-04-02,153,1050,0,1050,6.863,0.0,80.6,80.6,LOW,2.16,10.5,0.0,0.0
36805017,AG2,Rising Stars,QUEUE,431,2025-09-06,361,1957,0,1957,5.421,0.0,80.6,80.6,LOW,2.16,10.5,0.0,0.0
35843398,AG2,Rising Stars,QUEUE,432,2025-07-21,408,2701,0,2701,6.62,0.0,80.5,80.5,LOW,2.16,10.5,0.0,0.0
35706073,AG2,Rising Stars,QUEUE,433,2025-07-16,413,2709,0,2709,6.559,0.0,80.5,80.5,LOW,2.16,10.5,0.0,0.0
35481444,AG2,Rising Stars,QUEUE,434,2025-07-08,421,2735,0,2735,6.496,0.0,80.5,80.5,LOW,2.16,10.5,0.0,0.0
35286931,AG2,Rising Stars,QUEUE,435,2025-07-01,428,2766,0,2766,6.463,0.0,80.5,80.5,LOW,2.16,10.5,0.0,0.0
34783389,AG2,Rising Stars,QUEUE,436,2025-06-06,453,2824,0,2824,6.234,0.0,80.5,80.5,LOW,2.16,10.5,0.0,0.0
34611035,AG2,Rising Stars,QUEUE,437,2025-05-31,459,2836,0,2836,6.179,0.0,80.5,80.5,LOW,2.16,10.5,0.0,0.0
41345529,AG2,Rising Stars,QUEUE,438,2026-04-13,142,1025,0,1025,7.218,0.0,80.5,80.5,LOW,2.16,10.5,0.0,0.0
39749666,AG2,Rising Stars,QUEUE,439,2026-01-31,214,1573,0,1573,7.35,0.0,80.5,80.5,LOW,2.16,10.5,0.0,0.0
36804975,AG2,Rising Stars,QUEUE,440,2025-09-06,361,1940,0,1940,5.374,0.0,80.5,80.5,LOW,2.16,10.5,0.0,0.0
36764707,AG2,Rising Stars,QUEUE,441,2025-09-04,363,1949,0,1949,5.369,0.0,80.5,80.5,LOW,2.16,10.5,0.0,0.0
35288133,AG2,Rising Stars,QUEUE,442,2025-07-01,428,2742,0,2742,6.407,0.0,80.4,80.4,LOW,2.16,10.5,0.0,0.0
34949930,AG2,Rising Stars,QUEUE,443,2025-06-16,443,2781,0,2781,6.278,0.0,80.4,80.4,LOW,2.16,10.5,0.0,0.0
43008808,AG2,Rising Stars,QUEUE,444,2026-06-12,82,886,0,886,10.805,0.0,80.4,80.4,LOW,2.16,10.5,0.0,0.0
41096523,AG2,Rising Stars,QUEUE,445,2026-04-02,153,1041,0,1041,6.804,0.0,80.4,80.4,LOW,2.16,10.5,0.0,0.0
39047696,AG2,Rising Stars,QUEUE,446,2025-12-30,246,1648,0,1648,6.699,0.0,80.4,80.4,LOW,2.16,10.5,0.0,0.0
35844062,AG2,Rising Stars,QUEUE,447,2025-07-21,408,2688,0,2688,6.588,0.0,80.4,80.4,LOW,2.16,10.5,0.0,0.0
35287478,AG2,Rising Stars,QUEUE,448,2025-07-01,428,2719,0,2719,6.353,0.0,80.3,80.3,LOW,2.16,10.5,0.0,0.0
35287366,AG2,Rising Stars,QUEUE,449,2025-07-01,428,2729,0,2729,6.376,0.0,80.3,80.3,LOW,2.16,10.5,0.0,0.0
34611018,AG2,Rising Stars,QUEUE,450,2025-05-30,460,2814,0,2814,6.117,0.0,80.3,80.3,LOW,2.16,10.5,0.0,0.0
41345509,AG2,Rising Stars,QUEUE,451,2026-04-13,142,1019,0,1019,7.176,0.0,80.3,80.3,LOW,2.16,10.5,0.0,0.0
38142924,AG2,Rising Stars,QUEUE,452,2025-11-21,285,1731,0,1731,6.074,0.0,80.3,80.3,LOW,2.16,10.5,0.0,0.0
35706595,AG2,Rising Stars,QUEUE,453,2025-07-16,413,2676,0,2676,6.479,0.0,80.3,80.3,LOW,2.16,10.5,0.0,0.0
35287327,AG2,Rising Stars,QUEUE,454,2025-07-01,428,2704,0,2704,6.318,0.0,80.2,80.2,LOW,2.16,10.5,0.0,0.0
35288238,AG2,Rising Stars,QUEUE,455,2025-07-01,428,2705,0,2705,6.32,0.0,80.2,80.2,LOW,2.16,10.5,0.0,0.0
43008729,AG2,Rising Stars,QUEUE,456,2026-06-12,82,874,0,874,10.659,0.0,80.2,80.2,LOW,2.16,10.5,0.0,0.0
39749670,AG2,Rising Stars,QUEUE,457,2026-01-31,214,1544,0,1544,7.215,0.0,80.2,80.2,LOW,2.16,10.5,0.0,0.0
38143258,AG2,Rising Stars,QUEUE,458,2025-11-21,285,1716,0,1716,6.021,0.0,80.2,80.2,LOW,2.16,10.5,0.0,0.0
35898462,AG2,Rising Stars,QUEUE,459,2025-07-23,406,2622,0,2622,6.458,0.0,80.2,80.2,LOW,2.16,10.5,0.0,0.0
43008805,AG2,Rising Stars,QUEUE,460,2026-06-12,82,867,0,867,10.573,0.0,80.1,80.1,LOW,2.16,10.5,0.0,0.0
41529961,AG2,Rising Stars,QUEUE,461,2026-04-22,133,994,0,994,7.474,0.0,80.1,80.1,LOW,2.16,10.5,0.0,0.0
39258593,AG2,Rising Stars,QUEUE,462,2026-01-09,236,1585,0,1585,6.716,0.0,80.1,80.1,LOW,2.16,10.5,0.0,0.0
36253935,AG2,Rising Stars,QUEUE,463,2025-08-06,392,2569,0,2569,6.554,0.0,80.1,80.1,LOW,2.16,10.5,0.0,0.0
35843497,AG2,Rising Stars,QUEUE,464,2025-07-20,409,2610,0,2610,6.381,0.0,80.1,80.1,LOW,2.16,10.5,0.0,0.0
43008711,AG2,Rising Stars,QUEUE,465,2026-06-12,82,863,0,863,10.524,0.0,80.0,80.0,LOW,2.16,10.5,0.0,0.0
41345534,AG2,Rising Stars,QUEUE,466,2026-04-13,142,1009,0,1009,7.106,0.0,80.0,80.0,LOW,2.16,10.5,0.0,0.0
35843383,AG2,Rising Stars,QUEUE,467,2025-07-21,408,2595,0,2595,6.36,0.0,80.0,80.0,LOW,2.16,10.5,0.0,0.0
35286958,AG2,Rising Stars,QUEUE,468,2025-07-01,428,2669,0,2669,6.236,0.0,80.0,80.0,LOW,2.16,10.5,0.0,0.0
35087573,AG2,Rising Stars,QUEUE,469,2025-06-23,436,2695,0,2695,6.181,0.0,80.0,80.0,LOW,2.16,10.5,0.0,0.0
34792108,AG2,Rising Stars,QUEUE,470,2025-06-07,452,2723,0,2723,6.024,0.0,79.9,79.9,LOW,2.16,10.5,0.0,0.0
39827765,AG2,Rising Stars,QUEUE,471,2026-02-04,210,1504,0,1504,7.162,0.0,79.9,79.9,LOW,2.16,10.5,0.0,0.0
39587510,AG2,Rising Stars,QUEUE,472,2026-01-23,222,1545,0,1545,6.959,0.0,79.9,79.9,LOW,2.16,10.5,0.0,0.0
35481502,AG2,Rising Stars,QUEUE,473,2025-07-08,421,2620,0,2620,6.223,0.0,79.9,79.9,LOW,2.16,10.5,0.0,0.0
35287514,AG2,Rising Stars,QUEUE,474,2025-07-01,428,2630,0,2630,6.145,0.0,79.9,79.9,LOW,2.16,10.5,0.0,0.0
39258921,AG2,Rising Stars,QUEUE,475,2026-01-09,236,1557,0,1557,6.597,0.0,79.8,79.8,LOW,2.16,10.5,0.0,0.0
39047697,AG2,Rising Stars,QUEUE,476,2025-12-31,245,1584,0,1584,6.465,0.0,79.8,79.8,LOW,2.16,10.5,0.0,0.0
38142915,AG2,Rising Stars,QUEUE,477,2025-11-21,285,1692,0,1692,5.937,0.0,79.8,79.8,LOW,2.16,10.5,0.0,0.0
35898411,AG2,Rising Stars,QUEUE,478,2025-07-23,406,2554,0,2554,6.291,0.0,79.8,79.8,LOW,2.16,10.5,0.0,0.0
35705913,AG2,Rising Stars,QUEUE,479,2025-07-16,413,2572,0,2572,6.228,0.0,79.8,79.8,LOW,2.16,10.5,0.0,0.0
35287348,AG2,Rising Stars,QUEUE,480,2025-07-01,428,2616,0,2616,6.112,0.0,79.8,79.8,LOW,2.16,10.5,0.0,0.0
34630500,AG2,Rising Stars,QUEUE,481,2025-05-31,459,2707,0,2707,5.898,0.0,79.7,79.7,LOW,2.16,10.5,0.0,0.0
41867192,AG2,Rising Stars,QUEUE,482,2026-05-05,120,944,0,944,7.867,0.0,79.7,79.7,LOW,2.16,10.5,0.0,0.0
39047694,AG2,Rising Stars,QUEUE,483,2025-12-30,246,1575,0,1575,6.402,0.0,79.7,79.7,LOW,2.16,10.5,0.0,0.0
35843647,AG2,Rising Stars,QUEUE,484,2025-07-20,409,2540,0,2540,6.21,0.0,79.7,79.7,LOW,2.16,10.5,0.0,0.0
33864457,AG2,Rising Stars,QUEUE,485,2025-04-30,490,2798,0,2798,5.71,0.0,79.6,79.6,LOW,2.16,10.5,0.0,0.0
41867265,AG2,Rising Stars,QUEUE,486,2026-05-05,120,943,0,943,7.858,0.0,79.6,79.6,LOW,2.16,10.5,0.0,0.0
38142867,AG2,Rising Stars,QUEUE,487,2025-11-21,285,1676,0,1676,5.881,0.0,79.6,79.6,LOW,2.16,10.5,0.0,0.0
35334306,AG2,Rising Stars,QUEUE,488,2025-07-03,426,2577,0,2577,6.049,0.0,79.6,79.6,LOW,2.16,10.5,0.0,0.0
35288228,AG2,Rising Stars,QUEUE,489,2025-07-01,428,2589,0,2589,6.049,0.0,79.6,79.6,LOW,2.16,10.5,0.0,0.0
35088035,AG2,Rising Stars,QUEUE,490,2025-06-23,436,2604,0,2604,5.972,0.0,79.6,79.6,LOW,2.16,10.5,0.0,0.0
39587720,AG2,Rising Stars,QUEUE,491,2026-01-23,222,2955,632,3587,13.311,0.176,88.9,79.5,LOW,2.16,10.5,0.0,0.0
43008724,AG2,Rising Stars,QUEUE,492,2026-06-12,82,839,0,839,10.232,0.0,79.5,79.5,LOW,2.16,10.5,0.0,0.0
39749693,AG2,Rising Stars,QUEUE,493,2026-01-31,214,1486,0,1486,6.944,0.0,79.5,79.5,LOW,2.16,10.5,0.0,0.0
35288252,AG2,Rising Stars,QUEUE,494,2025-07-01,428,2566,0,2566,5.995,0.0,79.5,79.5,LOW,2.16,10.5,0.0,0.0
35087665,AG2,Rising Stars,QUEUE,495,2025-06-23,436,2593,0,2593,5.947,0.0,79.5,79.5,LOW,2.16,10.5,0.0,0.0
43008841,AG2,Rising Stars,QUEUE,496,2026-06-12,82,834,0,834,10.171,0.0,79.4,79.4,LOW,2.16,10.5,0.0,0.0
43008983,AG2,Rising Stars,QUEUE,497,2026-06-12,82,834,0,834,10.171,0.0,79.4,79.4,LOW,2.16,10.5,0.0,0.0
35843380,AG2,Rising Stars,QUEUE,498,2025-07-20,409,2501,0,2501,6.115,0.0,79.4,79.4,LOW,2.16,10.5,0.0,0.0
34611056,AG2,Rising Stars,QUEUE,499,2025-05-30,460,2674,0,2674,5.813,0.0,79.4,79.4,LOW,2.16,10.5,0.0,0.0
35287585,AG2,Rising Stars,QUEUE,500,2025-07-01,428,3975,459,4434,9.287,0.104,84.6,79.3,LOW,2.16,10.5,0.0,0.0
41345512,AG2,Rising Stars,QUEUE,501,2026-04-13,142,976,0,976,6.873,0.0,79.3,79.3,LOW,2.16,10.5,0.0,0.0
39258597,AG2,Rising Stars,QUEUE,502,2026-01-08,237,1513,0,1513,6.384,0.0,79.3,79.3,LOW,2.16,10.5,0.0,0.0
35706737,AG2,Rising Stars,QUEUE,503,2025-07-16,413,2492,0,2492,6.034,0.0,79.3,79.3,LOW,2.16,10.5,0.0,0.0
35481411,AG2,Rising Stars,QUEUE,504,2025-07-08,421,2518,0,2518,5.981,0.0,79.3,79.3,LOW,2.16,10.5,0.0,0.0
35287696,AG2,Rising Stars,QUEUE,505,2025-07-01,428,2532,0,2532,5.916,0.0,79.3,79.3,LOW,2.16,10.5,0.0,0.0
34792260,AG2,Rising Stars,QUEUE,506,2025-06-06,453,2621,0,2621,5.786,0.0,79.3,79.3,LOW,2.16,10.5,0.0,0.0
39827760,AG2,Rising Stars,QUEUE,507,2026-02-04,210,2295,358,2653,10.929,0.135,86.3,79.3,LOW,2.16,10.5,0.0,0.0
43008821,AG2,Rising Stars,QUEUE,508,2026-06-12,82,826,0,826,10.073,0.0,79.2,79.2,LOW,2.16,10.5,0.0,0.0
39047692,AG2,Rising Stars,QUEUE,509,2025-12-31,245,1522,0,1522,6.212,0.0,79.2,79.2,LOW,2.16,10.5,0.0,0.0
39047617,AG2,Rising Stars,QUEUE,510,2025-12-30,246,1529,0,1529,6.215,0.0,79.2,79.2,LOW,2.16,10.5,0.0,0.0
35843796,AG2,Rising Stars,QUEUE,511,2025-07-21,408,2473,0,2473,6.061,0.0,79.2,79.2,LOW,2.16,10.5,0.0,0.0
35287626,AG2,Rising Stars,QUEUE,512,2025-07-01,428,2517,0,2517,5.881,0.0,79.2,79.2,LOW,2.16,10.5,0.0,0.0
43008800,AG2,Rising Stars,QUEUE,513,2026-06-12,82,822,0,822,10.024,0.0,79.1,79.1,LOW,2.16,10.5,0.0,0.0
43009007,AG2,Rising Stars,QUEUE,514,2026-06-12,82,822,0,822,10.024,0.0,79.1,79.1,LOW,2.16,10.5,0.0,0.0
39749642,AG2,Rising Stars,QUEUE,515,2026-01-31,214,1442,0,1442,6.738,0.0,79.1,79.1,LOW,2.16,10.5,0.0,0.0
35288251,AG2,Rising Stars,QUEUE,516,2025-07-01,428,2514,0,2514,5.874,0.0,79.1,79.1,LOW,2.16,10.5,0.0,0.0
35087960,AG2,Rising Stars,QUEUE,517,2025-06-23,436,2528,0,2528,5.798,0.0,79.1,79.1,LOW,2.16,10.5,0.0,0.0
43008976,AG2,Rising Stars,QUEUE,518,2026-06-12,82,819,0,819,9.988,0.0,79.0,79.0,LOW,2.16,10.5,0.0,0.0
41867259,AG2,Rising Stars,QUEUE,519,2026-05-05,120,911,0,911,7.592,0.0,79.0,79.0,LOW,2.16,10.5,0.0,0.0
35843926,AG2,Rising Stars,QUEUE,520,2025-07-21,408,2442,0,2442,5.985,0.0,79.0,79.0,LOW,2.16,10.5,0.0,0.0
35287292,AG2,Rising Stars,QUEUE,521,2025-07-01,428,2496,0,2496,5.832,0.0,79.0,79.0,LOW,2.16,10.5,0.0,0.0
34949583,AG2,Rising Stars,QUEUE,522,2025-06-16,443,2557,0,2557,5.772,0.0,79.0,79.0,LOW,2.16,10.5,0.0,0.0
34837961,AG2,Rising Stars,QUEUE,523,2025-06-10,449,2571,0,2571,5.726,0.0,79.0,79.0,LOW,2.16,10.5,0.0,0.0
34792320,AG2,Rising Stars,QUEUE,524,2025-06-07,452,2583,0,2583,5.715,0.0,79.0,79.0,LOW,2.16,10.5,0.0,0.0
43008850,AG2,Rising Stars,QUEUE,525,2026-06-12,82,818,0,818,9.976,0.0,78.9,78.9,LOW,2.16,10.5,0.0,0.0
39587664,AG2,Rising Stars,QUEUE,526,2026-01-23,222,1449,0,1449,6.527,0.0,78.9,78.9,LOW,2.16,10.5,0.0,0.0
36804979,AG2,Rising Stars,QUEUE,527,2025-09-06,361,1775,0,1775,4.917,0.0,78.9,78.9,LOW,2.16,10.5,0.0,0.0
35843716,AG2,Rising Stars,QUEUE,528,2025-07-21,408,2427,0,2427,5.949,0.0,78.9,78.9,LOW,2.16,10.5,0.0,0.0
35843602,AG2,Rising Stars,QUEUE,529,2025-07-21,408,2434,0,2434,5.966,0.0,78.9,78.9,LOW,2.16,10.5,0.0,0.0
35087338,AG2,Rising Stars,QUEUE,530,2025-06-23,436,2506,0,2506,5.748,0.0,78.9,78.9,LOW,2.16,10.5,0.0,0.0
34871122,AG2,Rising Stars,QUEUE,531,2025-06-12,447,2537,0,2537,5.676,0.0,78.9,78.9,LOW,2.16,10.5,0.0,0.0
38142724,AG2,Rising Stars,QUEUE,532,2025-11-21,285,1605,0,1605,5.632,0.0,78.8,78.8,LOW,2.16,10.5,0.0,0.0
36253972,AG2,Rising Stars,QUEUE,533,2025-08-06,392,2364,0,2364,6.031,0.0,78.8,78.8,LOW,2.16,10.5,0.0,0.0
35844053,AG2,Rising Stars,QUEUE,534,2025-07-21,408,2416,0,2416,5.922,0.0,78.8,78.8,LOW,2.16,10.5,0.0,0.0
35706597,AG2,Rising Stars,QUEUE,535,2025-07-16,413,2433,0,2433,5.891,0.0,78.8,78.8,LOW,2.16,10.5,0.0,0.0
35287093,AG2,Rising Stars,QUEUE,536,2025-07-01,428,2478,0,2478,5.79,0.0,78.8,78.8,LOW,2.16,10.5,0.0,0.0
35288175,AG2,Rising Stars,QUEUE,537,2025-07-01,428,2478,0,2478,5.79,0.0,78.8,78.8,LOW,2.16,10.5,0.0,0.0
35087503,AG2,Rising Stars,QUEUE,538,2025-06-23,436,2496,0,2496,5.725,0.0,78.8,78.8,LOW,2.16,10.5,0.0,0.0
38142996,AG2,Rising Stars,QUEUE,539,2025-11-21,285,1601,0,1601,5.618,0.0,78.7,78.7,LOW,2.16,10.5,0.0,0.0
36804976,AG2,Rising Stars,QUEUE,540,2025-09-06,361,1761,0,1761,4.878,0.0,78.7,78.7,LOW,2.16,10.5,0.0,0.0
35843409,AG2,Rising Stars,QUEUE,541,2025-07-21,408,2414,0,2414,5.917,0.0,78.7,78.7,LOW,2.16,10.5,0.0,0.0
35287603,AG2,Rising Stars,QUEUE,542,2025-07-01,428,2473,0,2473,5.778,0.0,78.7,78.7,LOW,2.16,10.5,0.0,0.0
43008740,AG2,Rising Stars,QUEUE,543,2026-06-12,82,1058,117,1175,12.902,0.1,83.6,78.6,LOW,2.16,10.5,0.0,0.0
35287897,AG2,Rising Stars,QUEUE,544,2025-07-01,428,2453,0,2453,5.731,0.0,78.6,78.6,LOW,2.16,10.5,0.0,0.0
35287965,AG2,Rising Stars,QUEUE,545,2025-07-01,428,2454,0,2454,5.734,0.0,78.6,78.6,LOW,2.16,10.5,0.0,0.0
34792280,AG2,Rising Stars,QUEUE,546,2025-06-07,452,2507,0,2507,5.546,0.0,78.6,78.6,LOW,2.16,10.5,0.0,0.0
43008966,AG2,Rising Stars,QUEUE,547,2026-06-12,82,803,0,803,9.793,0.0,78.5,78.5,LOW,2.16,10.5,0.0,0.0
39827774,AG2,Rising Stars,QUEUE,548,2026-02-04,210,1396,0,1396,6.648,0.0,78.5,78.5,LOW,2.16,10.5,0.0,0.0
35843502,AG2,Rising Stars,QUEUE,549,2025-07-22,407,2390,0,2390,5.872,0.0,78.5,78.5,LOW,2.16,10.5,0.0,0.0
35706701,AG2,Rising Stars,QUEUE,550,2025-07-16,413,2401,0,2401,5.814,0.0,78.5,78.5,LOW,2.16,10.5,0.0,0.0
43008752,AG2,Rising Stars,QUEUE,551,2026-06-12,82,795,0,795,9.695,0.0,78.4,78.4,LOW,2.16,10.5,0.0,0.0
38142917,AG2,Rising Stars,QUEUE,552,2025-11-21,285,1565,0,1565,5.491,0.0,78.4,78.4,LOW,2.16,10.5,0.0,0.0
36603219,AG2,Rising Stars,QUEUE,553,2025-08-26,372,2244,0,2244,6.032,0.0,78.4,78.4,LOW,2.16,10.5,0.0,0.0
35287259,AG2,Rising Stars,QUEUE,554,2025-07-01,428,2429,0,2429,5.675,0.0,78.4,78.4,LOW,2.16,10.5,0.0,0.0
35287869,AG2,Rising Stars,QUEUE,555,2025-07-01,428,3872,524,4396,9.047,0.119,84.3,78.3,LOW,2.16,10.5,0.0,0.0
35288178,AG2,Rising Stars,QUEUE,556,2025-07-01,428,2415,0,2415,5.643,0.0,78.3,78.3,LOW,2.16,10.5,0.0,0.0
35334437,AG2,Rising Stars,QUEUE,557,2025-07-04,425,2417,0,2417,5.687,0.0,78.3,78.3,LOW,2.16,10.5,0.0,0.0
35087873,AG2,Rising Stars,QUEUE,558,2025-06-23,436,2429,0,2429,5.571,0.0,78.3,78.3,LOW,2.16,10.5,0.0,0.0
43008982,AG2,Rising Stars,QUEUE,559,2026-06-12,82,785,0,785,9.573,0.0,78.2,78.2,LOW,2.16,10.5,0.0,0.0
39749607,AG2,Rising Stars,QUEUE,560,2026-01-31,214,1383,0,1383,6.463,0.0,78.2,78.2,LOW,2.16,10.5,0.0,0.0
36804954,AG2,Rising Stars,QUEUE,561,2025-09-06,361,1703,0,1703,4.717,0.0,78.2,78.2,LOW,2.16,10.5,0.0,0.0
35287225,AG2,Rising Stars,QUEUE,562,2025-07-01,428,2407,0,2407,5.624,0.0,78.2,78.2,LOW,2.16,10.5,0.0,0.0
34783370,AG2,Rising Stars,QUEUE,563,2025-06-06,453,2462,0,2462,5.435,0.0,78.2,78.2,LOW,2.16,10.5,0.0,0.0
43008830,AG2,Rising Stars,QUEUE,564,2026-06-12,82,781,0,781,9.524,0.0,78.1,78.1,LOW,2.16,10.5,0.0,0.0
41867179,AG2,Rising Stars,QUEUE,565,2026-05-05,120,870,0,870,7.25,0.0,78.1,78.1,LOW,2.16,10.5,0.0,0.0
39047691,AG2,Rising Stars,QUEUE,566,2025-12-30,246,1449,0,1449,5.89,0.0,78.1,78.1,LOW,2.16,10.5,0.0,0.0
35898446,AG2,Rising Stars,QUEUE,567,2025-07-23,406,2327,0,2327,5.732,0.0,78.1,78.1,LOW,2.16,10.5,0.0,0.0
35287121,AG2,Rising Stars,QUEUE,568,2025-07-01,428,2382,0,2382,5.565,0.0,78.1,78.1,LOW,2.16,10.5,0.0,0.0
35287983,AG2,Rising Stars,QUEUE,569,2025-07-01,428,2398,0,2398,5.603,0.0,78.1,78.1,LOW,2.16,10.5,0.0,0.0
34846715,AG2,Rising Stars,QUEUE,570,2025-06-10,449,2433,0,2433,5.419,0.0,78.1,78.1,LOW,2.16,10.5,0.0,0.0
43008970,AG2,Rising Stars,QUEUE,571,2026-06-12,82,776,0,776,9.463,0.0,78.0,78.0,LOW,2.16,10.5,0.0,0.0
41345535,AG2,Rising Stars,QUEUE,572,2026-04-13,142,913,0,913,6.43,0.0,78.0,78.0,LOW,2.16,10.5,0.0,0.0
39827755,AG2,Rising Stars,QUEUE,573,2026-02-04,210,1353,0,1353,6.443,0.0,78.0,78.0,LOW,2.16,10.5,0.0,0.0
35843290,AG2,Rising Stars,QUEUE,574,2025-07-20,409,2320,0,2320,5.672,0.0,78.0,78.0,LOW,2.16,10.5,0.0,0.0
34837976,AG2,Rising Stars,QUEUE,575,2025-06-11,448,2421,0,2421,5.404,0.0,78.0,78.0,LOW,2.16,10.5,0.0,0.0
39587649,AG2,Rising Stars,QUEUE,576,2026-01-23,222,2224,409,2633,10.018,0.155,85.7,77.7,LOW,2.16,10.5,0.0,0.0
34704055,AG2,Rising Stars,QUEUE,577,2025-06-04,455,4099,705,4804,9.009,0.147,84.6,77.2,LOW,2.16,10.5,0.0,0.0
38143252,AG2,Rising Stars,QUEUE,578,2025-11-21,285,3818,1463,5281,13.396,0.277,90.1,75.1,LOW,2.16,10.5,0.0,0.0
35286991,AG2,Rising Stars,QUEUE,579,2025-07-01,428,2817,384,3201,6.582,0.12,80.8,75.0,LOW,2.16,10.5,0.0,0.0
39587455,AG2,Rising Stars,QUEUE,580,2026-01-24,221,1641,262,1903,7.425,0.138,81.0,74.3,LOW,2.16,10.5,0.0,0.0
39587662,AG2,Rising Stars,QUEUE,581,2026-01-23,222,1708,303,2011,7.694,0.151,81.7,74.3,LOW,2.16,10.5,0.0,0.0
39258896,AG2,Rising Stars,QUEUE,582,2026-01-09,236,2327,689,3016,9.86,0.228,86.0,74.2,LOW,2.16,10.5,0.0,0.0
39587477,AG2,Rising Stars,QUEUE,583,2026-01-23,222,1943,473,2416,8.752,0.196,83.8,74.0,LOW,2.16,10.5,0.0,0.0
36805007,AG2,Rising Stars,QUEUE,584,2025-09-06,361,2413,941,3354,6.684,0.281,84.1,69.9,LOW,2.16,10.5,0.0,0.0
34949724,AG2,Rising Stars,QUEUE,585,2025-06-16,443,3184,1119,4303,7.187,0.26,82.0,69.2,LOW,2.16,10.5,0.0,0.0
36804982,AG2,Rising Stars,QUEUE,586,2025-09-06,361,3232,1932,5164,8.953,0.374,87.9,68.2,LOW,2.16,10.5,0.0,0.0
36805005,AG2,Rising Stars,QUEUE,587,2025-09-06,361,2758,1529,4287,7.64,0.357,86.1,67.7,LOW,2.16,10.5,0.0,0.0
33850490,AG2,Rising Stars,QUEUE,588,2025-04-29,491,2903,1171,4074,5.912,0.287,80.2,66.4,LOW,2.16,10.5,0.0,0.0
41097594,AG2,Rising Stars,QUEUE,589,2026-04-02,153,1446,1607,3053,9.451,0.526,87.0,59.5,LOW,2.16,10.5,0.0,0.0
38146590,AG2,Rising Stars,QUEUE,590,2025-11-21,285,1690,1386,3076,5.93,0.451,79.8,58.2,LOW,2.16,10.5,0.0,0.0
36804989,AG2,Rising Stars,QUEUE,591,2025-09-06,361,1698,1894,3592,4.704,0.527,78.1,53.4,LOW,2.16,10.5,0.0,0.0
41867263,AG3,New Launch Incubator,ACTIVE,1,2026-05-05,120,861,0,861,7.175,0.0,77.9,77.9,LOW,2.73,6.0,102.0,3.4
43008750,AG3,New Launch Incubator,ACTIVE,2,2026-06-12,82,772,0,772,9.415,0.0,77.8,77.8,LOW,2.73,6.0,102.0,3.4
43008798,AG3,New Launch Incubator,ACTIVE,3,2026-06-12,82,764,0,764,9.317,0.0,77.6,77.6,LOW,2.73,6.0,101.0,3.4
43008842,AG3,New Launch Incubator,ACTIVE,4,2026-06-12,82,763,0,763,9.305,0.0,77.5,77.5,LOW,2.73,6.0,101.0,3.4
42697846,AG3,New Launch Incubator,ACTIVE,5,2026-05-30,95,783,0,783,8.242,0.0,77.4,77.4,LOW,2.73,6.0,101.0,3.4
43008816,AG3,New Launch Incubator,ACTIVE,6,2026-06-12,82,747,0,747,9.11,0.0,77.1,77.1,LOW,2.73,6.0,101.0,3.4
43008845,AG3,New Launch Incubator,ACTIVE,7,2026-06-12,82,749,0,749,9.134,0.0,77.1,77.1,LOW,2.73,6.0,101.0,3.4
43009037,AG3,New Launch Incubator,ACTIVE,8,2026-06-12,82,744,0,744,9.073,0.0,77.0,77.0,LOW,2.73,6.0,101.0,3.4
42697847,AG3,New Launch Incubator,ACTIVE,9,2026-05-30,95,772,0,772,8.126,0.0,77.0,77.0,LOW,2.73,6.0,101.0,3.4
43008822,AG3,New Launch Incubator,ACTIVE,10,2026-06-12,82,743,0,743,9.061,0.0,76.9,76.9,LOW,2.73,6.0,101.0,3.4
43008854,AG3,New Launch Incubator,ACTIVE,11,2026-06-12,82,741,0,741,9.037,0.0,76.8,76.8,LOW,2.73,6.0,100.0,3.3
42145148,AG3,New Launch Incubator,ACTIVE,12,2026-05-14,111,799,0,799,7.198,0.0,76.8,76.8,LOW,2.73,6.0,100.0,3.3
43008791,AG3,New Launch Incubator,ACTIVE,13,2026-06-12,82,735,0,735,8.963,0.0,76.6,76.6,LOW,2.73,6.0,100.0,3.3
43008718,AG3,New Launch Incubator,ACTIVE,14,2026-06-12,82,729,0,729,8.89,0.0,76.5,76.5,LOW,2.73,6.0,100.0,3.3
43008824,AG3,New Launch Incubator,ACTIVE,15,2026-06-12,82,726,0,726,8.854,0.0,76.4,76.4,LOW,2.73,6.0,100.0,3.3
43008817,AG3,New Launch Incubator,ACTIVE,16,2026-06-12,82,720,0,720,8.78,0.0,76.2,76.2,LOW,2.73,6.0,100.0,3.3
43008834,AG3,New Launch Incubator,ACTIVE,17,2026-06-12,82,719,0,719,8.768,0.0,76.1,76.1,LOW,2.73,6.0,99.0,3.3
43009025,AG3,New Launch Incubator,ACTIVE,18,2026-06-12,82,709,0,709,8.646,0.0,75.9,75.9,LOW,2.73,6.0,99.0,3.3
43008811,AG3,New Launch Incubator,ACTIVE,19,2026-06-12,82,701,0,701,8.549,0.0,75.7,75.7,LOW,2.73,6.0,99.0,3.3
43008855,AG3,New Launch Incubator,ACTIVE,20,2026-06-12,82,698,0,698,8.512,0.0,75.5,75.5,LOW,2.73,6.0,99.0,3.3
43008738,AG3,New Launch Incubator,ACTIVE,21,2026-06-12,82,695,0,695,8.476,0.0,75.4,75.4,LOW,2.73,6.0,99.0,3.3
43008746,AG3,New Launch Incubator,ACTIVE,22,2026-06-12,82,695,0,695,8.476,0.0,75.4,75.4,LOW,2.73,6.0,99.0,3.3
43008760,AG3,New Launch Incubator,ACTIVE,23,2026-06-12,82,694,0,694,8.463,0.0,75.3,75.3,LOW,2.73,6.0,98.0,3.3
41867253,AG3,New Launch Incubator,ACTIVE,24,2026-05-05,120,764,0,764,6.367,0.0,75.3,75.3,LOW,2.73,6.0,98.0,3.3
43008748,AG3,New Launch Incubator,ACTIVE,25,2026-06-12,82,689,0,689,8.402,0.0,75.2,75.2,LOW,2.73,6.0,98.0,3.3
43008820,AG3,New Launch Incubator,QUEUE,26,2026-06-12,82,682,0,682,8.317,0.0,75.0,75.0,LOW,2.73,6.0,0.0,0.0
43008809,AG3,New Launch Incubator,QUEUE,27,2026-06-12,82,674,0,674,8.22,0.0,74.7,74.7,LOW,2.73,6.0,0.0,0.0
43008833,AG3,New Launch Incubator,QUEUE,28,2026-06-12,82,674,0,674,8.22,0.0,74.7,74.7,LOW,2.73,6.0,0.0,0.0
43008744,AG3,New Launch Incubator,QUEUE,29,2026-06-12,82,668,0,668,8.146,0.0,74.5,74.5,LOW,2.73,6.0,0.0,0.0
41867205,AG3,New Launch Incubator,QUEUE,30,2026-05-05,120,740,0,740,6.167,0.0,74.5,74.5,LOW,2.73,6.0,0.0,0.0
43008799,AG3,New Launch Incubator,QUEUE,31,2026-06-12,82,664,0,664,8.098,0.0,74.4,74.4,LOW,2.73,6.0,0.0,0.0
43008837,AG3,New Launch Incubator,QUEUE,32,2026-06-12,82,664,0,664,8.098,0.0,74.4,74.4,LOW,2.73,6.0,0.0,0.0
41867257,AG3,New Launch Incubator,QUEUE,33,2026-05-05,120,738,0,738,6.15,0.0,74.4,74.4,LOW,2.73,6.0,0.0,0.0
43008801,AG3,New Launch Incubator,QUEUE,34,2026-06-12,82,663,0,663,8.085,0.0,74.3,74.3,LOW,2.73,6.0,0.0,0.0
43008828,AG3,New Launch Incubator,QUEUE,35,2026-06-12,82,663,0,663,8.085,0.0,74.3,74.3,LOW,2.73,6.0,0.0,0.0
43008836,AG3,New Launch Incubator,QUEUE,36,2026-06-12,82,660,0,660,8.049,0.0,74.2,74.2,LOW,2.73,6.0,0.0,0.0
42145137,AG3,New Launch Incubator,QUEUE,37,2026-05-14,111,699,0,699,6.297,0.0,73.7,73.7,LOW,2.73,6.0,0.0,0.0
43008846,AG3,New Launch Incubator,QUEUE,38,2026-06-12,82,632,0,632,7.707,0.0,73.3,73.3,LOW,2.73,6.0,0.0,0.0
43008956,AG3,New Launch Incubator,QUEUE,39,2026-06-12,82,634,0,634,7.732,0.0,73.3,73.3,LOW,2.73,6.0,0.0,0.0
41867255,AG3,New Launch Incubator,QUEUE,40,2026-05-05,120,702,0,702,5.85,0.0,73.2,73.2,LOW,2.73,6.0,0.0,0.0
41867171,AG3,New Launch Incubator,QUEUE,41,2026-05-05,120,699,0,699,5.825,0.0,73.1,73.1,LOW,2.73,6.0,0.0,0.0
43008812,AG3,New Launch Incubator,QUEUE,42,2026-06-12,82,625,0,625,7.622,0.0,73.0,73.0,LOW,2.73,6.0,0.0,0.0
43008741,AG3,New Launch Incubator,QUEUE,43,2026-06-12,82,620,0,620,7.561,0.0,72.8,72.8,LOW,2.73,6.0,0.0,0.0
43008963,AG3,New Launch Incubator,QUEUE,44,2026-06-12,82,620,0,620,7.561,0.0,72.8,72.8,LOW,2.73,6.0,0.0,0.0
43008819,AG3,New Launch Incubator,QUEUE,45,2026-06-12,82,616,0,616,7.512,0.0,72.7,72.7,LOW,2.73,6.0,0.0,0.0
43008835,AG3,New Launch Incubator,QUEUE,46,2026-06-12,82,616,0,616,7.512,0.0,72.7,72.7,LOW,2.73,6.0,0.0,0.0
42697800,AG3,New Launch Incubator,QUEUE,47,2026-05-30,95,638,0,638,6.716,0.0,72.6,72.6,LOW,2.73,6.0,0.0,0.0
43008706,AG3,New Launch Incubator,QUEUE,48,2026-06-12,82,608,0,608,7.415,0.0,72.5,72.5,LOW,2.73,6.0,0.0,0.0
41867251,AG3,New Launch Incubator,QUEUE,49,2026-05-05,120,686,0,686,5.717,0.0,72.5,72.5,LOW,2.73,6.0,0.0,0.0
43008733,AG3,New Launch Incubator,QUEUE,50,2026-06-12,82,606,0,606,7.39,0.0,72.4,72.4,LOW,2.73,6.0,0.0,0.0
43008707,AG3,New Launch Incubator,QUEUE,51,2026-06-12,82,601,0,601,7.329,0.0,72.2,72.2,LOW,2.73,6.0,0.0,0.0
41867252,AG3,New Launch Incubator,QUEUE,52,2026-05-05,120,680,0,680,5.667,0.0,72.2,72.2,LOW,2.73,6.0,0.0,0.0
43008709,AG3,New Launch Incubator,QUEUE,53,2026-06-12,82,590,0,590,7.195,0.0,71.8,71.8,LOW,2.73,6.0,0.0,0.0
43008737,AG3,New Launch Incubator,QUEUE,54,2026-06-12,82,590,0,590,7.195,0.0,71.8,71.8,LOW,2.73,6.0,0.0,0.0
43008969,AG3,New Launch Incubator,QUEUE,55,2026-06-12,82,590,0,590,7.195,0.0,71.8,71.8,LOW,2.73,6.0,0.0,0.0
43008840,AG3,New Launch Incubator,QUEUE,56,2026-06-12,82,585,0,585,7.134,0.0,71.6,71.6,LOW,2.73,6.0,0.0,0.0
43008823,AG3,New Launch Incubator,QUEUE,57,2026-06-12,82,586,0,586,7.146,0.0,71.6,71.6,LOW,2.73,6.0,0.0,0.0
43008958,AG3,New Launch Incubator,QUEUE,58,2026-06-12,82,582,0,582,7.098,0.0,71.4,71.4,LOW,2.73,6.0,0.0,0.0
43008784,AG3,New Launch Incubator,QUEUE,59,2026-06-12,82,578,0,578,7.049,0.0,71.3,71.3,LOW,2.73,6.0,0.0,0.0
43009027,AG3,New Launch Incubator,QUEUE,60,2026-06-12,82,575,0,575,7.012,0.0,71.2,71.2,LOW,2.73,6.0,0.0,0.0
43008773,AG3,New Launch Incubator,QUEUE,61,2026-06-12,82,568,0,568,6.927,0.0,70.9,70.9,LOW,2.73,6.0,0.0,0.0
41867244,AG3,New Launch Incubator,QUEUE,62,2026-05-05,120,643,0,643,5.358,0.0,70.9,70.9,LOW,2.73,6.0,0.0,0.0
43008704,AG3,New Launch Incubator,QUEUE,63,2026-06-12,82,567,0,567,6.915,0.0,70.8,70.8,LOW,2.73,6.0,0.0,0.0
43008739,AG3,New Launch Incubator,QUEUE,64,2026-06-12,82,561,0,561,6.841,0.0,70.6,70.6,LOW,2.73,6.0,0.0,0.0
43008702,AG3,New Launch Incubator,QUEUE,65,2026-06-12,82,552,0,552,6.732,0.0,70.4,70.4,LOW,2.73,6.0,0.0,0.0
43008731,AG3,New Launch Incubator,QUEUE,66,2026-06-12,82,553,0,553,6.744,0.0,70.4,70.4,LOW,2.73,6.0,0.0,0.0
42697848,AG3,New Launch Incubator,QUEUE,67,2026-05-30,95,579,0,579,6.095,0.0,70.4,70.4,LOW,2.73,6.0,0.0,0.0
41867249,AG3,New Launch Incubator,QUEUE,68,2026-05-05,120,623,0,623,5.192,0.0,70.3,70.3,LOW,2.73,6.0,0.0,0.0
43008759,AG3,New Launch Incubator,QUEUE,69,2026-06-12,82,546,0,546,6.659,0.0,70.2,70.2,LOW,2.73,6.0,0.0,0.0
43008788,AG3,New Launch Incubator,QUEUE,70,2026-06-12,82,546,0,546,6.659,0.0,70.2,70.2,LOW,2.73,6.0,0.0,0.0
41867247,AG3,New Launch Incubator,QUEUE,71,2026-05-05,120,618,0,618,5.15,0.0,70.1,70.1,LOW,2.73,6.0,0.0,0.0
43008753,AG3,New Launch Incubator,QUEUE,72,2026-06-12,82,543,0,543,6.622,0.0,70.0,70.0,LOW,2.73,6.0,0.0,0.0
43008794,AG3,New Launch Incubator,QUEUE,73,2026-06-12,82,544,0,544,6.634,0.0,70.0,70.0,LOW,2.73,6.0,0.0,0.0
43008723,AG3,New Launch Incubator,QUEUE,74,2026-06-12,82,539,0,539,6.573,0.0,69.8,69.8,LOW,2.73,6.0,0.0,0.0
43008764,AG3,New Launch Incubator,QUEUE,75,2026-06-12,82,535,0,535,6.524,0.0,69.6,69.6,LOW,2.73,6.0,0.0,0.0
43008713,AG3,New Launch Incubator,QUEUE,76,2026-06-12,82,530,0,530,6.463,0.0,69.4,69.4,LOW,2.73,6.0,0.0,0.0
43008755,AG3,New Launch Incubator,QUEUE,77,2026-06-12,82,524,0,524,6.39,0.0,69.2,69.2,LOW,2.73,6.0,0.0,0.0
43008797,AG3,New Launch Incubator,QUEUE,78,2026-06-12,82,517,0,517,6.305,0.0,68.9,68.9,LOW,2.73,6.0,0.0,0.0
43008712,AG3,New Launch Incubator,QUEUE,79,2026-06-12,82,500,0,500,6.098,0.0,68.2,68.2,LOW,2.73,6.0,0.0,0.0
43008735,AG3,New Launch Incubator,QUEUE,80,2026-06-12,82,500,0,500,6.098,0.0,68.2,68.2,LOW,2.73,6.0,0.0,0.0
43008762,AG3,New Launch Incubator,QUEUE,81,2026-06-12,82,490,0,490,5.976,0.0,67.8,67.8,LOW,2.73,6.0,0.0,0.0
41867199,AG3,New Launch Incubator,QUEUE,82,2026-05-05,120,551,0,551,4.592,0.0,67.5,67.5,LOW,2.73,6.0,0.0,0.0
43008831,AG3,New Launch Incubator,QUEUE,83,2026-06-12,82,482,0,482,5.878,0.0,67.3,67.3,LOW,2.73,6.0,0.0,0.0
42145125,AG3,New Launch Incubator,QUEUE,84,2026-05-14,111,532,0,532,4.793,0.0,67.2,67.2,HEALTHY,2.73,6.0,0.0,0.0
43008815,AG3,New Launch Incubator,QUEUE,85,2026-06-12,82,477,0,477,5.817,0.0,67.1,67.1,LOW,2.73,6.0,0.0,0.0
43008844,AG3,New Launch Incubator,QUEUE,86,2026-06-12,82,475,0,475,5.793,0.0,66.9,66.9,LOW,2.73,6.0,0.0,0.0
43008769,AG3,New Launch Incubator,QUEUE,87,2026-06-12,82,474,0,474,5.78,0.0,66.8,66.8,LOW,2.73,6.0,0.0,0.0
43008756,AG3,New Launch Incubator,QUEUE,88,2026-06-12,82,448,0,448,5.463,0.0,65.8,65.8,LOW,2.73,6.0,0.0,0.0
41867204,AG3,New Launch Incubator,QUEUE,89,2026-05-05,120,508,0,508,4.233,0.0,65.7,65.7,LOW,2.73,6.0,0.0,0.0
43008745,AG3,New Launch Incubator,QUEUE,90,2026-06-12,82,445,0,445,5.427,0.0,65.6,65.6,LOW,2.73,6.0,0.0,0.0
43008749,AG3,New Launch Incubator,QUEUE,91,2026-06-12,82,441,0,441,5.378,0.0,65.5,65.5,LOW,2.73,6.0,0.0,0.0
41867194,AG3,New Launch Incubator,QUEUE,92,2026-05-05,120,503,0,503,4.192,0.0,65.5,65.5,LOW,2.73,6.0,0.0,0.0
43008736,AG3,New Launch Incubator,QUEUE,93,2026-06-12,82,435,0,435,5.305,0.0,65.2,65.2,LOW,2.73,6.0,0.0,0.0
43008974,AG3,New Launch Incubator,QUEUE,94,2026-06-12,82,433,0,433,5.28,0.0,65.1,65.1,LOW,2.73,6.0,0.0,0.0
43008796,AG3,New Launch Incubator,QUEUE,95,2026-06-12,82,422,0,422,5.146,0.0,64.6,64.6,LOW,2.73,6.0,0.0,0.0
45495057,AG3,New Launch Incubator,QUEUE,96,2026-08-21,12,357,0,357,29.75,0.0,64.5,64.5,LOW,2.73,6.0,0.0,0.0
41867238,AG3,New Launch Incubator,QUEUE,97,2026-05-05,120,481,0,481,4.008,0.0,64.5,64.5,LOW,2.73,6.0,0.0,0.0
43008959,AG3,New Launch Incubator,QUEUE,98,2026-06-12,82,418,0,418,5.098,0.0,64.4,64.4,LOW,2.73,6.0,0.0,0.0
41867202,AG3,New Launch Incubator,QUEUE,99,2026-05-05,120,476,0,476,3.967,0.0,64.2,64.2,LOW,2.73,6.0,0.0,0.0
41867172,AG3,New Launch Incubator,QUEUE,100,2026-05-05,120,468,0,468,3.9,0.0,63.9,63.9,LOW,2.73,6.0,0.0,0.0
41867196,AG3,New Launch Incubator,QUEUE,101,2026-05-05,120,449,0,449,3.742,0.0,63.2,63.2,LOW,2.73,6.0,0.0,0.0
43008804,AG3,New Launch Incubator,QUEUE,102,2026-06-12,82,388,0,388,4.732,0.0,63.1,63.1,LOW,2.73,6.0,0.0,0.0
41867180,AG3,New Launch Incubator,QUEUE,103,2026-05-05,120,447,0,447,3.725,0.0,63.1,63.1,LOW,2.73,6.0,0.0,0.0
43008763,AG3,New Launch Incubator,QUEUE,104,2026-06-12,82,386,0,386,4.707,0.0,63.0,63.0,LOW,2.73,6.0,0.0,0.0
43008734,AG3,New Launch Incubator,QUEUE,105,2026-06-12,82,384,0,384,4.683,0.0,62.9,62.9,LOW,2.73,6.0,0.0,0.0
43008972,AG3,New Launch Incubator,QUEUE,106,2026-06-12,82,379,0,379,4.622,0.0,62.5,62.5,LOW,2.73,6.0,0.0,0.0
41867195,AG3,New Launch Incubator,QUEUE,107,2026-05-05,120,433,0,433,3.608,0.0,62.4,62.4,LOW,2.73,6.0,0.0,0.0
41867185,AG3,New Launch Incubator,QUEUE,108,2026-05-05,120,423,0,423,3.525,0.0,62.0,62.0,LOW,2.73,6.0,0.0,0.0
43008792,AG3,New Launch Incubator,QUEUE,109,2026-06-12,82,367,0,367,4.476,0.0,61.8,61.8,LOW,2.73,6.0,0.0,0.0
43008832,AG3,New Launch Incubator,QUEUE,110,2026-06-12,82,350,0,350,4.268,0.0,60.9,60.9,LOW,2.73,6.0,0.0,0.0
43008767,AG3,New Launch Incubator,QUEUE,111,2026-06-12,82,340,0,340,4.146,0.0,60.2,60.2,LOW,2.73,6.0,0.0,0.0
43008722,AG3,New Launch Incubator,QUEUE,112,2026-06-12,82,338,0,338,4.122,0.0,60.0,60.0,LOW,2.73,6.0,0.0,0.0
41867177,AG3,New Launch Incubator,QUEUE,113,2026-05-05,120,384,0,384,3.2,0.0,60.0,60.0,LOW,2.73,6.0,0.0,0.0
43008857,AG3,New Launch Incubator,QUEUE,114,2026-06-12,82,337,0,337,4.11,0.0,59.9,59.9,LOW,2.73,6.0,0.0,0.0
43008765,AG3,New Launch Incubator,QUEUE,115,2026-06-12,82,326,0,326,3.976,0.0,59.4,59.4,LOW,2.73,6.0,0.0,0.0
41867168,AG3,New Launch Incubator,QUEUE,116,2026-05-05,120,372,0,372,3.1,0.0,59.3,59.3,LOW,2.73,6.0,0.0,0.0
41867260,AG3,New Launch Incubator,QUEUE,117,2026-05-05,120,371,0,371,3.092,0.0,59.2,59.2,LOW,2.73,6.0,0.0,0.0
43008757,AG3,New Launch Incubator,QUEUE,118,2026-06-12,82,311,0,311,3.793,0.0,58.7,58.7,LOW,2.73,6.0,0.0,0.0
41867181,AG3,New Launch Incubator,QUEUE,119,2026-05-05,120,346,0,346,2.883,0.0,57.8,57.8,LOW,2.73,6.0,0.0,0.0
41867178,AG3,New Launch Incubator,QUEUE,120,2026-05-05,120,347,0,347,2.892,0.0,57.8,57.8,LOW,2.73,6.0,0.0,0.0
43008725,AG3,New Launch Incubator,QUEUE,121,2026-06-12,82,271,0,271,3.305,0.0,55.8,55.8,LOW,2.73,6.0,0.0,0.0
45495066,AG3,New Launch Incubator,QUEUE,122,2026-08-21,12,198,0,198,16.5,0.0,55.4,55.4,LOW,2.73,6.0,0.0,0.0
43008768,AG3,New Launch Incubator,QUEUE,123,2026-06-12,82,264,0,264,3.22,0.0,55.2,55.2,LOW,2.73,6.0,0.0,0.0
43008754,AG3,New Launch Incubator,QUEUE,124,2026-06-12,82,258,0,258,3.146,0.0,54.6,54.6,LOW,2.73,6.0,0.0,0.0
43008971,AG3,New Launch Incubator,QUEUE,125,2026-06-12,82,254,0,254,3.098,0.0,54.3,54.3,LOW,2.73,6.0,0.0,0.0
43009024,AG3,New Launch Incubator,QUEUE,126,2026-06-12,82,228,0,228,2.78,0.0,51.7,51.7,LOW,2.73,6.0,0.0,0.0
42697799,AG3,New Launch Incubator,QUEUE,127,2026-05-30,95,709,1983,2692,7.463,0.737,75.0,41.9,LOW,2.73,6.0,0.0,0.0
39047686,AG4,Steady Volume,ACTIVE,1,2025-12-30,246,1436,0,1436,5.837,0.0,77.9,77.9,LOW,2.28,8.0,85.0,2.8
36253985,AG4,Steady Volume,ACTIVE,2,2025-08-06,392,2247,0,2247,5.732,0.0,77.9,77.9,LOW,2.28,8.0,84.0,2.8
35898456,AG4,Steady Volume,ACTIVE,3,2025-07-24,405,2295,0,2295,5.667,0.0,77.9,77.9,LOW,2.28,8.0,84.0,2.8
35843669,AG4,Steady Volume,ACTIVE,4,2025-07-21,408,2302,0,2302,5.642,0.0,77.9,77.9,LOW,2.28,8.0,84.0,2.8
35843508,AG4,Steady Volume,ACTIVE,5,2025-07-20,409,2306,0,2306,5.638,0.0,77.9,77.9,LOW,2.28,8.0,84.0,2.8
35706214,AG4,Steady Volume,ACTIVE,6,2025-07-16,413,2312,0,2312,5.598,0.0,77.9,77.9,LOW,2.28,8.0,84.0,2.8
35287177,AG4,Steady Volume,ACTIVE,7,2025-07-01,428,2346,0,2346,5.481,0.0,77.9,77.9,LOW,2.28,8.0,84.0,2.8
35287280,AG4,Steady Volume,ACTIVE,8,2025-07-01,428,2353,0,2353,5.498,0.0,77.9,77.9,LOW,2.28,8.0,84.0,2.8
35087463,AG4,Steady Volume,ACTIVE,9,2025-06-23,436,2379,0,2379,5.456,0.0,77.9,77.9,LOW,2.28,8.0,84.0,2.8
39749608,AG4,Steady Volume,ACTIVE,10,2026-01-31,214,1340,0,1340,6.262,0.0,77.8,77.8,LOW,2.28,8.0,83.0,2.8
36495789,AG4,Steady Volume,ACTIVE,11,2025-08-22,376,2192,0,2192,5.83,0.0,77.8,77.8,LOW,2.28,8.0,83.0,2.8
35843808,AG4,Steady Volume,ACTIVE,12,2025-07-21,408,2289,0,2289,5.61,0.0,77.8,77.8,LOW,2.28,8.0,83.0,2.8
35482276,AG4,Steady Volume,ACTIVE,13,2025-07-09,420,2310,0,2310,5.5,0.0,77.8,77.8,LOW,2.28,8.0,83.0,2.8
41345525,AG4,Steady Volume,ACTIVE,14,2026-04-13,142,899,0,899,6.331,0.0,77.7,77.7,LOW,2.28,8.0,83.0,2.8
35843573,AG4,Steady Volume,ACTIVE,15,2025-07-21,408,2264,0,2264,5.549,0.0,77.7,77.7,LOW,2.28,8.0,83.0,2.8
33855669,AG4,Steady Volume,ACTIVE,16,2025-04-29,491,2453,0,2453,4.996,0.0,77.7,77.7,LOW,2.28,8.0,83.0,2.8
39749638,AG4,Steady Volume,ACTIVE,17,2026-01-31,214,1325,0,1325,6.192,0.0,77.6,77.6,LOW,2.28,8.0,83.0,2.8
39592487,AG4,Steady Volume,ACTIVE,18,2026-01-23,222,1350,0,1350,6.081,0.0,77.6,77.6,LOW,2.28,8.0,83.0,2.8
39047678,AG4,Steady Volume,ACTIVE,19,2025-12-30,246,1422,0,1422,5.78,0.0,77.6,77.6,LOW,2.28,8.0,83.0,2.8
36805025,AG4,Steady Volume,ACTIVE,20,2025-09-06,361,1650,0,1650,4.571,0.0,77.6,77.6,LOW,2.28,8.0,83.0,2.8
35482222,AG4,Steady Volume,ACTIVE,21,2025-07-09,420,2287,0,2287,5.445,0.0,77.6,77.6,LOW,2.28,8.0,83.0,2.8
34846773,AG4,Steady Volume,ACTIVE,22,2025-06-11,448,2339,0,2339,5.221,0.0,77.6,77.6,LOW,2.28,8.0,83.0,2.8
34949767,AG4,Steady Volume,ACTIVE,23,2025-06-16,443,2345,0,2345,5.293,0.0,77.6,77.6,LOW,2.28,8.0,83.0,2.8
41097596,AG4,Steady Volume,ACTIVE,24,2026-04-02,153,917,0,917,5.993,0.0,77.5,77.5,LOW,2.28,8.0,83.0,2.8
39749675,AG4,Steady Volume,ACTIVE,25,2026-01-31,214,1321,0,1321,6.173,0.0,77.5,77.5,LOW,2.28,8.0,83.0,2.8
38142880,AG4,Steady Volume,ACTIVE,26,2025-11-21,285,1479,0,1479,5.189,0.0,77.5,77.5,LOW,2.28,8.0,83.0,2.8
35898457,AG4,Steady Volume,ACTIVE,27,2025-07-23,406,2234,0,2234,5.502,0.0,77.5,77.5,LOW,2.28,8.0,83.0,2.8
35843627,AG4,Steady Volume,ACTIVE,28,2025-07-21,408,2243,0,2243,5.498,0.0,77.5,77.5,LOW,2.28,8.0,83.0,2.8
34792277,AG4,Steady Volume,ACTIVE,29,2025-06-06,453,2337,0,2337,5.159,0.0,77.5,77.5,LOW,2.28,8.0,83.0,2.8
35843659,AG4,Steady Volume,ACTIVE,30,2025-07-20,409,2227,0,2227,5.445,0.0,77.4,77.4,LOW,2.28,8.0,83.0,2.8
36253933,AG4,Steady Volume,QUEUE,31,2025-08-06,392,2176,0,2176,5.551,0.0,77.3,77.3,LOW,2.28,8.0,0.0,0.0
35843938,AG4,Steady Volume,QUEUE,32,2025-07-21,408,2218,0,2218,5.436,0.0,77.3,77.3,LOW,2.28,8.0,0.0,0.0
35482298,AG4,Steady Volume,QUEUE,33,2025-07-09,420,2242,0,2242,5.338,0.0,77.3,77.3,LOW,2.28,8.0,0.0,0.0
39827772,AG4,Steady Volume,QUEUE,34,2026-02-04,210,1298,0,1298,6.181,0.0,77.2,77.2,LOW,2.28,8.0,0.0,0.0
39749679,AG4,Steady Volume,QUEUE,35,2026-01-31,214,1306,0,1306,6.103,0.0,77.2,77.2,LOW,2.28,8.0,0.0,0.0
35843898,AG4,Steady Volume,QUEUE,36,2025-07-21,408,2192,0,2192,5.373,0.0,77.2,77.2,LOW,2.28,8.0,0.0,0.0
41096517,AG4,Steady Volume,QUEUE,37,2026-04-02,153,899,0,899,5.876,0.0,77.1,77.1,LOW,2.28,8.0,0.0,0.0
39749677,AG4,Steady Volume,QUEUE,38,2026-01-31,214,1304,0,1304,6.093,0.0,77.1,77.1,LOW,2.28,8.0,0.0,0.0
35898463,AG4,Steady Volume,QUEUE,39,2025-07-23,406,2179,0,2179,5.367,0.0,77.1,77.1,LOW,2.28,8.0,0.0,0.0
39827762,AG4,Steady Volume,QUEUE,40,2026-02-04,210,1290,0,1290,6.143,0.0,77.0,77.0,LOW,2.28,8.0,0.0,0.0
39587546,AG4,Steady Volume,QUEUE,41,2026-01-23,222,1311,0,1311,5.905,0.0,77.0,77.0,LOW,2.28,8.0,0.0,0.0
35706159,AG4,Steady Volume,QUEUE,42,2025-07-16,413,2157,0,2157,5.223,0.0,76.9,76.9,LOW,2.28,8.0,0.0,0.0
34837973,AG4,Steady Volume,QUEUE,43,2025-06-10,449,2246,0,2246,5.002,0.0,76.9,76.9,LOW,2.28,8.0,0.0,0.0
34704184,AG4,Steady Volume,QUEUE,44,2025-06-03,456,2253,0,2253,4.941,0.0,76.9,76.9,LOW,2.28,8.0,0.0,0.0
36805009,AG4,Steady Volume,QUEUE,45,2025-09-06,361,1571,0,1571,4.352,0.0,76.8,76.8,LOW,2.28,8.0,0.0,0.0
36253980,AG4,Steady Volume,QUEUE,46,2025-08-06,392,2115,0,2115,5.395,0.0,76.8,76.8,LOW,2.28,8.0,0.0,0.0
35287879,AG4,Steady Volume,QUEUE,47,2025-07-01,428,2180,0,2180,5.093,0.0,76.8,76.8,LOW,2.28,8.0,0.0,0.0
41096521,AG4,Steady Volume,QUEUE,48,2026-04-02,153,885,0,885,5.784,0.0,76.7,76.7,LOW,2.28,8.0,0.0,0.0
39749698,AG4,Steady Volume,QUEUE,49,2026-01-31,214,1281,0,1281,5.986,0.0,76.7,76.7,LOW,2.28,8.0,0.0,0.0
35843250,AG4,Steady Volume,QUEUE,50,2025-07-21,408,2131,0,2131,5.223,0.0,76.7,76.7,LOW,2.28,8.0,0.0,0.0
35706612,AG4,Steady Volume,QUEUE,51,2025-07-16,413,2133,0,2133,5.165,0.0,76.7,76.7,LOW,2.28,8.0,0.0,0.0
35287340,AG4,Steady Volume,QUEUE,52,2025-07-01,428,2158,0,2158,5.042,0.0,76.7,76.7,LOW,2.28,8.0,0.0,0.0
34469757,AG4,Steady Volume,QUEUE,53,2025-05-27,463,2246,0,2246,4.851,0.0,76.7,76.7,LOW,2.28,8.0,0.0,0.0
41802162,AG4,Steady Volume,QUEUE,54,2026-05-02,123,816,0,816,6.634,0.0,76.6,76.6,LOW,2.28,8.0,0.0,0.0
41345522,AG4,Steady Volume,QUEUE,55,2026-04-13,142,851,0,851,5.993,0.0,76.6,76.6,LOW,2.28,8.0,0.0,0.0
35844007,AG4,Steady Volume,QUEUE,56,2025-07-21,408,2116,0,2116,5.186,0.0,76.6,76.6,LOW,2.28,8.0,0.0,0.0
35481603,AG4,Steady Volume,QUEUE,57,2025-07-08,421,2137,0,2137,5.076,0.0,76.6,76.6,LOW,2.28,8.0,0.0,0.0
35287893,AG4,Steady Volume,QUEUE,58,2025-07-01,428,2147,0,2147,5.016,0.0,76.6,76.6,LOW,2.28,8.0,0.0,0.0
35287005,AG4,Steady Volume,QUEUE,59,2025-07-01,428,2148,0,2148,5.019,0.0,76.6,76.6,LOW,2.28,8.0,0.0,0.0
35287419,AG4,Steady Volume,QUEUE,60,2025-07-01,428,2156,0,2156,5.037,0.0,76.6,76.6,LOW,2.28,8.0,0.0,0.0
33855685,AG4,Steady Volume,QUEUE,61,2025-04-30,490,2294,0,2294,4.682,0.0,76.6,76.6,LOW,2.28,8.0,0.0,0.0
41345510,AG4,Steady Volume,QUEUE,62,2026-04-13,142,845,0,845,5.951,0.0,76.5,76.5,LOW,2.28,8.0,0.0,0.0
39587476,AG4,Steady Volume,QUEUE,63,2026-01-23,222,1286,0,1286,5.793,0.0,76.5,76.5,LOW,2.28,8.0,0.0,0.0
36253971,AG4,Steady Volume,QUEUE,64,2025-08-06,392,2070,0,2070,5.281,0.0,76.5,76.5,LOW,2.28,8.0,0.0,0.0
35843909,AG4,Steady Volume,QUEUE,65,2025-07-21,408,2095,0,2095,5.135,0.0,76.5,76.5,LOW,2.28,8.0,0.0,0.0
35334460,AG4,Steady Volume,QUEUE,66,2025-07-04,425,2134,0,2134,5.021,0.0,76.5,76.5,LOW,2.28,8.0,0.0,0.0
35287127,AG4,Steady Volume,QUEUE,67,2025-07-01,428,2143,0,2143,5.007,0.0,76.5,76.5,LOW,2.28,8.0,0.0,0.0
36253969,AG4,Steady Volume,QUEUE,68,2025-08-06,392,2057,0,2057,5.247,0.0,76.4,76.4,LOW,2.28,8.0,0.0,0.0
35706177,AG4,Steady Volume,QUEUE,69,2025-07-16,413,2091,0,2091,5.063,0.0,76.4,76.4,LOW,2.28,8.0,0.0,0.0
35706647,AG4,Steady Volume,QUEUE,70,2025-07-16,413,2095,0,2095,5.073,0.0,76.4,76.4,LOW,2.28,8.0,0.0,0.0
34949921,AG4,Steady Volume,QUEUE,71,2025-06-16,443,2158,0,2158,4.871,0.0,76.4,76.4,LOW,2.28,8.0,0.0,0.0
34630345,AG4,Steady Volume,QUEUE,72,2025-05-31,459,2210,0,2210,4.815,0.0,76.4,76.4,LOW,2.28,8.0,0.0,0.0
34630490,AG4,Steady Volume,QUEUE,73,2025-05-31,459,2213,0,2213,4.821,0.0,76.4,76.4,LOW,2.28,8.0,0.0,0.0
34630423,AG4,Steady Volume,QUEUE,74,2025-05-31,459,2216,0,2216,4.828,0.0,76.4,76.4,LOW,2.28,8.0,0.0,0.0
35706374,AG4,Steady Volume,QUEUE,75,2025-07-16,413,2082,0,2082,5.041,0.0,76.3,76.3,LOW,2.28,8.0,0.0,0.0
35286979,AG4,Steady Volume,QUEUE,76,2025-07-01,428,2124,0,2124,4.963,0.0,76.3,76.3,LOW,2.28,8.0,0.0,0.0
35087883,AG4,Steady Volume,QUEUE,77,2025-06-23,436,2145,0,2145,4.92,0.0,76.3,76.3,LOW,2.28,8.0,0.0,0.0
34949418,AG4,Steady Volume,QUEUE,78,2025-06-16,443,2150,0,2150,4.853,0.0,76.3,76.3,LOW,2.28,8.0,0.0,0.0
39592488,AG4,Steady Volume,QUEUE,79,2026-01-24,221,1276,0,1276,5.774,0.0,76.2,76.2,LOW,2.28,8.0,0.0,0.0
39587481,AG4,Steady Volume,QUEUE,80,2026-01-23,222,1277,0,1277,5.752,0.0,76.2,76.2,LOW,2.28,8.0,0.0,0.0
35844156,AG4,Steady Volume,QUEUE,81,2025-07-21,408,2060,0,2060,5.049,0.0,76.2,76.2,LOW,2.28,8.0,0.0,0.0
35706474,AG4,Steady Volume,QUEUE,82,2025-07-16,413,2072,0,2072,5.017,0.0,76.2,76.2,LOW,2.28,8.0,0.0,0.0
35287510,AG4,Steady Volume,QUEUE,83,2025-07-01,428,2111,0,2111,4.932,0.0,76.2,76.2,LOW,2.28,8.0,0.0,0.0
35287490,AG4,Steady Volume,QUEUE,84,2025-07-01,428,2115,0,2115,4.942,0.0,76.2,76.2,LOW,2.28,8.0,0.0,0.0
34704088,AG4,Steady Volume,QUEUE,85,2025-06-03,456,2163,0,2163,4.743,0.0,76.2,76.2,LOW,2.28,8.0,0.0,0.0
41096501,AG4,Steady Volume,QUEUE,86,2026-04-02,153,861,0,861,5.627,0.0,76.1,76.1,LOW,2.28,8.0,0.0,0.0
33855672,AG4,Steady Volume,QUEUE,87,2025-04-30,490,2220,0,2220,4.531,0.0,76.1,76.1,LOW,2.28,8.0,0.0,0.0
35843451,AG4,Steady Volume,QUEUE,88,2025-07-21,408,2043,0,2043,5.007,0.0,76.0,76.0,LOW,2.28,8.0,0.0,0.0
35706109,AG4,Steady Volume,QUEUE,89,2025-07-16,413,2056,0,2056,4.978,0.0,76.0,76.0,LOW,2.28,8.0,0.0,0.0
35286972,AG4,Steady Volume,QUEUE,90,2025-07-01,428,2082,0,2082,4.864,0.0,76.0,76.0,LOW,2.28,8.0,0.0,0.0
35287146,AG4,Steady Volume,QUEUE,91,2025-07-02,427,2082,0,2082,4.876,0.0,76.0,76.0,LOW,2.28,8.0,0.0,0.0
35898443,AG4,Steady Volume,QUEUE,92,2025-07-23,406,2035,0,2035,5.012,0.0,75.9,75.9,LOW,2.28,8.0,0.0,0.0
35843456,AG4,Steady Volume,QUEUE,93,2025-07-21,408,2039,0,2039,4.998,0.0,75.9,75.9,LOW,2.28,8.0,0.0,0.0
35706507,AG4,Steady Volume,QUEUE,94,2025-07-16,413,2047,0,2047,4.956,0.0,75.9,75.9,LOW,2.28,8.0,0.0,0.0
35843566,AG4,Steady Volume,QUEUE,95,2025-07-21,408,2021,0,2021,4.953,0.0,75.8,75.8,LOW,2.28,8.0,0.0,0.0
35482066,AG4,Steady Volume,QUEUE,96,2025-07-08,421,2055,0,2055,4.881,0.0,75.8,75.8,LOW,2.28,8.0,0.0,0.0
39827758,AG4,Steady Volume,QUEUE,97,2026-02-04,210,1218,0,1218,5.8,0.0,75.7,75.7,LOW,2.28,8.0,0.0,0.0
39047695,AG4,Steady Volume,QUEUE,98,2025-12-30,246,1279,0,1279,5.199,0.0,75.6,75.6,LOW,2.28,8.0,0.0,0.0
38142737,AG4,Steady Volume,QUEUE,99,2025-11-21,285,1339,0,1339,4.698,0.0,75.6,75.6,LOW,2.28,8.0,0.0,0.0
36804956,AG4,Steady Volume,QUEUE,100,2025-09-06,361,1475,0,1475,4.086,0.0,75.6,75.6,LOW,2.28,8.0,0.0,0.0
35706300,AG4,Steady Volume,QUEUE,101,2025-07-16,413,2013,0,2013,4.874,0.0,75.6,75.6,LOW,2.28,8.0,0.0,0.0
35287130,AG4,Steady Volume,QUEUE,102,2025-07-01,428,2037,0,2037,4.759,0.0,75.6,75.6,LOW,2.28,8.0,0.0,0.0
34825580,AG4,Steady Volume,QUEUE,103,2025-06-10,449,2079,0,2079,4.63,0.0,75.6,75.6,LOW,2.28,8.0,0.0,0.0
38142814,AG4,Steady Volume,QUEUE,104,2025-11-21,285,1333,0,1333,4.677,0.0,75.5,75.5,LOW,2.28,8.0,0.0,0.0
35705990,AG4,Steady Volume,QUEUE,105,2025-07-16,413,2006,0,2006,4.857,0.0,75.5,75.5,LOW,2.28,8.0,0.0,0.0
35286954,AG4,Steady Volume,QUEUE,106,2025-07-01,428,2029,0,2029,4.741,0.0,75.5,75.5,LOW,2.28,8.0,0.0,0.0
34801304,AG4,Steady Volume,QUEUE,107,2025-06-07,452,2072,0,2072,4.584,0.0,75.5,75.5,LOW,2.28,8.0,0.0,0.0
33251259,AG4,Steady Volume,QUEUE,108,2025-03-20,531,2226,0,2226,4.192,0.0,75.5,75.5,LOW,2.28,8.0,0.0,0.0
36253979,AG4,Steady Volume,QUEUE,109,2025-08-06,392,1940,0,1940,4.949,0.0,75.4,75.4,LOW,2.28,8.0,0.0,0.0
35288265,AG4,Steady Volume,QUEUE,110,2025-07-01,428,2018,0,2018,4.715,0.0,75.4,75.4,LOW,2.28,8.0,0.0,0.0
39047687,AG4,Steady Volume,QUEUE,111,2025-12-30,246,1259,0,1259,5.118,0.0,75.3,75.3,LOW,2.28,8.0,0.0,0.0
34630437,AG4,Steady Volume,QUEUE,112,2025-05-31,459,2060,0,2060,4.488,0.0,75.3,75.3,LOW,2.28,8.0,0.0,0.0
39878172,AG4,Steady Volume,QUEUE,113,2026-02-05,209,1189,0,1189,5.689,0.0,75.2,75.2,LOW,2.28,8.0,0.0,0.0
36373687,AG4,Steady Volume,QUEUE,114,2025-08-13,385,1906,0,1906,4.951,0.0,75.2,75.2,LOW,2.28,8.0,0.0,0.0
35898428,AG4,Steady Volume,QUEUE,115,2025-07-23,406,1950,0,1950,4.803,0.0,75.2,75.2,LOW,2.28,8.0,0.0,0.0
35287777,AG4,Steady Volume,QUEUE,116,2025-07-01,428,1989,0,1989,4.647,0.0,75.2,75.2,LOW,2.28,8.0,0.0,0.0
35287069,AG4,Steady Volume,QUEUE,117,2025-07-01,428,2004,0,2004,4.682,0.0,75.2,75.2,LOW,2.28,8.0,0.0,0.0
41345514,AG4,Steady Volume,QUEUE,118,2026-04-13,142,805,0,805,5.669,0.0,75.1,75.1,LOW,2.28,8.0,0.0,0.0
36409586,AG4,Steady Volume,QUEUE,119,2025-08-16,382,1885,0,1885,4.935,0.0,75.1,75.1,LOW,2.28,8.0,0.0,0.0
36253978,AG4,Steady Volume,QUEUE,120,2025-08-06,392,1906,0,1906,4.862,0.0,75.1,75.1,LOW,2.28,8.0,0.0,0.0
35287971,AG4,Steady Volume,QUEUE,121,2025-07-01,428,1986,0,1986,4.64,0.0,75.1,75.1,LOW,2.28,8.0,0.0,0.0
36805082,AG4,Steady Volume,QUEUE,122,2025-09-06,361,1428,0,1428,3.956,0.0,75.0,75.0,LOW,2.28,8.0,0.0,0.0
35843614,AG4,Steady Volume,QUEUE,123,2025-07-20,409,1926,0,1926,4.709,0.0,75.0,75.0,LOW,2.28,8.0,0.0,0.0
39587472,AG4,Steady Volume,QUEUE,124,2026-01-23,222,1198,0,1198,5.396,0.0,74.9,74.9,LOW,2.28,8.0,0.0,0.0
39258599,AG4,Steady Volume,QUEUE,125,2026-01-09,236,1222,0,1222,5.178,0.0,74.9,74.9,LOW,2.28,8.0,0.0,0.0
38142926,AG4,Steady Volume,QUEUE,126,2025-11-21,285,1302,0,1302,4.568,0.0,74.9,74.9,LOW,2.28,8.0,0.0,0.0
36495817,AG4,Steady Volume,QUEUE,127,2025-08-22,376,1854,0,1854,4.931,0.0,74.9,74.9,LOW,2.28,8.0,0.0,0.0
36495782,AG4,Steady Volume,QUEUE,128,2025-08-22,376,1856,0,1856,4.936,0.0,74.9,74.9,LOW,2.28,8.0,0.0,0.0
35705859,AG4,Steady Volume,QUEUE,129,2025-07-16,413,1924,0,1924,4.659,0.0,74.9,74.9,LOW,2.28,8.0,0.0,0.0
41345520,AG4,Steady Volume,QUEUE,130,2026-04-13,142,795,0,795,5.599,0.0,74.8,74.8,LOW,2.28,8.0,0.0,0.0
35843963,AG4,Steady Volume,QUEUE,131,2025-07-21,408,1909,0,1909,4.679,0.0,74.8,74.8,LOW,2.28,8.0,0.0,0.0
35706029,AG4,Steady Volume,QUEUE,132,2025-07-16,413,1912,0,1912,4.63,0.0,74.8,74.8,LOW,2.28,8.0,0.0,0.0
34949773,AG4,Steady Volume,QUEUE,133,2025-06-16,443,1983,0,1983,4.476,0.0,74.8,74.8,LOW,2.28,8.0,0.0,0.0
39749655,AG4,Steady Volume,QUEUE,134,2026-01-31,214,1171,0,1171,5.472,0.0,74.7,74.7,LOW,2.28,8.0,0.0,0.0
36495813,AG4,Steady Volume,QUEUE,135,2025-08-22,376,1841,0,1841,4.896,0.0,74.7,74.7,LOW,2.28,8.0,0.0,0.0
35288149,AG4,Steady Volume,QUEUE,136,2025-07-01,428,1934,0,1934,4.519,0.0,74.7,74.7,LOW,2.28,8.0,0.0,0.0
35087386,AG4,Steady Volume,QUEUE,137,2025-06-23,436,1945,0,1945,4.461,0.0,74.7,74.7,LOW,2.28,8.0,0.0,0.0
34825642,AG4,Steady Volume,QUEUE,138,2025-06-10,449,1971,0,1971,4.39,0.0,74.7,74.7,LOW,2.28,8.0,0.0,0.0
35843469,AG4,Steady Volume,QUEUE,139,2025-07-21,408,1879,0,1879,4.605,0.0,74.6,74.6,LOW,2.28,8.0,0.0,0.0
35706348,AG4,Steady Volume,QUEUE,140,2025-07-16,413,1891,0,1891,4.579,0.0,74.6,74.6,LOW,2.28,8.0,0.0,0.0
35482288,AG4,Steady Volume,QUEUE,141,2025-07-08,421,1903,0,1903,4.52,0.0,74.6,74.6,LOW,2.28,8.0,0.0,0.0
35287979,AG4,Steady Volume,QUEUE,142,2025-07-01,428,1924,0,1924,4.495,0.0,74.6,74.6,LOW,2.28,8.0,0.0,0.0
39749640,AG4,Steady Volume,QUEUE,143,2026-01-31,214,1164,0,1164,5.439,0.0,74.5,74.5,LOW,2.28,8.0,0.0,0.0
39047683,AG4,Steady Volume,QUEUE,144,2025-12-30,246,1214,0,1214,4.935,0.0,74.5,74.5,LOW,2.28,8.0,0.0,0.0
36253937,AG4,Steady Volume,QUEUE,145,2025-08-06,392,1842,0,1842,4.699,0.0,74.5,74.5,LOW,2.28,8.0,0.0,0.0
35706717,AG4,Steady Volume,QUEUE,146,2025-07-16,413,1879,0,1879,4.55,0.0,74.5,74.5,LOW,2.28,8.0,0.0,0.0
34949468,AG4,Steady Volume,QUEUE,147,2025-06-16,443,1937,0,1937,4.372,0.0,74.5,74.5,LOW,2.28,8.0,0.0,0.0
36253943,AG4,Steady Volume,QUEUE,148,2025-08-06,392,1837,0,1837,4.686,0.0,74.4,74.4,LOW,2.28,8.0,0.0,0.0
35706211,AG4,Steady Volume,QUEUE,149,2025-07-16,413,1869,0,1869,4.525,0.0,74.4,74.4,LOW,2.28,8.0,0.0,0.0
35287118,AG4,Steady Volume,QUEUE,150,2025-07-01,428,1895,0,1895,4.428,0.0,74.4,74.4,LOW,2.28,8.0,0.0,0.0
35287710,AG4,Steady Volume,QUEUE,151,2025-07-01,428,1899,0,1899,4.437,0.0,74.4,74.4,LOW,2.28,8.0,0.0,0.0
41802155,AG4,Steady Volume,QUEUE,152,2026-05-02,123,740,0,740,6.016,0.0,74.3,74.3,LOW,2.28,8.0,0.0,0.0
39587479,AG4,Steady Volume,QUEUE,153,2026-01-23,222,1163,0,1163,5.239,0.0,74.3,74.3,LOW,2.28,8.0,0.0,0.0
36495827,AG4,Steady Volume,QUEUE,154,2025-08-22,376,1792,0,1792,4.766,0.0,74.3,74.3,LOW,2.28,8.0,0.0,0.0
35898459,AG4,Steady Volume,QUEUE,155,2025-07-23,406,1844,0,1844,4.542,0.0,74.3,74.3,LOW,2.28,8.0,0.0,0.0
35843884,AG4,Steady Volume,QUEUE,156,2025-07-21,408,1849,0,1849,4.532,0.0,74.3,74.3,LOW,2.28,8.0,0.0,0.0
35287181,AG4,Steady Volume,QUEUE,157,2025-07-01,428,1894,0,1894,4.425,0.0,74.3,74.3,LOW,2.28,8.0,0.0,0.0
34949655,AG4,Steady Volume,QUEUE,158,2025-06-16,443,1917,0,1917,4.327,0.0,74.3,74.3,LOW,2.28,8.0,0.0,0.0
34630485,AG4,Steady Volume,QUEUE,159,2025-05-31,459,1943,0,1943,4.233,0.0,74.3,74.3,LOW,2.28,8.0,0.0,0.0
39587670,AG4,Steady Volume,QUEUE,160,2026-01-23,222,1160,0,1160,5.225,0.0,74.2,74.2,LOW,2.28,8.0,0.0,0.0
36804961,AG4,Steady Volume,QUEUE,161,2025-09-06,361,1356,0,1356,3.756,0.0,74.2,74.2,LOW,2.28,8.0,0.0,0.0
36495822,AG4,Steady Volume,QUEUE,162,2025-08-22,376,1776,0,1776,4.723,0.0,74.2,74.2,LOW,2.28,8.0,0.0,0.0
35843921,AG4,Steady Volume,QUEUE,163,2025-07-21,408,1840,0,1840,4.51,0.0,74.2,74.2,LOW,2.28,8.0,0.0,0.0
35481373,AG4,Steady Volume,QUEUE,164,2025-07-08,421,1868,0,1868,4.437,0.0,74.2,74.2,LOW,2.28,8.0,0.0,0.0
39827754,AG4,Steady Volume,QUEUE,165,2026-02-04,210,1141,0,1141,5.433,0.0,74.1,74.1,LOW,2.28,8.0,0.0,0.0
39749646,AG4,Steady Volume,QUEUE,166,2026-01-31,214,1149,0,1149,5.369,0.0,74.1,74.1,LOW,2.28,8.0,0.0,0.0
36975390,AG4,Steady Volume,QUEUE,167,2025-09-18,349,1332,0,1332,3.817,0.0,74.1,74.1,LOW,2.28,8.0,0.0,0.0
35843482,AG4,Steady Volume,QUEUE,168,2025-07-21,408,1833,0,1833,4.493,0.0,74.1,74.1,LOW,2.28,8.0,0.0,0.0
34949476,AG4,Steady Volume,QUEUE,169,2025-06-16,443,1894,0,1894,4.275,0.0,74.1,74.1,LOW,2.28,8.0,0.0,0.0
34703842,AG4,Steady Volume,QUEUE,170,2025-06-03,456,1914,0,1914,4.197,0.0,74.1,74.1,LOW,2.28,8.0,0.0,0.0
41096504,AG4,Steady Volume,QUEUE,171,2026-04-02,153,780,0,780,5.098,0.0,74.0,74.0,LOW,2.28,8.0,0.0,0.0
35705837,AG4,Steady Volume,QUEUE,172,2025-07-16,413,1834,0,1834,4.441,0.0,74.0,74.0,LOW,2.28,8.0,0.0,0.0
35288009,AG4,Steady Volume,QUEUE,173,2025-07-01,428,1866,0,1866,4.36,0.0,74.0,74.0,LOW,2.28,8.0,0.0,0.0
34949813,AG4,Steady Volume,QUEUE,174,2025-06-16,443,1873,0,1873,4.228,0.0,73.9,73.9,LOW,2.28,8.0,0.0,0.0
34630474,AG4,Steady Volume,QUEUE,175,2025-05-31,459,1910,0,1910,4.161,0.0,73.9,73.9,LOW,2.28,8.0,0.0,0.0
41802170,AG4,Steady Volume,QUEUE,176,2026-05-02,123,725,0,725,5.894,0.0,73.8,73.8,LOW,2.28,8.0,0.0,0.0
41096498,AG4,Steady Volume,QUEUE,177,2026-04-02,153,771,0,771,5.039,0.0,73.8,73.8,LOW,2.28,8.0,0.0,0.0
36225583,AG4,Steady Volume,QUEUE,178,2025-08-06,392,1770,0,1770,4.515,0.0,73.8,73.8,LOW,2.28,8.0,0.0,0.0
35706233,AG4,Steady Volume,QUEUE,179,2025-07-16,413,1813,0,1813,4.39,0.0,73.8,73.8,LOW,2.28,8.0,0.0,0.0
35288276,AG4,Steady Volume,QUEUE,180,2025-07-01,428,1835,0,1835,4.287,0.0,73.8,73.8,LOW,2.28,8.0,0.0,0.0
35286924,AG4,Steady Volume,QUEUE,181,2025-07-01,428,1842,0,1842,4.304,0.0,73.8,73.8,LOW,2.28,8.0,0.0,0.0
34949910,AG4,Steady Volume,QUEUE,182,2025-06-16,443,1862,0,1862,4.203,0.0,73.8,73.8,LOW,2.28,8.0,0.0,0.0
34949951,AG4,Steady Volume,QUEUE,183,2025-06-16,443,1868,0,1868,4.217,0.0,73.8,73.8,LOW,2.28,8.0,0.0,0.0
36225657,AG4,Steady Volume,QUEUE,184,2025-08-05,393,1768,0,1768,4.499,0.0,73.7,73.7,LOW,2.28,8.0,0.0,0.0
35898401,AG4,Steady Volume,QUEUE,185,2025-07-23,406,1794,0,1794,4.419,0.0,73.7,73.7,LOW,2.28,8.0,0.0,0.0
35706636,AG4,Steady Volume,QUEUE,186,2025-07-16,413,1802,0,1802,4.363,0.0,73.7,73.7,LOW,2.28,8.0,0.0,0.0
35706354,AG4,Steady Volume,QUEUE,187,2025-07-16,413,1804,0,1804,4.368,0.0,73.7,73.7,LOW,2.28,8.0,0.0,0.0
35287153,AG4,Steady Volume,QUEUE,188,2025-07-01,428,1832,0,1832,4.28,0.0,73.7,73.7,LOW,2.28,8.0,0.0,0.0
34825539,AG4,Steady Volume,QUEUE,189,2025-06-09,450,1870,0,1870,4.156,0.0,73.7,73.7,LOW,2.28,8.0,0.0,0.0
39587559,AG4,Steady Volume,QUEUE,190,2026-01-24,221,1128,0,1128,5.104,0.0,73.6,73.6,LOW,2.28,8.0,0.0,0.0
35898441,AG4,Steady Volume,QUEUE,191,2025-07-23,406,1782,0,1782,4.389,0.0,73.6,73.6,LOW,2.28,8.0,0.0,0.0
41345577,AG4,Steady Volume,QUEUE,192,2026-04-13,142,749,0,749,5.275,0.0,73.5,73.5,LOW,2.28,8.0,0.0,0.0
36253944,AG4,Steady Volume,QUEUE,193,2025-08-06,392,1744,0,1744,4.449,0.0,73.5,73.5,LOW,2.28,8.0,0.0,0.0
35898427,AG4,Steady Volume,QUEUE,194,2025-07-23,406,1771,0,1771,4.362,0.0,73.5,73.5,LOW,2.28,8.0,0.0,0.0
39587539,AG4,Steady Volume,QUEUE,195,2026-01-23,222,1120,0,1120,5.045,0.0,73.4,73.4,LOW,2.28,8.0,0.0,0.0
36495815,AG4,Steady Volume,QUEUE,196,2025-08-22,376,1700,0,1700,4.521,0.0,73.4,73.4,LOW,2.28,8.0,0.0,0.0
36225697,AG4,Steady Volume,QUEUE,197,2025-08-05,393,1738,0,1738,4.422,0.0,73.4,73.4,LOW,2.28,8.0,0.0,0.0
35898464,AG4,Steady Volume,QUEUE,198,2025-07-23,406,1759,0,1759,4.333,0.0,73.4,73.4,LOW,2.28,8.0,0.0,0.0
35843168,AG4,Steady Volume,QUEUE,199,2025-07-20,409,1767,0,1767,4.32,0.0,73.4,73.4,LOW,2.28,8.0,0.0,0.0
41096527,AG4,Steady Volume,QUEUE,200,2026-04-02,153,758,0,758,4.954,0.0,73.3,73.3,LOW,2.28,8.0,0.0,0.0
38142658,AG4,Steady Volume,QUEUE,201,2025-11-21,285,1210,0,1210,4.246,0.0,73.3,73.3,LOW,2.28,8.0,0.0,0.0
34801274,AG4,Steady Volume,QUEUE,202,2025-06-09,450,1826,0,1826,4.058,0.0,73.3,73.3,LOW,2.28,8.0,0.0,0.0
34783231,AG4,Steady Volume,QUEUE,203,2025-06-06,453,1829,0,1829,4.038,0.0,73.3,73.3,LOW,2.28,8.0,0.0,0.0
41802156,AG4,Steady Volume,QUEUE,204,2026-05-02,123,709,0,709,5.764,0.0,73.2,73.2,LOW,2.28,8.0,0.0,0.0
36495821,AG4,Steady Volume,QUEUE,205,2025-08-22,376,1687,0,1687,4.487,0.0,73.2,73.2,LOW,2.28,8.0,0.0,0.0
35287607,AG4,Steady Volume,QUEUE,206,2025-07-01,428,1783,0,1783,4.166,0.0,73.2,73.2,LOW,2.28,8.0,0.0,0.0
35287564,AG4,Steady Volume,QUEUE,207,2025-07-01,428,1784,0,1784,4.168,0.0,73.2,73.2,LOW,2.28,8.0,0.0,0.0
35287962,AG4,Steady Volume,QUEUE,208,2025-07-01,428,1784,0,1784,4.168,0.0,73.2,73.2,LOW,2.28,8.0,0.0,0.0
34825552,AG4,Steady Volume,QUEUE,209,2025-06-09,450,1811,0,1811,4.024,0.0,73.2,73.2,LOW,2.28,8.0,0.0,0.0
35843218,AG4,Steady Volume,QUEUE,210,2025-07-21,408,1730,0,1730,4.24,0.0,73.1,73.1,LOW,2.28,8.0,0.0,0.0
35287027,AG4,Steady Volume,QUEUE,211,2025-07-01,428,1772,0,1772,4.14,0.0,73.1,73.1,LOW,2.28,8.0,0.0,0.0
39878186,AG4,Steady Volume,QUEUE,212,2026-02-05,209,1083,0,1083,5.182,0.0,73.0,73.0,LOW,2.28,8.0,0.0,0.0
39827751,AG4,Steady Volume,QUEUE,213,2026-02-04,210,1085,0,1085,5.167,0.0,73.0,73.0,LOW,2.28,8.0,0.0,0.0
38143257,AG4,Steady Volume,QUEUE,214,2025-11-21,285,1193,0,1193,4.186,0.0,73.0,73.0,LOW,2.28,8.0,0.0,0.0
35898389,AG4,Steady Volume,QUEUE,215,2025-07-23,406,1715,0,1715,4.224,0.0,73.0,73.0,LOW,2.28,8.0,0.0,0.0
39258895,AG4,Steady Volume,QUEUE,216,2026-01-09,236,1119,0,1119,4.742,0.0,72.9,72.9,LOW,2.28,8.0,0.0,0.0
36253934,AG4,Steady Volume,QUEUE,217,2025-08-06,392,1687,0,1687,4.304,0.0,72.9,72.9,LOW,2.28,8.0,0.0,0.0
35898453,AG4,Steady Volume,QUEUE,218,2025-07-23,406,1713,0,1713,4.219,0.0,72.9,72.9,LOW,2.28,8.0,0.0,0.0
34745685,AG4,Steady Volume,QUEUE,219,2025-06-06,453,1787,0,1787,3.945,0.0,72.9,72.9,LOW,2.28,8.0,0.0,0.0
39587516,AG4,Steady Volume,QUEUE,220,2026-01-23,222,1094,0,1094,4.928,0.0,72.8,72.8,LOW,2.28,8.0,0.0,0.0
36253931,AG4,Steady Volume,QUEUE,221,2025-08-06,392,1682,0,1682,4.291,0.0,72.8,72.8,LOW,2.28,8.0,0.0,0.0
35481631,AG4,Steady Volume,QUEUE,222,2025-07-09,420,2288,265,2553,5.448,0.104,77.6,72.8,LOW,2.28,8.0,0.0,0.0
40564957,AG4,Steady Volume,QUEUE,223,2026-03-10,176,770,0,770,4.375,0.0,72.7,72.7,LOW,2.28,8.0,0.0,0.0
36253949,AG4,Steady Volume,QUEUE,224,2025-08-06,392,1662,0,1662,4.24,0.0,72.7,72.7,LOW,2.28,8.0,0.0,0.0
35706364,AG4,Steady Volume,QUEUE,225,2025-07-16,413,1710,0,1710,4.14,0.0,72.7,72.7,LOW,2.28,8.0,0.0,0.0
35087991,AG4,Steady Volume,QUEUE,226,2025-06-23,436,1742,0,1742,3.995,0.0,72.7,72.7,LOW,2.28,8.0,0.0,0.0
39749606,AG4,Steady Volume,QUEUE,227,2026-01-31,214,1068,0,1068,4.991,0.0,72.6,72.6,LOW,2.28,8.0,0.0,0.0
39749672,AG4,Steady Volume,QUEUE,228,2026-01-31,214,1072,0,1072,5.009,0.0,72.6,72.6,LOW,2.28,8.0,0.0,0.0
36253956,AG4,Steady Volume,QUEUE,229,2025-08-06,392,1659,0,1659,4.232,0.0,72.6,72.6,LOW,2.28,8.0,0.0,0.0
35844264,AG4,Steady Volume,QUEUE,230,2025-07-21,408,1693,0,1693,4.15,0.0,72.6,72.6,LOW,2.28,8.0,0.0,0.0
34949826,AG4,Steady Volume,QUEUE,231,2025-06-16,443,1746,0,1746,3.941,0.0,72.6,72.6,LOW,2.28,8.0,0.0,0.0
41096550,AG4,Steady Volume,QUEUE,232,2026-04-02,153,736,0,736,4.81,0.0,72.5,72.5,LOW,2.28,8.0,0.0,0.0
36310408,AG4,Steady Volume,QUEUE,233,2025-08-09,389,1645,0,1645,4.229,0.0,72.5,72.5,LOW,2.28,8.0,0.0,0.0
35843707,AG4,Steady Volume,QUEUE,234,2025-07-21,408,1677,0,1677,4.11,0.0,72.5,72.5,LOW,2.28,8.0,0.0,0.0
35287024,AG4,Steady Volume,QUEUE,235,2025-07-01,428,1705,0,1705,3.984,0.0,72.5,72.5,LOW,2.28,8.0,0.0,0.0
39587654,AG4,Steady Volume,QUEUE,236,2026-01-24,221,1073,0,1073,4.855,0.0,72.4,72.4,LOW,2.28,8.0,0.0,0.0
38142856,AG4,Steady Volume,QUEUE,237,2025-11-21,285,1164,0,1164,4.084,0.0,72.4,72.4,LOW,2.28,8.0,0.0,0.0
35843193,AG4,Steady Volume,QUEUE,238,2025-07-21,408,1665,0,1665,4.081,0.0,72.4,72.4,LOW,2.28,8.0,0.0,0.0
35898388,AG4,Steady Volume,QUEUE,239,2025-07-23,406,1665,0,1665,4.101,0.0,72.4,72.4,LOW,2.28,8.0,0.0,0.0
35481521,AG4,Steady Volume,QUEUE,240,2025-07-08,421,1688,0,1688,4.01,0.0,72.4,72.4,LOW,2.28,8.0,0.0,0.0
34745750,AG4,Steady Volume,QUEUE,241,2025-06-05,454,1728,0,1728,3.806,0.0,72.4,72.4,LOW,2.28,8.0,0.0,0.0
34481775,AG4,Steady Volume,QUEUE,242,2025-05-26,464,1743,0,1743,3.756,0.0,72.4,72.4,LOW,2.28,8.0,0.0,0.0
36805054,AG4,Steady Volume,QUEUE,243,2025-09-06,361,1249,0,1249,3.46,0.0,72.3,72.3,LOW,2.28,8.0,0.0,0.0
36253973,AG4,Steady Volume,QUEUE,244,2025-08-06,392,1632,0,1632,4.163,0.0,72.3,72.3,LOW,2.28,8.0,0.0,0.0
36253958,AG4,Steady Volume,QUEUE,245,2025-08-06,392,1635,0,1635,4.171,0.0,72.3,72.3,LOW,2.28,8.0,0.0,0.0
34704351,AG4,Steady Volume,QUEUE,246,2025-06-03,456,1723,0,1723,3.779,0.0,72.3,72.3,LOW,2.28,8.0,0.0,0.0
34630477,AG4,Steady Volume,QUEUE,247,2025-05-31,459,1724,0,1724,3.756,0.0,72.2,72.2,LOW,2.28,8.0,0.0,0.0
39827750,AG4,Steady Volume,QUEUE,248,2026-02-04,210,1041,0,1041,4.957,0.0,72.1,72.1,LOW,2.28,8.0,0.0,0.0
35898455,AG4,Steady Volume,QUEUE,249,2025-07-23,406,1635,0,1635,4.027,0.0,72.1,72.1,LOW,2.28,8.0,0.0,0.0
34726065,AG4,Steady Volume,QUEUE,250,2025-06-04,455,1700,0,1700,3.736,0.0,72.0,72.0,LOW,2.28,8.0,0.0,0.0
41096512,AG4,Steady Volume,QUEUE,251,2026-04-02,153,718,0,718,4.693,0.0,71.9,71.9,LOW,2.28,8.0,0.0,0.0
38142998,AG4,Steady Volume,QUEUE,252,2025-11-21,285,1138,0,1138,3.993,0.0,71.9,71.9,LOW,2.28,8.0,0.0,0.0
36495814,AG4,Steady Volume,QUEUE,253,2025-08-22,376,1568,0,1568,4.17,0.0,71.9,71.9,LOW,2.28,8.0,0.0,0.0
36409588,AG4,Steady Volume,QUEUE,254,2025-08-14,384,1577,0,1577,4.107,0.0,71.9,71.9,LOW,2.28,8.0,0.0,0.0
36253968,AG4,Steady Volume,QUEUE,255,2025-08-06,392,1587,0,1587,4.048,0.0,71.9,71.9,LOW,2.28,8.0,0.0,0.0
35843943,AG4,Steady Volume,QUEUE,256,2025-07-21,408,1621,0,1621,3.973,0.0,71.9,71.9,LOW,2.28,8.0,0.0,0.0
35706550,AG4,Steady Volume,QUEUE,257,2025-07-16,413,1623,0,1623,3.93,0.0,71.9,71.9,LOW,2.28,8.0,0.0,0.0
34949571,AG4,Steady Volume,QUEUE,258,2025-06-16,443,1665,0,1665,3.758,0.0,71.9,71.9,LOW,2.28,8.0,0.0,0.0
35287669,AG4,Steady Volume,QUEUE,259,2025-07-01,428,1634,0,1634,3.818,0.0,71.8,71.8,LOW,2.28,8.0,0.0,0.0
34801173,AG4,Steady Volume,QUEUE,260,2025-06-09,450,1667,0,1667,3.704,0.0,71.8,71.8,LOW,2.28,8.0,0.0,0.0
35286947,AG4,Steady Volume,QUEUE,261,2025-07-01,428,1619,0,1619,3.783,0.0,71.7,71.7,LOW,2.28,8.0,0.0,0.0
38142987,AG4,Steady Volume,QUEUE,262,2025-11-21,285,1128,0,1128,3.958,0.0,71.6,71.6,LOW,2.28,8.0,0.0,0.0
35287659,AG4,Steady Volume,QUEUE,263,2025-07-01,428,1615,0,1615,3.773,0.0,71.6,71.6,LOW,2.28,8.0,0.0,0.0
35288151,AG4,Steady Volume,QUEUE,264,2025-07-01,428,1617,0,1617,3.778,0.0,71.6,71.6,LOW,2.28,8.0,0.0,0.0
34825707,AG4,Steady Volume,QUEUE,265,2025-06-10,449,1652,0,1652,3.679,0.0,71.6,71.6,LOW,2.28,8.0,0.0,0.0
34849427,AG4,Steady Volume,QUEUE,266,2025-06-11,448,1656,0,1656,3.696,0.0,71.6,71.6,LOW,2.28,8.0,0.0,0.0
41096511,AG4,Steady Volume,QUEUE,267,2026-04-02,153,706,0,706,4.614,0.0,71.5,71.5,LOW,2.28,8.0,0.0,0.0
36253966,AG4,Steady Volume,QUEUE,268,2025-08-06,392,1556,0,1556,3.969,0.0,71.5,71.5,LOW,2.28,8.0,0.0,0.0
35481475,AG4,Steady Volume,QUEUE,269,2025-07-09,420,1592,0,1592,3.79,0.0,71.5,71.5,LOW,2.28,8.0,0.0,0.0
34801150,AG4,Steady Volume,QUEUE,270,2025-06-09,450,1645,0,1645,3.656,0.0,71.5,71.5,LOW,2.28,8.0,0.0,0.0
39749667,AG4,Steady Volume,QUEUE,271,2026-01-31,214,1021,0,1021,4.771,0.0,71.4,71.4,LOW,2.28,8.0,0.0,0.0
36225642,AG4,Steady Volume,QUEUE,272,2025-08-05,393,1545,0,1545,3.931,0.0,71.4,71.4,LOW,2.28,8.0,0.0,0.0
34949446,AG4,Steady Volume,QUEUE,273,2025-06-16,443,1624,0,1624,3.666,0.0,71.4,71.4,LOW,2.28,8.0,0.0,0.0
41096548,AG4,Steady Volume,QUEUE,274,2026-04-02,153,698,0,698,4.562,0.0,71.3,71.3,LOW,2.28,8.0,0.0,0.0
35288144,AG4,Steady Volume,QUEUE,275,2025-07-01,428,1584,0,1584,3.701,0.0,71.3,71.3,LOW,2.28,8.0,0.0,0.0
35287295,AG4,Steady Volume,QUEUE,276,2025-07-01,428,1591,0,1591,3.717,0.0,71.3,71.3,LOW,2.28,8.0,0.0,0.0
38142775,AG4,Steady Volume,QUEUE,277,2025-11-21,285,1094,0,1094,3.839,0.0,71.1,71.1,LOW,2.28,8.0,0.0,0.0
36495796,AG4,Steady Volume,QUEUE,278,2025-08-22,376,1490,0,1490,3.963,0.0,71.1,71.1,LOW,2.28,8.0,0.0,0.0
35287569,AG4,Steady Volume,QUEUE,279,2025-07-01,428,1572,0,1572,3.673,0.0,71.1,71.1,LOW,2.28,8.0,0.0,0.0
34704033,AG4,Steady Volume,QUEUE,280,2025-06-03,456,1611,0,1611,3.533,0.0,71.1,71.1,LOW,2.28,8.0,0.0,0.0
36603250,AG4,Steady Volume,QUEUE,281,2025-08-26,372,1478,0,1478,3.973,0.0,71.0,71.0,LOW,2.28,8.0,0.0,0.0
36225608,AG4,Steady Volume,QUEUE,282,2025-08-05,393,1506,0,1506,3.832,0.0,71.0,71.0,LOW,2.28,8.0,0.0,0.0
35706117,AG4,Steady Volume,QUEUE,283,2025-07-16,413,1544,0,1544,3.738,0.0,71.0,71.0,LOW,2.28,8.0,0.0,0.0
33809287,AG4,Steady Volume,QUEUE,284,2025-04-26,494,1663,0,1663,3.366,0.0,71.0,71.0,LOW,2.28,8.0,0.0,0.0
38142742,AG4,Steady Volume,QUEUE,285,2025-11-21,285,1086,0,1086,3.811,0.0,70.9,70.9,LOW,2.28,8.0,0.0,0.0
35898396,AG4,Steady Volume,QUEUE,286,2025-07-23,406,1517,0,1517,3.736,0.0,70.9,70.9,LOW,2.28,8.0,0.0,0.0
35705873,AG4,Steady Volume,QUEUE,287,2025-07-16,413,1526,0,1526,3.695,0.0,70.9,70.9,LOW,2.28,8.0,0.0,0.0
35287424,AG4,Steady Volume,QUEUE,288,2025-07-01,428,1549,0,1549,3.619,0.0,70.9,70.9,LOW,2.28,8.0,0.0,0.0
35286843,AG4,Steady Volume,QUEUE,289,2025-07-01,428,1555,0,1555,3.633,0.0,70.9,70.9,LOW,2.28,8.0,0.0,0.0
34871194,AG4,Steady Volume,QUEUE,290,2025-06-11,448,1577,0,1577,3.52,0.0,70.9,70.9,LOW,2.28,8.0,0.0,0.0
34745721,AG4,Steady Volume,QUEUE,291,2025-06-05,454,1585,0,1585,3.491,0.0,70.9,70.9,LOW,2.28,8.0,0.0,0.0
34630452,AG4,Steady Volume,QUEUE,292,2025-05-31,459,1599,0,1599,3.484,0.0,70.9,70.9,LOW,2.28,8.0,0.0,0.0
39047644,AG4,Steady Volume,QUEUE,293,2025-12-30,246,1038,0,1038,4.22,0.0,70.8,70.8,LOW,2.28,8.0,0.0,0.0
35843414,AG4,Steady Volume,QUEUE,294,2025-07-21,408,1513,0,1513,3.708,0.0,70.8,70.8,LOW,2.28,8.0,0.0,0.0
35844008,AG4,Steady Volume,QUEUE,295,2025-07-21,408,1513,0,1513,3.708,0.0,70.8,70.8,LOW,2.28,8.0,0.0,0.0
35288271,AG4,Steady Volume,QUEUE,296,2025-07-01,428,1539,0,1539,3.596,0.0,70.8,70.8,LOW,2.28,8.0,0.0,0.0
35286820,AG4,Steady Volume,QUEUE,297,2025-07-01,428,1544,0,1544,3.607,0.0,70.8,70.8,LOW,2.28,8.0,0.0,0.0
34949440,AG4,Steady Volume,QUEUE,298,2025-06-16,443,1561,0,1561,3.524,0.0,70.8,70.8,LOW,2.28,8.0,0.0,0.0
35087797,AG4,Steady Volume,QUEUE,299,2025-06-23,436,2066,252,2318,4.739,0.109,75.7,70.8,LOW,2.28,8.0,0.0,0.0
40564954,AG4,Steady Volume,QUEUE,300,2026-03-10,176,712,0,712,4.045,0.0,70.7,70.7,LOW,2.28,8.0,0.0,0.0
39749594,AG4,Steady Volume,QUEUE,301,2026-01-31,214,992,0,992,4.636,0.0,70.7,70.7,LOW,2.28,8.0,0.0,0.0
39258583,AG4,Steady Volume,QUEUE,302,2026-01-08,237,1022,0,1022,4.312,0.0,70.7,70.7,LOW,2.28,8.0,0.0,0.0
34949240,AG4,Steady Volume,QUEUE,303,2025-06-16,443,1552,0,1552,3.503,0.0,70.7,70.7,LOW,2.28,8.0,0.0,0.0
34949652,AG4,Steady Volume,QUEUE,304,2025-06-16,443,1553,0,1553,3.506,0.0,70.7,70.7,LOW,2.28,8.0,0.0,0.0
34630350,AG4,Steady Volume,QUEUE,305,2025-05-31,459,1579,0,1579,3.44,0.0,70.7,70.7,LOW,2.28,8.0,0.0,0.0
39047635,AG4,Steady Volume,QUEUE,306,2025-12-30,246,1029,0,1029,4.183,0.0,70.6,70.6,LOW,2.28,8.0,0.0,0.0
36253963,AG4,Steady Volume,QUEUE,307,2025-08-06,392,1472,0,1472,3.755,0.0,70.6,70.6,LOW,2.28,8.0,0.0,0.0
36253965,AG4,Steady Volume,QUEUE,308,2025-08-06,392,1472,0,1472,3.755,0.0,70.6,70.6,LOW,2.28,8.0,0.0,0.0
36225585,AG4,Steady Volume,QUEUE,309,2025-08-06,392,1474,0,1474,3.76,0.0,70.6,70.6,LOW,2.28,8.0,0.0,0.0
35706213,AG4,Steady Volume,QUEUE,310,2025-07-16,413,1503,0,1503,3.639,0.0,70.6,70.6,LOW,2.28,8.0,0.0,0.0
35287258,AG4,Steady Volume,QUEUE,311,2025-07-01,428,1524,0,1524,3.561,0.0,70.6,70.6,LOW,2.28,8.0,0.0,0.0
34846893,AG4,Steady Volume,QUEUE,312,2025-06-11,448,1559,0,1559,3.48,0.0,70.6,70.6,LOW,2.28,8.0,0.0,0.0
34630338,AG4,Steady Volume,QUEUE,313,2025-05-31,459,1576,0,1576,3.434,0.0,70.6,70.6,LOW,2.28,8.0,0.0,0.0
39587703,AG4,Steady Volume,QUEUE,314,2026-01-23,222,995,0,995,4.482,0.0,70.5,70.5,LOW,2.28,8.0,0.0,0.0
36495837,AG4,Steady Volume,QUEUE,315,2025-08-22,376,1439,0,1439,3.827,0.0,70.5,70.5,LOW,2.28,8.0,0.0,0.0
35898450,AG4,Steady Volume,QUEUE,316,2025-07-23,406,1488,0,1488,3.665,0.0,70.5,70.5,LOW,2.28,8.0,0.0,0.0
35706704,AG4,Steady Volume,QUEUE,317,2025-07-16,413,1497,0,1497,3.625,0.0,70.5,70.5,LOW,2.28,8.0,0.0,0.0
35288240,AG4,Steady Volume,QUEUE,318,2025-07-01,428,1515,0,1515,3.54,0.0,70.5,70.5,LOW,2.28,8.0,0.0,0.0
41096490,AG4,Steady Volume,QUEUE,319,2026-04-02,153,674,0,674,4.405,0.0,70.4,70.4,LOW,2.28,8.0,0.0,0.0
40564953,AG4,Steady Volume,QUEUE,320,2026-03-10,176,702,0,702,3.989,0.0,70.4,70.4,LOW,2.28,8.0,0.0,0.0
36495810,AG4,Steady Volume,QUEUE,321,2025-08-22,376,1433,0,1433,3.811,0.0,70.4,70.4,LOW,2.28,8.0,0.0,0.0
34949810,AG4,Steady Volume,QUEUE,322,2025-06-16,443,1534,0,1534,3.463,0.0,70.4,70.4,LOW,2.28,8.0,0.0,0.0
33077169,AG4,Steady Volume,QUEUE,323,2025-03-06,545,1680,0,1680,3.083,0.0,70.4,70.4,LOW,2.28,8.0,0.0,0.0
40564955,AG4,Steady Volume,QUEUE,324,2026-03-10,176,700,0,700,3.977,0.0,70.3,70.3,LOW,2.28,8.0,0.0,0.0
39878185,AG4,Steady Volume,QUEUE,325,2026-02-05,209,968,0,968,4.632,0.0,70.3,70.3,LOW,2.28,8.0,0.0,0.0
33077174,AG4,Steady Volume,QUEUE,326,2025-03-06,545,1668,0,1668,3.061,0.0,70.3,70.3,LOW,2.28,8.0,0.0,0.0
35287014,AG4,Steady Volume,QUEUE,327,2025-07-01,428,1489,0,1489,3.479,0.0,70.2,70.2,LOW,2.28,8.0,0.0,0.0
35288124,AG4,Steady Volume,QUEUE,328,2025-07-01,428,1490,0,1490,3.481,0.0,70.2,70.2,LOW,2.28,8.0,0.0,0.0
41096557,AG4,Steady Volume,QUEUE,329,2026-04-02,153,665,0,665,4.346,0.0,70.1,70.1,LOW,2.28,8.0,0.0,0.0
35706590,AG4,Steady Volume,QUEUE,330,2025-07-16,413,1462,0,1462,3.54,0.0,70.1,70.1,LOW,2.28,8.0,0.0,0.0
35288197,AG4,Steady Volume,QUEUE,331,2025-07-01,428,1483,0,1483,3.465,0.0,70.1,70.1,LOW,2.28,8.0,0.0,0.0
39587851,AG4,Steady Volume,QUEUE,332,2026-01-23,222,975,0,975,4.392,0.0,70.0,70.0,LOW,2.28,8.0,0.0,0.0
36805078,AG4,Steady Volume,QUEUE,333,2025-09-06,361,1131,0,1131,3.133,0.0,70.0,70.0,LOW,2.28,8.0,0.0,0.0
35334442,AG4,Steady Volume,QUEUE,334,2025-07-03,426,1478,0,1478,3.469,0.0,70.0,70.0,LOW,2.28,8.0,0.0,0.0
35288229,AG4,Steady Volume,QUEUE,335,2025-07-01,428,1480,0,1480,3.458,0.0,70.0,70.0,LOW,2.28,8.0,0.0,0.0
35087969,AG4,Steady Volume,QUEUE,336,2025-06-23,436,1493,0,1493,3.424,0.0,70.0,70.0,LOW,2.28,8.0,0.0,0.0
34783283,AG4,Steady Volume,QUEUE,337,2025-06-06,453,1515,0,1515,3.344,0.0,70.0,70.0,LOW,2.28,8.0,0.0,0.0
39878184,AG4,Steady Volume,QUEUE,338,2026-02-05,209,948,0,948,4.536,0.0,69.9,69.9,LOW,2.28,8.0,0.0,0.0
39749587,AG4,Steady Volume,QUEUE,339,2026-01-31,214,953,0,953,4.453,0.0,69.9,69.9,LOW,2.28,8.0,0.0,0.0
39592479,AG4,Steady Volume,QUEUE,340,2026-01-23,222,968,0,968,4.36,0.0,69.9,69.9,LOW,2.28,8.0,0.0,0.0
36495801,AG4,Steady Volume,QUEUE,341,2025-08-22,376,1398,0,1398,3.718,0.0,69.9,69.9,LOW,2.28,8.0,0.0,0.0
36253961,AG4,Steady Volume,QUEUE,342,2025-08-06,392,1422,0,1422,3.628,0.0,69.9,69.9,LOW,2.28,8.0,0.0,0.0
35706663,AG4,Steady Volume,QUEUE,343,2025-07-16,413,1453,0,1453,3.518,0.0,69.9,69.9,LOW,2.28,8.0,0.0,0.0
34714130,AG4,Steady Volume,QUEUE,344,2025-06-04,455,1507,0,1507,3.312,0.0,69.9,69.9,LOW,2.28,8.0,0.0,0.0
34703931,AG4,Steady Volume,QUEUE,345,2025-06-03,456,1513,0,1513,3.318,0.0,69.9,69.9,LOW,2.28,8.0,0.0,0.0
39749664,AG4,Steady Volume,QUEUE,346,2026-01-31,214,952,0,952,4.449,0.0,69.8,69.8,LOW,2.28,8.0,0.0,0.0
35706532,AG4,Steady Volume,QUEUE,347,2025-07-16,413,1440,0,1440,3.487,0.0,69.8,69.8,LOW,2.28,8.0,0.0,0.0
35288234,AG4,Steady Volume,QUEUE,348,2025-07-01,428,1467,0,1467,3.428,0.0,69.8,69.8,LOW,2.28,8.0,0.0,0.0
34838073,AG4,Steady Volume,QUEUE,349,2025-06-11,448,1489,0,1489,3.324,0.0,69.8,69.8,LOW,2.28,8.0,0.0,0.0
41096551,AG4,Steady Volume,QUEUE,350,2026-04-02,153,655,0,655,4.281,0.0,69.7,69.7,LOW,2.28,8.0,0.0,0.0
39587491,AG4,Steady Volume,QUEUE,351,2026-01-23,222,959,0,959,4.32,0.0,69.7,69.7,LOW,2.28,8.0,0.0,0.0
36495809,AG4,Steady Volume,QUEUE,352,2025-08-22,376,1389,0,1389,3.694,0.0,69.7,69.7,LOW,2.28,8.0,0.0,0.0
35706666,AG4,Steady Volume,QUEUE,353,2025-07-16,413,1436,0,1436,3.477,0.0,69.7,69.7,LOW,2.28,8.0,0.0,0.0
35482198,AG4,Steady Volume,QUEUE,354,2025-07-08,421,1450,0,1450,3.444,0.0,69.7,69.7,LOW,2.28,8.0,0.0,0.0
36253950,AG4,Steady Volume,QUEUE,355,2025-08-06,392,1398,0,1398,3.566,0.0,69.6,69.6,LOW,2.28,8.0,0.0,0.0
35844117,AG4,Steady Volume,QUEUE,356,2025-07-21,408,1424,0,1424,3.49,0.0,69.6,69.6,LOW,2.28,8.0,0.0,0.0
35843278,AG4,Steady Volume,QUEUE,357,2025-07-20,409,1426,0,1426,3.487,0.0,69.6,69.6,LOW,2.28,8.0,0.0,0.0
34704343,AG4,Steady Volume,QUEUE,358,2025-06-03,456,1486,0,1486,3.259,0.0,69.6,69.6,LOW,2.28,8.0,0.0,0.0
34949859,AG4,Steady Volume,QUEUE,359,2025-06-16,443,1658,86,1744,3.743,0.049,71.7,69.6,LOW,2.28,8.0,0.0,0.0
36603269,AG4,Steady Volume,QUEUE,360,2025-08-26,372,1797,217,2014,4.831,0.108,74.4,69.6,LOW,2.28,8.0,0.0,0.0
35843870,AG4,Steady Volume,QUEUE,361,2025-07-21,408,1419,0,1419,3.478,0.0,69.5,69.5,LOW,2.28,8.0,0.0,0.0
35334538,AG4,Steady Volume,QUEUE,362,2025-07-03,426,1442,0,1442,3.385,0.0,69.5,69.5,LOW,2.28,8.0,0.0,0.0
34838070,AG4,Steady Volume,QUEUE,363,2025-06-11,448,1467,0,1467,3.275,0.0,69.5,69.5,LOW,2.28,8.0,0.0,0.0
39827763,AG4,Steady Volume,QUEUE,364,2026-02-04,210,928,0,928,4.419,0.0,69.3,69.3,LOW,2.28,8.0,0.0,0.0
38142763,AG4,Steady Volume,QUEUE,365,2025-11-21,285,1016,0,1016,3.565,0.0,69.3,69.3,LOW,2.28,8.0,0.0,0.0
38142762,AG4,Steady Volume,QUEUE,366,2025-11-21,285,1017,0,1017,3.568,0.0,69.3,69.3,LOW,2.28,8.0,0.0,0.0
35843439,AG4,Steady Volume,QUEUE,367,2025-07-21,408,1406,0,1406,3.446,0.0,69.3,69.3,LOW,2.28,8.0,0.0,0.0
35706652,AG4,Steady Volume,QUEUE,368,2025-07-16,413,1417,0,1417,3.431,0.0,69.3,69.3,LOW,2.28,8.0,0.0,0.0
35705860,AG4,Steady Volume,QUEUE,369,2025-07-16,413,1418,0,1418,3.433,0.0,69.3,69.3,LOW,2.28,8.0,0.0,0.0
35288109,AG4,Steady Volume,QUEUE,370,2025-07-01,428,1435,0,1435,3.353,0.0,69.3,69.3,LOW,2.28,8.0,0.0,0.0
36805056,AG4,Steady Volume,QUEUE,371,2025-09-06,361,1319,144,1463,3.654,0.098,73.6,69.3,LOW,2.28,8.0,0.0,0.0
33077166,AG4,Steady Volume,QUEUE,372,2025-03-06,545,1582,0,1582,2.903,0.0,69.3,69.3,LOW,2.28,8.0,0.0,0.0
35705927,AG4,Steady Volume,QUEUE,373,2025-07-16,413,1402,0,1402,3.395,0.0,69.2,69.2,LOW,2.28,8.0,0.0,0.0
35286911,AG4,Steady Volume,QUEUE,374,2025-07-02,427,1425,0,1425,3.337,0.0,69.2,69.2,LOW,2.28,8.0,0.0,0.0
41802154,AG4,Steady Volume,QUEUE,375,2026-05-02,123,597,0,597,4.854,0.0,69.1,69.1,LOW,2.28,8.0,0.0,0.0
35843914,AG4,Steady Volume,QUEUE,376,2025-07-21,408,1392,0,1392,3.412,0.0,69.1,69.1,LOW,2.28,8.0,0.0,0.0
35088132,AG4,Steady Volume,QUEUE,377,2025-06-23,436,1426,0,1426,3.271,0.0,69.1,69.1,LOW,2.28,8.0,0.0,0.0
34949514,AG4,Steady Volume,QUEUE,378,2025-06-16,443,1435,0,1435,3.239,0.0,69.1,69.1,LOW,2.28,8.0,0.0,0.0
34949461,AG4,Steady Volume,QUEUE,379,2025-06-16,443,1437,0,1437,3.244,0.0,69.1,69.1,LOW,2.28,8.0,0.0,0.0
34704380,AG4,Steady Volume,QUEUE,380,2025-06-03,456,1455,0,1455,3.191,0.0,69.1,69.1,LOW,2.28,8.0,0.0,0.0
39587514,AG4,Steady Volume,QUEUE,381,2026-01-23,222,932,0,932,4.198,0.0,69.0,69.0,LOW,2.28,8.0,0.0,0.0
38141253,AG4,Steady Volume,QUEUE,382,2025-11-27,279,996,0,996,3.57,0.0,69.0,69.0,LOW,2.28,8.0,0.0,0.0
38142839,AG4,Steady Volume,QUEUE,383,2025-11-21,285,1004,0,1004,3.523,0.0,69.0,69.0,LOW,2.28,8.0,0.0,0.0
35706620,AG4,Steady Volume,QUEUE,384,2025-07-16,413,1393,0,1393,3.373,0.0,69.0,69.0,LOW,2.28,8.0,0.0,0.0
39258928,AG4,Steady Volume,QUEUE,385,2026-01-09,236,942,0,942,3.992,0.0,68.9,68.9,LOW,2.28,8.0,0.0,0.0
35706425,AG4,Steady Volume,QUEUE,386,2025-07-16,413,1389,0,1389,3.363,0.0,68.9,68.9,LOW,2.28,8.0,0.0,0.0
35286925,AG4,Steady Volume,QUEUE,387,2025-07-01,428,1398,0,1398,3.266,0.0,68.9,68.9,LOW,2.28,8.0,0.0,0.0
35287009,AG4,Steady Volume,QUEUE,388,2025-07-01,428,1401,0,1401,3.273,0.0,68.9,68.9,LOW,2.28,8.0,0.0,0.0
35287798,AG4,Steady Volume,QUEUE,389,2025-07-01,428,1402,0,1402,3.276,0.0,68.9,68.9,LOW,2.28,8.0,0.0,0.0
35087941,AG4,Steady Volume,QUEUE,390,2025-06-23,436,1419,0,1419,3.255,0.0,68.9,68.9,LOW,2.28,8.0,0.0,0.0
39587715,AG4,Steady Volume,QUEUE,391,2026-01-23,222,920,0,920,4.144,0.0,68.8,68.8,LOW,2.28,8.0,0.0,0.0
38146576,AG4,Steady Volume,QUEUE,392,2025-11-21,285,996,0,996,3.495,0.0,68.8,68.8,LOW,2.28,8.0,0.0,0.0
36495802,AG4,Steady Volume,QUEUE,393,2025-08-22,376,1317,0,1317,3.503,0.0,68.8,68.8,LOW,2.28,8.0,0.0,0.0
34630468,AG4,Steady Volume,QUEUE,394,2025-05-31,459,1433,0,1433,3.122,0.0,68.8,68.8,LOW,2.28,8.0,0.0,0.0
35706366,AG4,Steady Volume,QUEUE,395,2025-07-16,413,1364,0,1364,3.303,0.0,68.7,68.7,LOW,2.28,8.0,0.0,0.0
35334649,AG4,Steady Volume,QUEUE,396,2025-07-04,425,1386,0,1386,3.261,0.0,68.7,68.7,LOW,2.28,8.0,0.0,0.0
35287866,AG4,Steady Volume,QUEUE,397,2025-07-01,428,1389,0,1389,3.245,0.0,68.7,68.7,LOW,2.28,8.0,0.0,0.0
34949703,AG4,Steady Volume,QUEUE,398,2025-06-16,443,1405,0,1405,3.172,0.0,68.7,68.7,LOW,2.28,8.0,0.0,0.0
34742578,AG4,Steady Volume,QUEUE,399,2025-06-05,454,1423,0,1423,3.134,0.0,68.7,68.7,LOW,2.28,8.0,0.0,0.0
40564917,AG4,Steady Volume,QUEUE,400,2026-03-10,176,651,0,651,3.699,0.0,68.6,68.6,LOW,2.28,8.0,0.0,0.0
36253952,AG4,Steady Volume,QUEUE,401,2025-08-06,392,1325,0,1325,3.38,0.0,68.6,68.6,LOW,2.28,8.0,0.0,0.0
35898458,AG4,Steady Volume,QUEUE,402,2025-07-24,405,1351,0,1351,3.336,0.0,68.6,68.6,LOW,2.28,8.0,0.0,0.0
35706613,AG4,Steady Volume,QUEUE,403,2025-07-16,413,1353,0,1353,3.276,0.0,68.6,68.6,LOW,2.28,8.0,0.0,0.0
34703846,AG4,Steady Volume,QUEUE,404,2025-06-03,456,1420,0,1420,3.114,0.0,68.6,68.6,LOW,2.28,8.0,0.0,0.0
39749627,AG4,Steady Volume,QUEUE,405,2026-01-31,214,894,0,894,4.178,0.0,68.5,68.5,LOW,2.28,8.0,0.0,0.0
39047645,AG4,Steady Volume,QUEUE,406,2025-12-30,246,936,0,936,3.805,0.0,68.5,68.5,LOW,2.28,8.0,0.0,0.0
36804978,AG4,Steady Volume,QUEUE,407,2025-09-06,361,1059,0,1059,2.934,0.0,68.5,68.5,LOW,2.28,8.0,0.0,0.0
36253932,AG4,Steady Volume,QUEUE,408,2025-08-06,392,1321,0,1321,3.37,0.0,68.5,68.5,LOW,2.28,8.0,0.0,0.0
35705855,AG4,Steady Volume,QUEUE,409,2025-07-16,413,1347,0,1347,3.262,0.0,68.5,68.5,LOW,2.28,8.0,0.0,0.0
39827767,AG4,Steady Volume,QUEUE,410,2026-02-05,209,883,0,883,4.225,0.0,68.4,68.4,LOW,2.28,8.0,0.0,0.0
39587536,AG4,Steady Volume,QUEUE,411,2026-01-23,222,900,0,900,4.054,0.0,68.4,68.4,LOW,2.28,8.0,0.0,0.0
35088053,AG4,Steady Volume,QUEUE,412,2025-06-23,436,1371,0,1371,3.144,0.0,68.4,68.4,LOW,2.28,8.0,0.0,0.0
34949852,AG4,Steady Volume,QUEUE,413,2025-06-16,443,1389,0,1389,3.135,0.0,68.4,68.4,LOW,2.28,8.0,0.0,0.0
34611108,AG4,Steady Volume,QUEUE,414,2025-05-30,460,1413,0,1413,3.072,0.0,68.4,68.4,LOW,2.28,8.0,0.0,0.0
39258900,AG4,Steady Volume,QUEUE,415,2026-01-08,237,1262,234,1496,5.325,0.156,75.5,68.4,LOW,2.28,8.0,0.0,0.0
34871075,AG4,Steady Volume,QUEUE,416,2025-06-12,447,1988,332,2320,4.447,0.143,74.8,68.4,LOW,2.28,8.0,0.0,0.0
39047638,AG4,Steady Volume,QUEUE,417,2025-12-31,245,922,0,922,3.763,0.0,68.3,68.3,LOW,2.28,8.0,0.0,0.0
38142761,AG4,Steady Volume,QUEUE,418,2025-11-21,285,976,0,976,3.425,0.0,68.3,68.3,LOW,2.28,8.0,0.0,0.0
36495808,AG4,Steady Volume,QUEUE,419,2025-08-22,376,1292,0,1292,3.436,0.0,68.3,68.3,LOW,2.28,8.0,0.0,0.0
35088084,AG4,Steady Volume,QUEUE,420,2025-06-23,436,1365,0,1365,3.131,0.0,68.3,68.3,LOW,2.28,8.0,0.0,0.0
34825649,AG4,Steady Volume,QUEUE,421,2025-06-09,450,1391,0,1391,3.091,0.0,68.3,68.3,LOW,2.28,8.0,0.0,0.0
34630411,AG4,Steady Volume,QUEUE,422,2025-05-31,459,1397,0,1397,3.044,0.0,68.3,68.3,LOW,2.28,8.0,0.0,0.0
40564910,AG4,Steady Volume,QUEUE,423,2026-03-10,176,639,0,639,3.631,0.0,68.2,68.2,LOW,2.28,8.0,0.0,0.0
38142791,AG4,Steady Volume,QUEUE,424,2025-11-21,285,975,0,975,3.421,0.0,68.2,68.2,LOW,2.28,8.0,0.0,0.0
35843699,AG4,Steady Volume,QUEUE,425,2025-07-21,408,1320,0,1320,3.235,0.0,68.2,68.2,LOW,2.28,8.0,0.0,0.0
35286935,AG4,Steady Volume,QUEUE,426,2025-07-01,428,1347,0,1347,3.147,0.0,68.2,68.2,LOW,2.28,8.0,0.0,0.0
35088081,AG4,Steady Volume,QUEUE,427,2025-06-23,436,1355,0,1355,3.108,0.0,68.2,68.2,LOW,2.28,8.0,0.0,0.0
41096529,AG4,Steady Volume,QUEUE,428,2026-04-02,153,610,0,610,3.987,0.0,68.1,68.1,LOW,2.28,8.0,0.0,0.0
38146563,AG4,Steady Volume,QUEUE,429,2025-11-21,285,968,0,968,3.396,0.0,68.1,68.1,LOW,2.28,8.0,0.0,0.0
38142994,AG4,Steady Volume,QUEUE,430,2025-11-21,285,970,0,970,3.404,0.0,68.1,68.1,LOW,2.28,8.0,0.0,0.0
40564946,AG4,Steady Volume,QUEUE,431,2026-03-10,176,635,0,635,3.608,0.0,68.0,68.0,LOW,2.28,8.0,0.0,0.0
36975388,AG4,Steady Volume,QUEUE,432,2025-09-18,349,1029,0,1029,2.948,0.0,68.0,68.0,LOW,2.28,8.0,0.0,0.0
36253947,AG4,Steady Volume,QUEUE,433,2025-08-06,392,1298,0,1298,3.311,0.0,68.0,68.0,LOW,2.28,8.0,0.0,0.0
35843763,AG4,Steady Volume,QUEUE,434,2025-07-21,408,1312,0,1312,3.216,0.0,68.0,68.0,LOW,2.28,8.0,0.0,0.0
35288258,AG4,Steady Volume,QUEUE,435,2025-07-01,428,1327,0,1327,3.1,0.0,68.0,68.0,LOW,2.28,8.0,0.0,0.0
34726115,AG4,Steady Volume,QUEUE,436,2025-06-04,455,1370,0,1370,3.011,0.0,68.0,68.0,LOW,2.28,8.0,0.0,0.0
38142706,AG4,Steady Volume,QUEUE,437,2025-11-21,285,961,0,961,3.372,0.0,67.9,67.9,LOW,2.28,8.0,0.0,0.0
34630499,AG4,Steady Volume,QUEUE,438,2025-05-31,459,1368,0,1368,2.98,0.0,67.9,67.9,LOW,2.28,8.0,0.0,0.0
34704059,AG4,Steady Volume,QUEUE,439,2025-06-03,456,1368,0,1368,3.0,0.0,67.9,67.9,LOW,2.28,8.0,0.0,0.0
35898406,AG4,Steady Volume,QUEUE,440,2025-07-23,406,1303,0,1303,3.209,0.0,67.8,67.8,LOW,2.28,8.0,0.0,0.0
35706371,AG4,Steady Volume,QUEUE,441,2025-07-16,413,1306,0,1306,3.162,0.0,67.8,67.8,LOW,2.28,8.0,0.0,0.0
35287573,AG4,Steady Volume,QUEUE,442,2025-07-01,428,1321,0,1321,3.086,0.0,67.8,67.8,LOW,2.28,8.0,0.0,0.0
41529968,AG4,Steady Volume,QUEUE,443,2026-04-22,133,574,0,574,4.316,0.0,67.7,67.7,LOW,2.28,8.0,0.0,0.0
39587569,AG4,Steady Volume,QUEUE,444,2026-01-23,222,872,0,872,3.928,0.0,67.7,67.7,LOW,2.28,8.0,0.0,0.0
38141252,AG4,Steady Volume,QUEUE,445,2025-11-21,285,953,0,953,3.344,0.0,67.7,67.7,LOW,2.28,8.0,0.0,0.0
36253954,AG4,Steady Volume,QUEUE,446,2025-08-06,392,1280,0,1280,3.265,0.0,67.7,67.7,LOW,2.28,8.0,0.0,0.0
35288044,AG4,Steady Volume,QUEUE,447,2025-07-01,428,1314,0,1314,3.07,0.0,67.7,67.7,LOW,2.28,8.0,0.0,0.0
36253955,AG4,Steady Volume,QUEUE,448,2025-08-06,392,1278,0,1278,3.26,0.0,67.6,67.6,LOW,2.28,8.0,0.0,0.0
35481585,AG4,Steady Volume,QUEUE,449,2025-07-08,421,1303,0,1303,3.095,0.0,67.6,67.6,LOW,2.28,8.0,0.0,0.0
35288245,AG4,Steady Volume,QUEUE,450,2025-07-01,428,1309,0,1309,3.058,0.0,67.6,67.6,LOW,2.28,8.0,0.0,0.0
34704075,AG4,Steady Volume,QUEUE,451,2025-06-03,456,1336,0,1336,2.93,0.0,67.6,67.6,LOW,2.28,8.0,0.0,0.0
34748963,AG4,Steady Volume,QUEUE,452,2025-06-05,454,1338,0,1338,2.947,0.0,67.6,67.6,LOW,2.28,8.0,0.0,0.0
39878174,AG4,Steady Volume,QUEUE,453,2026-02-05,209,843,0,843,4.033,0.0,67.5,67.5,LOW,2.28,8.0,0.0,0.0
35706320,AG4,Steady Volume,QUEUE,454,2025-07-16,413,1290,0,1290,3.123,0.0,67.5,67.5,LOW,2.28,8.0,0.0,0.0
35287343,AG4,Steady Volume,QUEUE,455,2025-07-01,428,1305,0,1305,3.049,0.0,67.5,67.5,LOW,2.28,8.0,0.0,0.0
41096502,AG4,Steady Volume,QUEUE,456,2026-04-02,153,589,0,589,3.85,0.0,67.4,67.4,LOW,2.28,8.0,0.0,0.0
35334551,AG4,Steady Volume,QUEUE,457,2025-07-04,425,1295,0,1295,3.047,0.0,67.4,67.4,LOW,2.28,8.0,0.0,0.0
35088106,AG4,Steady Volume,QUEUE,458,2025-06-23,436,1306,0,1306,2.995,0.0,67.4,67.4,LOW,2.28,8.0,0.0,0.0
39749634,AG4,Steady Volume,QUEUE,459,2026-01-31,214,842,0,842,3.935,0.0,67.3,67.3,LOW,2.28,8.0,0.0,0.0
35706536,AG4,Steady Volume,QUEUE,460,2025-07-16,413,1281,0,1281,3.102,0.0,67.3,67.3,LOW,2.28,8.0,0.0,0.0
34745706,AG4,Steady Volume,QUEUE,461,2025-06-06,453,1319,0,1319,2.912,0.0,67.3,67.3,LOW,2.28,8.0,0.0,0.0
39878173,AG4,Steady Volume,QUEUE,462,2026-02-05,209,833,0,833,3.986,0.0,67.2,67.2,LOW,2.28,8.0,0.0,0.0
34630470,AG4,Steady Volume,QUEUE,463,2025-05-31,459,1314,0,1314,2.863,0.0,67.2,67.2,LOW,2.28,8.0,0.0,0.0
34714168,AG4,Steady Volume,QUEUE,464,2025-06-03,456,1314,0,1314,2.882,0.0,67.2,67.2,LOW,2.28,8.0,0.0,0.0
39047616,AG4,Steady Volume,QUEUE,465,2025-12-31,245,872,0,872,3.559,0.0,67.1,67.1,LOW,2.28,8.0,0.0,0.0
35287174,AG4,Steady Volume,QUEUE,466,2025-07-01,428,1284,0,1284,3.0,0.0,67.1,67.1,LOW,2.28,8.0,0.0,0.0
35288203,AG4,Steady Volume,QUEUE,467,2025-07-01,428,1285,0,1285,3.002,0.0,67.1,67.1,LOW,2.28,8.0,0.0,0.0
34949683,AG4,Steady Volume,QUEUE,468,2025-06-16,443,1300,0,1300,2.935,0.0,67.1,67.1,LOW,2.28,8.0,0.0,0.0
39749654,AG4,Steady Volume,QUEUE,469,2026-01-31,214,827,0,827,3.864,0.0,67.0,67.0,LOW,2.28,8.0,0.0,0.0
35706577,AG4,Steady Volume,QUEUE,470,2025-07-16,413,1262,0,1262,3.056,0.0,67.0,67.0,LOW,2.28,8.0,0.0,0.0
35482196,AG4,Steady Volume,QUEUE,471,2025-07-09,420,1267,0,1267,3.017,0.0,67.0,67.0,LOW,2.28,8.0,0.0,0.0
40564918,AG4,Steady Volume,QUEUE,472,2026-03-10,176,607,0,607,3.449,0.0,66.9,66.9,LOW,2.28,8.0,0.0,0.0
39749702,AG4,Steady Volume,QUEUE,473,2026-01-31,214,823,0,823,3.846,0.0,66.9,66.9,LOW,2.28,8.0,0.0,0.0
36495836,AG4,Steady Volume,QUEUE,474,2025-08-22,376,1214,0,1214,3.229,0.0,66.9,66.9,LOW,2.28,8.0,0.0,0.0
34949566,AG4,Steady Volume,QUEUE,475,2025-06-16,443,1287,0,1287,2.905,0.0,66.9,66.9,LOW,2.28,8.0,0.0,0.0
34630435,AG4,Steady Volume,QUEUE,476,2025-05-31,459,1305,0,1305,2.843,0.0,66.9,66.9,LOW,2.28,8.0,0.0,0.0
39592482,AG4,Steady Volume,QUEUE,477,2026-01-23,222,832,0,832,3.748,0.0,66.8,66.8,LOW,2.28,8.0,0.0,0.0
39592484,AG4,Steady Volume,QUEUE,478,2026-01-23,222,833,0,833,3.752,0.0,66.8,66.8,LOW,2.28,8.0,0.0,0.0
38142718,AG4,Steady Volume,QUEUE,479,2025-11-21,285,914,0,914,3.207,0.0,66.8,66.8,LOW,2.28,8.0,0.0,0.0
35706083,AG4,Steady Volume,QUEUE,480,2025-07-16,413,1248,0,1248,3.022,0.0,66.8,66.8,LOW,2.28,8.0,0.0,0.0
35287276,AG4,Steady Volume,QUEUE,481,2025-07-01,428,1270,0,1270,2.967,0.0,66.8,66.8,LOW,2.28,8.0,0.0,0.0
33855654,AG4,Steady Volume,QUEUE,482,2025-04-29,491,1329,0,1329,2.707,0.0,66.8,66.8,LOW,2.28,8.0,0.0,0.0
34801329,AG4,Steady Volume,QUEUE,483,2025-06-09,450,1283,0,1283,2.851,0.0,66.7,66.7,LOW,2.28,8.0,0.0,0.0
34611081,AG4,Steady Volume,QUEUE,484,2025-05-31,459,1294,0,1294,2.819,0.0,66.7,66.7,LOW,2.28,8.0,0.0,0.0
39827753,AG4,Steady Volume,QUEUE,485,2026-02-05,209,814,0,814,3.895,0.0,66.6,66.6,LOW,2.28,8.0,0.0,0.0
38142754,AG4,Steady Volume,QUEUE,486,2025-11-21,285,902,0,902,3.165,0.0,66.6,66.6,LOW,2.28,8.0,0.0,0.0
35843391,AG4,Steady Volume,QUEUE,487,2025-07-20,409,1235,0,1235,3.02,0.0,66.6,66.6,LOW,2.28,8.0,0.0,0.0
35706028,AG4,Steady Volume,QUEUE,488,2025-07-16,413,1240,0,1240,3.002,0.0,66.6,66.6,LOW,2.28,8.0,0.0,0.0
35706551,AG4,Steady Volume,QUEUE,489,2025-07-16,413,1240,0,1240,3.002,0.0,66.6,66.6,LOW,2.28,8.0,0.0,0.0
35706642,AG4,Steady Volume,QUEUE,490,2025-07-16,413,1240,0,1240,3.002,0.0,66.6,66.6,LOW,2.28,8.0,0.0,0.0
34949271,AG4,Steady Volume,QUEUE,491,2025-06-16,443,1277,0,1277,2.883,0.0,66.6,66.6,LOW,2.28,8.0,0.0,0.0
39258586,AG4,Steady Volume,QUEUE,492,2026-01-08,237,836,0,836,3.527,0.0,66.5,66.5,LOW,2.28,8.0,0.0,0.0
38146569,AG4,Steady Volume,QUEUE,493,2025-11-21,285,899,0,899,3.154,0.0,66.5,66.5,LOW,2.28,8.0,0.0,0.0
35706162,AG4,Steady Volume,QUEUE,494,2025-07-16,413,1239,0,1239,3.0,0.0,66.5,66.5,LOW,2.28,8.0,0.0,0.0
35287605,AG4,Steady Volume,QUEUE,495,2025-07-01,428,1249,0,1249,2.918,0.0,66.5,66.5,LOW,2.28,8.0,0.0,0.0
34949933,AG4,Steady Volume,QUEUE,496,2025-06-16,443,1265,0,1265,2.856,0.0,66.5,66.5,LOW,2.28,8.0,0.0,0.0
39587717,AG4,Steady Volume,QUEUE,497,2026-01-23,222,1158,238,1396,5.216,0.17,74.1,66.5,LOW,2.28,8.0,0.0,0.0
36804985,AG4,Steady Volume,QUEUE,498,2025-09-06,361,978,0,978,2.709,0.0,66.4,66.4,LOW,2.28,8.0,0.0,0.0
35843797,AG4,Steady Volume,QUEUE,499,2025-07-21,408,1225,0,1225,3.002,0.0,66.4,66.4,LOW,2.28,8.0,0.0,0.0
35706513,AG4,Steady Volume,QUEUE,500,2025-07-16,413,1230,0,1230,2.978,0.0,66.4,66.4,LOW,2.28,8.0,0.0,0.0
34949690,AG4,Steady Volume,QUEUE,501,2025-06-16,443,1257,0,1257,2.837,0.0,66.4,66.4,LOW,2.28,8.0,0.0,0.0
34949284,AG4,Steady Volume,QUEUE,502,2025-06-16,443,1261,0,1261,2.847,0.0,66.4,66.4,LOW,2.28,8.0,0.0,0.0
34630361,AG4,Steady Volume,QUEUE,503,2025-05-31,459,1278,0,1278,2.784,0.0,66.4,66.4,LOW,2.28,8.0,0.0,0.0
33078175,AG4,Steady Volume,QUEUE,504,2025-03-06,545,1370,0,1370,2.514,0.0,66.4,66.4,LOW,2.28,8.0,0.0,0.0
35334364,AG4,Steady Volume,QUEUE,505,2025-07-04,425,1566,193,1759,3.685,0.11,71.1,66.4,LOW,2.28,8.0,0.0,0.0
34630334,AG4,Steady Volume,QUEUE,506,2025-05-31,459,1628,210,1838,3.547,0.114,71.3,66.4,LOW,2.28,8.0,0.0,0.0
39749637,AG4,Steady Volume,QUEUE,507,2026-01-31,214,805,0,805,3.762,0.0,66.3,66.3,LOW,2.28,8.0,0.0,0.0
39047646,AG4,Steady Volume,QUEUE,508,2025-12-30,246,841,0,841,3.419,0.0,66.3,66.3,LOW,2.28,8.0,0.0,0.0
36495838,AG4,Steady Volume,QUEUE,509,2025-08-22,376,1183,0,1183,3.146,0.0,66.3,66.3,LOW,2.28,8.0,0.0,0.0
35287002,AG4,Steady Volume,QUEUE,510,2025-07-01,428,1238,0,1238,2.893,0.0,66.3,66.3,LOW,2.28,8.0,0.0,0.0
39258874,AG4,Steady Volume,QUEUE,511,2026-01-11,234,823,0,823,3.517,0.0,66.2,66.2,LOW,2.28,8.0,0.0,0.0
35287519,AG4,Steady Volume,QUEUE,512,2025-07-01,428,1233,0,1233,2.881,0.0,66.2,66.2,LOW,2.28,8.0,0.0,0.0
35287631,AG4,Steady Volume,QUEUE,513,2025-07-01,428,1236,0,1236,2.888,0.0,66.2,66.2,LOW,2.28,8.0,0.0,0.0
34630487,AG4,Steady Volume,QUEUE,514,2025-05-31,459,1753,301,2054,3.819,0.147,72.6,66.2,LOW,2.28,8.0,0.0,0.0
36495807,AG4,Steady Volume,QUEUE,515,2025-08-22,376,1173,0,1173,3.12,0.0,66.1,66.1,LOW,2.28,8.0,0.0,0.0
36253951,AG4,Steady Volume,QUEUE,516,2025-08-06,392,1189,0,1189,3.033,0.0,66.1,66.1,LOW,2.28,8.0,0.0,0.0
35898434,AG4,Steady Volume,QUEUE,517,2025-07-23,406,1208,0,1208,2.975,0.0,66.1,66.1,LOW,2.28,8.0,0.0,0.0
34748965,AG4,Steady Volume,QUEUE,518,2025-06-05,454,1256,0,1256,2.767,0.0,66.1,66.1,LOW,2.28,8.0,0.0,0.0
34630496,AG4,Steady Volume,QUEUE,519,2025-05-31,459,1263,0,1263,2.752,0.0,66.1,66.1,LOW,2.28,8.0,0.0,0.0
36805065,AG4,Steady Volume,QUEUE,520,2025-09-06,361,958,0,958,2.654,0.0,66.0,66.0,LOW,2.28,8.0,0.0,0.0
35287890,AG4,Steady Volume,QUEUE,521,2025-07-01,428,1219,0,1219,2.848,0.0,66.0,66.0,LOW,2.28,8.0,0.0,0.0
34849351,AG4,Steady Volume,QUEUE,522,2025-06-11,448,1245,0,1245,2.779,0.0,66.0,66.0,LOW,2.28,8.0,0.0,0.0
34703838,AG4,Steady Volume,QUEUE,523,2025-06-03,456,1256,0,1256,2.754,0.0,66.0,66.0,LOW,2.28,8.0,0.0,0.0
34630497,AG4,Steady Volume,QUEUE,524,2025-05-31,459,1473,126,1599,3.209,0.079,69.3,66.0,LOW,2.28,8.0,0.0,0.0
39258736,AG4,Steady Volume,QUEUE,525,2026-01-08,237,820,0,820,3.46,0.0,65.9,65.9,LOW,2.28,8.0,0.0,0.0
35706714,AG4,Steady Volume,QUEUE,526,2025-07-16,413,1200,0,1200,2.906,0.0,65.9,65.9,LOW,2.28,8.0,0.0,0.0
35087798,AG4,Steady Volume,QUEUE,527,2025-06-23,436,1229,0,1229,2.819,0.0,65.9,65.9,LOW,2.28,8.0,0.0,0.0
33078173,AG4,Steady Volume,QUEUE,528,2025-03-06,545,1329,0,1329,2.439,0.0,65.9,65.9,LOW,2.28,8.0,0.0,0.0
36225665,AG4,Steady Volume,QUEUE,529,2025-08-05,393,1175,0,1175,2.99,0.0,65.8,65.8,LOW,2.28,8.0,0.0,0.0
35287154,AG4,Steady Volume,QUEUE,530,2025-07-01,428,1210,0,1210,2.827,0.0,65.8,65.8,LOW,2.28,8.0,0.0,0.0
34630475,AG4,Steady Volume,QUEUE,531,2025-05-31,459,1246,0,1246,2.715,0.0,65.8,65.8,LOW,2.28,8.0,0.0,0.0
39749641,AG4,Steady Volume,QUEUE,532,2026-01-31,214,780,0,780,3.645,0.0,65.6,65.6,LOW,2.28,8.0,0.0,0.0
35481954,AG4,Steady Volume,QUEUE,533,2025-07-08,421,1194,0,1194,2.836,0.0,65.6,65.6,LOW,2.28,8.0,0.0,0.0
35287405,AG4,Steady Volume,QUEUE,534,2025-07-01,428,1201,0,1201,2.806,0.0,65.6,65.6,LOW,2.28,8.0,0.0,0.0
35288095,AG4,Steady Volume,QUEUE,535,2025-07-01,428,1202,0,1202,2.808,0.0,65.6,65.6,LOW,2.28,8.0,0.0,0.0
35087702,AG4,Steady Volume,QUEUE,536,2025-06-23,436,1211,0,1211,2.778,0.0,65.6,65.6,LOW,2.28,8.0,0.0,0.0
34801277,AG4,Steady Volume,QUEUE,537,2025-06-09,450,1227,0,1227,2.727,0.0,65.6,65.6,LOW,2.28,8.0,0.0,0.0
33078189,AG4,Steady Volume,QUEUE,538,2025-03-06,545,1316,0,1316,2.415,0.0,65.6,65.6,LOW,2.28,8.0,0.0,0.0
41096499,AG4,Steady Volume,QUEUE,539,2026-04-02,153,542,0,542,3.542,0.0,65.5,65.5,LOW,2.28,8.0,0.0,0.0
36805023,AG4,Steady Volume,QUEUE,540,2025-09-06,361,941,0,941,2.607,0.0,65.5,65.5,LOW,2.28,8.0,0.0,0.0
35706155,AG4,Steady Volume,QUEUE,541,2025-07-16,413,1177,0,1177,2.85,0.0,65.5,65.5,LOW,2.28,8.0,0.0,0.0
35706395,AG4,Steady Volume,QUEUE,542,2025-07-16,413,1177,0,1177,2.85,0.0,65.5,65.5,LOW,2.28,8.0,0.0,0.0
35288199,AG4,Steady Volume,QUEUE,543,2025-07-01,428,1197,0,1197,2.797,0.0,65.5,65.5,LOW,2.28,8.0,0.0,0.0
34949530,AG4,Steady Volume,QUEUE,544,2025-06-16,443,1212,0,1212,2.736,0.0,65.5,65.5,LOW,2.28,8.0,0.0,0.0
34949939,AG4,Steady Volume,QUEUE,545,2025-06-16,443,1213,0,1213,2.738,0.0,65.5,65.5,LOW,2.28,8.0,0.0,0.0
34745762,AG4,Steady Volume,QUEUE,546,2025-06-06,453,1224,0,1224,2.702,0.0,65.5,65.5,LOW,2.28,8.0,0.0,0.0
34748919,AG4,Steady Volume,QUEUE,547,2025-06-05,454,1226,0,1226,2.7,0.0,65.5,65.5,LOW,2.28,8.0,0.0,0.0
35087705,AG4,Steady Volume,QUEUE,548,2025-06-23,436,1201,0,1201,2.755,0.0,65.4,65.4,LOW,2.28,8.0,0.0,0.0
34704291,AG4,Steady Volume,QUEUE,549,2025-06-03,456,1217,0,1217,2.669,0.0,65.4,65.4,LOW,2.28,8.0,0.0,0.0
39258912,AG4,Steady Volume,QUEUE,550,2026-01-09,236,799,0,799,3.386,0.0,65.3,65.3,LOW,2.28,8.0,0.0,0.0
34748949,AG4,Steady Volume,QUEUE,551,2025-06-05,454,1211,0,1211,2.667,0.0,65.3,65.3,LOW,2.28,8.0,0.0,0.0
33848521,AG4,Steady Volume,QUEUE,552,2025-04-29,491,1250,0,1250,2.546,0.0,65.3,65.3,LOW,2.28,8.0,0.0,0.0
36495831,AG4,Steady Volume,QUEUE,553,2025-08-22,376,1134,0,1134,3.016,0.0,65.2,65.2,LOW,2.28,8.0,0.0,0.0
35706263,AG4,Steady Volume,QUEUE,554,2025-07-16,413,1166,0,1166,2.823,0.0,65.2,65.2,LOW,2.28,8.0,0.0,0.0
34745765,AG4,Steady Volume,QUEUE,555,2025-06-06,453,1207,0,1207,2.664,0.0,65.2,65.2,LOW,2.28,8.0,0.0,0.0
33896313,AG4,Steady Volume,QUEUE,556,2025-05-02,488,1241,0,1241,2.543,0.0,65.2,65.2,LOW,2.28,8.0,0.0,0.0
35706581,AG4,Steady Volume,QUEUE,557,2025-07-16,413,1162,0,1162,2.814,0.0,65.1,65.1,LOW,2.28,8.0,0.0,0.0
33078183,AG4,Steady Volume,QUEUE,558,2025-03-06,545,1289,0,1289,2.365,0.0,65.1,65.1,LOW,2.28,8.0,0.0,0.0
33077159,AG4,Steady Volume,QUEUE,559,2025-03-06,545,1293,0,1293,2.372,0.0,65.1,65.1,LOW,2.28,8.0,0.0,0.0
35706009,AG4,Steady Volume,QUEUE,560,2025-07-16,413,1159,0,1159,2.806,0.0,65.0,65.0,LOW,2.28,8.0,0.0,0.0
35481892,AG4,Steady Volume,QUEUE,561,2025-07-08,421,1167,0,1167,2.772,0.0,65.0,65.0,LOW,2.28,8.0,0.0,0.0
33078167,AG4,Steady Volume,QUEUE,562,2025-03-06,545,1286,0,1286,2.36,0.0,65.0,65.0,LOW,2.28,8.0,0.0,0.0
41096492,AG4,Steady Volume,QUEUE,563,2026-04-02,153,532,0,532,3.477,0.0,64.9,64.9,LOW,2.28,8.0,0.0,0.0
35706067,AG4,Steady Volume,QUEUE,564,2025-07-16,413,1155,0,1155,2.797,0.0,64.9,64.9,LOW,2.28,8.0,0.0,0.0
35287394,AG4,Steady Volume,QUEUE,565,2025-07-01,428,1168,0,1168,2.729,0.0,64.9,64.9,LOW,2.28,8.0,0.0,0.0
34949615,AG4,Steady Volume,QUEUE,566,2025-06-16,443,1177,0,1177,2.657,0.0,64.9,64.9,LOW,2.28,8.0,0.0,0.0
35843488,AG4,Steady Volume,QUEUE,567,2025-07-21,408,1145,0,1145,2.806,0.0,64.8,64.8,LOW,2.28,8.0,0.0,0.0
35706722,AG4,Steady Volume,QUEUE,568,2025-07-16,413,1154,0,1154,2.794,0.0,64.8,64.8,LOW,2.28,8.0,0.0,0.0
35287532,AG4,Steady Volume,QUEUE,569,2025-07-01,428,1162,0,1162,2.715,0.0,64.8,64.8,LOW,2.28,8.0,0.0,0.0
34726048,AG4,Steady Volume,QUEUE,570,2025-06-04,455,1186,0,1186,2.607,0.0,64.8,64.8,LOW,2.28,8.0,0.0,0.0
34630464,AG4,Steady Volume,QUEUE,571,2025-05-31,459,1191,0,1191,2.595,0.0,64.8,64.8,LOW,2.28,8.0,0.0,0.0
34611088,AG4,Steady Volume,QUEUE,572,2025-05-31,459,1192,0,1192,2.597,0.0,64.8,64.8,LOW,2.28,8.0,0.0,0.0
39047625,AG4,Steady Volume,QUEUE,573,2025-12-30,246,786,0,786,3.195,0.0,64.7,64.7,LOW,2.28,8.0,0.0,0.0
34703995,AG4,Steady Volume,QUEUE,574,2025-06-03,456,1181,0,1181,2.59,0.0,64.7,64.7,LOW,2.28,8.0,0.0,0.0
33855710,AG4,Steady Volume,QUEUE,575,2025-04-29,491,1224,0,1224,2.493,0.0,64.7,64.7,LOW,2.28,8.0,0.0,0.0
35087872,AG4,Steady Volume,QUEUE,576,2025-06-23,436,1160,0,1160,2.661,0.0,64.6,64.6,LOW,2.28,8.0,0.0,0.0
34871213,AG4,Steady Volume,QUEUE,577,2025-06-12,447,1166,0,1166,2.609,0.0,64.6,64.6,LOW,2.28,8.0,0.0,0.0
34949425,AG4,Steady Volume,QUEUE,578,2025-06-16,443,1166,0,1166,2.632,0.0,64.6,64.6,LOW,2.28,8.0,0.0,0.0
39258941,AG4,Steady Volume,QUEUE,579,2026-01-09,236,770,0,770,3.263,0.0,64.5,64.5,LOW,2.28,8.0,0.0,0.0
39047633,AG4,Steady Volume,QUEUE,580,2025-12-30,246,778,0,778,3.163,0.0,64.5,64.5,LOW,2.28,8.0,0.0,0.0
35706180,AG4,Steady Volume,QUEUE,581,2025-07-16,413,1137,0,1137,2.753,0.0,64.5,64.5,LOW,2.28,8.0,0.0,0.0
35706060,AG4,Steady Volume,QUEUE,582,2025-07-16,413,1140,0,1140,2.76,0.0,64.5,64.5,LOW,2.28,8.0,0.0,0.0
33890030,AG4,Steady Volume,QUEUE,583,2025-05-02,488,1206,0,1206,2.471,0.0,64.5,64.5,LOW,2.28,8.0,0.0,0.0
33845185,AG4,Steady Volume,QUEUE,584,2025-04-28,492,1213,0,1213,2.465,0.0,64.5,64.5,LOW,2.28,8.0,0.0,0.0
41096539,AG4,Steady Volume,QUEUE,585,2026-04-02,153,521,0,521,3.405,0.0,64.4,64.4,LOW,2.28,8.0,0.0,0.0
39749644,AG4,Steady Volume,QUEUE,586,2026-01-31,214,744,0,744,3.477,0.0,64.4,64.4,LOW,2.28,8.0,0.0,0.0
39258669,AG4,Steady Volume,QUEUE,587,2026-01-08,237,769,0,769,3.245,0.0,64.4,64.4,LOW,2.28,8.0,0.0,0.0
36975387,AG4,Steady Volume,QUEUE,588,2025-09-18,349,883,0,883,2.53,0.0,64.4,64.4,LOW,2.28,8.0,0.0,0.0
34949521,AG4,Steady Volume,QUEUE,589,2025-06-16,443,1160,0,1160,2.619,0.0,64.4,64.4,LOW,2.28,8.0,0.0,0.0
34825716,AG4,Steady Volume,QUEUE,590,2025-06-09,450,1163,0,1163,2.584,0.0,64.4,64.4,LOW,2.28,8.0,0.0,0.0
34703868,AG4,Steady Volume,QUEUE,591,2025-06-03,456,1170,0,1170,2.566,0.0,64.4,64.4,LOW,2.28,8.0,0.0,0.0
39258663,AG4,Steady Volume,QUEUE,592,2026-01-08,237,765,0,765,3.228,0.0,64.3,64.3,LOW,2.28,8.0,0.0,0.0
38142789,AG4,Steady Volume,QUEUE,593,2025-11-21,285,814,0,814,2.856,0.0,64.3,64.3,LOW,2.28,8.0,0.0,0.0
36253936,AG4,Steady Volume,QUEUE,594,2025-08-06,392,1105,0,1105,2.819,0.0,64.3,64.3,LOW,2.28,8.0,0.0,0.0
35898454,AG4,Steady Volume,QUEUE,595,2025-07-23,406,1125,0,1125,2.771,0.0,64.3,64.3,LOW,2.28,8.0,0.0,0.0
35088148,AG4,Steady Volume,QUEUE,596,2025-06-23,436,1147,0,1147,2.631,0.0,64.3,64.3,LOW,2.28,8.0,0.0,0.0
34949563,AG4,Steady Volume,QUEUE,597,2025-06-16,443,1155,0,1155,2.607,0.0,64.3,64.3,LOW,2.28,8.0,0.0,0.0
35088046,AG4,Steady Volume,QUEUE,598,2025-06-23,436,1142,0,1142,2.619,0.0,64.2,64.2,LOW,2.28,8.0,0.0,0.0
39878175,AG4,Steady Volume,QUEUE,599,2026-02-05,209,730,0,730,3.493,0.0,64.1,64.1,LOW,2.28,8.0,0.0,0.0
39587658,AG4,Steady Volume,QUEUE,600,2026-01-23,222,744,0,744,3.351,0.0,64.1,64.1,LOW,2.28,8.0,0.0,0.0
35706469,AG4,Steady Volume,QUEUE,601,2025-07-16,413,1116,0,1116,2.702,0.0,64.1,64.1,LOW,2.28,8.0,0.0,0.0
35334543,AG4,Steady Volume,QUEUE,602,2025-07-03,426,1129,0,1129,2.65,0.0,64.1,64.1,LOW,2.28,8.0,0.0,0.0
35287551,AG4,Steady Volume,QUEUE,603,2025-07-01,428,1133,0,1133,2.647,0.0,64.1,64.1,LOW,2.28,8.0,0.0,0.0
34949754,AG4,Steady Volume,QUEUE,604,2025-06-16,443,1148,0,1148,2.591,0.0,64.1,64.1,LOW,2.28,8.0,0.0,0.0
34745713,AG4,Steady Volume,QUEUE,605,2025-06-05,454,1156,0,1156,2.546,0.0,64.1,64.1,LOW,2.28,8.0,0.0,0.0
35706522,AG4,Steady Volume,QUEUE,606,2025-07-16,413,1111,0,1111,2.69,0.0,64.0,64.0,LOW,2.28,8.0,0.0,0.0
34949443,AG4,Steady Volume,QUEUE,607,2025-06-16,443,1144,0,1144,2.582,0.0,64.0,64.0,LOW,2.28,8.0,0.0,0.0
34630409,AG4,Steady Volume,QUEUE,608,2025-05-31,459,1159,0,1159,2.525,0.0,64.0,64.0,LOW,2.28,8.0,0.0,0.0
33848501,AG4,Steady Volume,QUEUE,609,2025-04-29,491,1182,0,1182,2.407,0.0,64.0,64.0,LOW,2.28,8.0,0.0,0.0
39258918,AG4,Steady Volume,QUEUE,610,2026-01-09,236,1250,419,1669,5.297,0.251,75.4,64.0,LOW,2.28,8.0,0.0,0.0
41802172,AG4,Steady Volume,QUEUE,611,2026-05-02,123,471,0,471,3.829,0.0,63.9,63.9,LOW,2.28,8.0,0.0,0.0
41096522,AG4,Steady Volume,QUEUE,612,2026-04-02,153,509,0,509,3.327,0.0,63.9,63.9,LOW,2.28,8.0,0.0,0.0
39047637,AG4,Steady Volume,QUEUE,613,2025-12-31,245,760,0,760,3.102,0.0,63.9,63.9,LOW,2.28,8.0,0.0,0.0
35706306,AG4,Steady Volume,QUEUE,614,2025-07-16,413,1103,0,1103,2.671,0.0,63.8,63.8,LOW,2.28,8.0,0.0,0.0
35288036,AG4,Steady Volume,QUEUE,615,2025-07-01,428,1116,0,1116,2.607,0.0,63.8,63.8,LOW,2.28,8.0,0.0,0.0
34630373,AG4,Steady Volume,QUEUE,616,2025-05-31,459,1149,0,1149,2.503,0.0,63.8,63.8,LOW,2.28,8.0,0.0,0.0
33848543,AG4,Steady Volume,QUEUE,617,2025-04-29,491,1173,0,1173,2.389,0.0,63.8,63.8,LOW,2.28,8.0,0.0,0.0
35088166,AG4,Steady Volume,QUEUE,618,2025-06-23,436,1122,0,1122,2.573,0.0,63.7,63.7,LOW,2.28,8.0,0.0,0.0
35088023,AG4,Steady Volume,QUEUE,619,2025-06-23,436,1126,0,1126,2.583,0.0,63.7,63.7,LOW,2.28,8.0,0.0,0.0
36409589,AG4,Steady Volume,QUEUE,620,2025-08-16,382,1929,684,2613,5.05,0.262,75.6,63.7,LOW,2.28,8.0,0.0,0.0
36805071,AG4,Steady Volume,QUEUE,621,2025-09-06,361,862,0,862,2.388,0.0,63.6,63.6,LOW,2.28,8.0,0.0,0.0
36253987,AG4,Steady Volume,QUEUE,622,2025-08-06,392,1076,0,1076,2.745,0.0,63.6,63.6,LOW,2.28,8.0,0.0,0.0
35898439,AG4,Steady Volume,QUEUE,623,2025-07-23,406,1086,0,1086,2.675,0.0,63.6,63.6,LOW,2.28,8.0,0.0,0.0
35706340,AG4,Steady Volume,QUEUE,624,2025-07-16,413,1093,0,1093,2.646,0.0,63.6,63.6,LOW,2.28,8.0,0.0,0.0
35481578,AG4,Steady Volume,QUEUE,625,2025-07-08,421,1101,0,1101,2.615,0.0,63.6,63.6,LOW,2.28,8.0,0.0,0.0
35286917,AG4,Steady Volume,QUEUE,626,2025-07-01,428,1108,0,1108,2.589,0.0,63.6,63.6,LOW,2.28,8.0,0.0,0.0
34745702,AG4,Steady Volume,QUEUE,627,2025-06-05,454,1136,0,1136,2.502,0.0,63.6,63.6,LOW,2.28,8.0,0.0,0.0
39749593,AG4,Steady Volume,QUEUE,628,2026-01-31,214,720,0,720,3.364,0.0,63.5,63.5,LOW,2.28,8.0,0.0,0.0
39749690,AG4,Steady Volume,QUEUE,629,2026-01-31,214,721,0,721,3.369,0.0,63.5,63.5,LOW,2.28,8.0,0.0,0.0
39587545,AG4,Steady Volume,QUEUE,630,2026-01-23,222,725,0,725,3.266,0.0,63.5,63.5,LOW,2.28,8.0,0.0,0.0
36495799,AG4,Steady Volume,QUEUE,631,2025-08-22,376,1052,0,1052,2.798,0.0,63.5,63.5,LOW,2.28,8.0,0.0,0.0
34611098,AG4,Steady Volume,QUEUE,632,2025-05-30,460,1135,0,1135,2.467,0.0,63.5,63.5,LOW,2.28,8.0,0.0,0.0
34630429,AG4,Steady Volume,QUEUE,633,2025-05-31,459,1135,0,1135,2.473,0.0,63.5,63.5,LOW,2.28,8.0,0.0,0.0
33850492,AG4,Steady Volume,QUEUE,634,2025-04-29,491,1162,0,1162,2.367,0.0,63.5,63.5,LOW,2.28,8.0,0.0,0.0
36603240,AG4,Steady Volume,QUEUE,635,2025-08-26,372,1131,52,1183,3.04,0.044,65.2,63.5,LOW,2.28,8.0,0.0,0.0
35706685,AG4,Steady Volume,QUEUE,636,2025-07-16,413,1085,0,1085,2.627,0.0,63.4,63.4,LOW,2.28,8.0,0.0,0.0
34949849,AG4,Steady Volume,QUEUE,637,2025-06-16,443,1115,0,1115,2.517,0.0,63.4,63.4,LOW,2.28,8.0,0.0,0.0
34838068,AG4,Steady Volume,QUEUE,638,2025-06-11,448,1120,0,1120,2.5,0.0,63.4,63.4,LOW,2.28,8.0,0.0,0.0
34742571,AG4,Steady Volume,QUEUE,639,2025-06-05,454,1127,0,1127,2.482,0.0,63.4,63.4,LOW,2.28,8.0,0.0,0.0
38142855,AG4,Steady Volume,QUEUE,640,2025-11-21,285,780,0,780,2.737,0.0,63.3,63.3,LOW,2.28,8.0,0.0,0.0
36253938,AG4,Steady Volume,QUEUE,641,2025-08-06,392,1061,0,1061,2.707,0.0,63.3,63.3,LOW,2.28,8.0,0.0,0.0
35481469,AG4,Steady Volume,QUEUE,642,2025-07-09,420,1086,0,1086,2.586,0.0,63.3,63.3,LOW,2.28,8.0,0.0,0.0
35287468,AG4,Steady Volume,QUEUE,643,2025-07-01,428,1095,0,1095,2.558,0.0,63.3,63.3,LOW,2.28,8.0,0.0,0.0
35288160,AG4,Steady Volume,QUEUE,644,2025-07-01,428,1099,0,1099,2.568,0.0,63.3,63.3,LOW,2.28,8.0,0.0,0.0
39258660,AG4,Steady Volume,QUEUE,645,2026-01-08,237,733,0,733,3.093,0.0,63.2,63.2,LOW,2.28,8.0,0.0,0.0
38142833,AG4,Steady Volume,QUEUE,646,2025-11-21,285,776,0,776,2.723,0.0,63.2,63.2,LOW,2.28,8.0,0.0,0.0
36805067,AG4,Steady Volume,QUEUE,647,2025-09-06,361,846,0,846,2.343,0.0,63.2,63.2,LOW,2.28,8.0,0.0,0.0
35705898,AG4,Steady Volume,QUEUE,648,2025-07-16,413,1075,0,1075,2.603,0.0,63.2,63.2,LOW,2.28,8.0,0.0,0.0
35087526,AG4,Steady Volume,QUEUE,649,2025-06-23,436,1099,0,1099,2.521,0.0,63.2,63.2,LOW,2.28,8.0,0.0,0.0
34801241,AG4,Steady Volume,QUEUE,650,2025-06-07,452,1115,0,1115,2.467,0.0,63.2,63.2,LOW,2.28,8.0,0.0,0.0
36805022,AG4,Steady Volume,QUEUE,651,2025-09-06,361,843,0,843,2.335,0.0,63.1,63.1,LOW,2.28,8.0,0.0,0.0
35088034,AG4,Steady Volume,QUEUE,652,2025-06-23,436,1094,0,1094,2.509,0.0,63.1,63.1,LOW,2.28,8.0,0.0,0.0
34949460,AG4,Steady Volume,QUEUE,653,2025-06-16,443,1301,149,1450,2.937,0.103,67.2,63.1,LOW,2.28,8.0,0.0,0.0
39878179,AG4,Steady Volume,QUEUE,654,2026-02-05,209,698,0,698,3.34,0.0,63.0,63.0,LOW,2.28,8.0,0.0,0.0
35843301,AG4,Steady Volume,QUEUE,655,2025-07-21,408,1062,0,1062,2.603,0.0,63.0,63.0,LOW,2.28,8.0,0.0,0.0
35334331,AG4,Steady Volume,QUEUE,656,2025-07-03,426,1079,0,1079,2.533,0.0,63.0,63.0,LOW,2.28,8.0,0.0,0.0
35334541,AG4,Steady Volume,QUEUE,657,2025-07-04,425,1079,0,1079,2.539,0.0,63.0,63.0,LOW,2.28,8.0,0.0,0.0
35287721,AG4,Steady Volume,QUEUE,658,2025-07-01,428,1085,0,1085,2.535,0.0,63.0,63.0,LOW,2.28,8.0,0.0,0.0
33864455,AG4,Steady Volume,QUEUE,659,2025-04-30,490,1138,0,1138,2.322,0.0,63.0,63.0,LOW,2.28,8.0,0.0,0.0
33850766,AG4,Steady Volume,QUEUE,660,2025-04-29,491,1141,0,1141,2.324,0.0,63.0,63.0,LOW,2.28,8.0,0.0,0.0
41096497,AG4,Steady Volume,QUEUE,661,2026-04-02,153,484,0,484,3.163,0.0,62.9,62.9,LOW,2.28,8.0,0.0,0.0
39749687,AG4,Steady Volume,QUEUE,662,2026-01-31,214,700,0,700,3.271,0.0,62.9,62.9,LOW,2.28,8.0,0.0,0.0
35706146,AG4,Steady Volume,QUEUE,663,2025-07-16,413,1063,0,1063,2.574,0.0,62.9,62.9,LOW,2.28,8.0,0.0,0.0
35705842,AG4,Steady Volume,QUEUE,664,2025-07-16,413,1064,0,1064,2.576,0.0,62.9,62.9,LOW,2.28,8.0,0.0,0.0
35287147,AG4,Steady Volume,QUEUE,665,2025-07-01,428,1077,0,1077,2.516,0.0,62.9,62.9,LOW,2.28,8.0,0.0,0.0
35087893,AG4,Steady Volume,QUEUE,666,2025-06-23,436,1089,0,1089,2.498,0.0,62.9,62.9,LOW,2.28,8.0,0.0,0.0
34846753,AG4,Steady Volume,QUEUE,667,2025-06-11,448,1100,0,1100,2.455,0.0,62.9,62.9,LOW,2.28,8.0,0.0,0.0
34714143,AG4,Steady Volume,QUEUE,668,2025-06-04,455,1101,0,1101,2.42,0.0,62.9,62.9,LOW,2.28,8.0,0.0,0.0
34704236,AG4,Steady Volume,QUEUE,669,2025-06-03,456,1106,0,1106,2.425,0.0,62.9,62.9,LOW,2.28,8.0,0.0,0.0
35287961,AG4,Steady Volume,QUEUE,670,2025-07-01,428,1074,0,1074,2.509,0.0,62.8,62.8,LOW,2.28,8.0,0.0,0.0
33848506,AG4,Steady Volume,QUEUE,671,2025-04-29,491,1131,0,1131,2.303,0.0,62.8,62.8,LOW,2.28,8.0,0.0,0.0
40564904,AG4,Steady Volume,QUEUE,672,2026-03-10,176,506,0,506,2.875,0.0,62.7,62.7,LOW,2.28,8.0,0.0,0.0
39878178,AG4,Steady Volume,QUEUE,673,2026-02-05,209,690,0,690,3.301,0.0,62.7,62.7,LOW,2.28,8.0,0.0,0.0
35334294,AG4,Steady Volume,QUEUE,674,2025-07-02,427,1070,0,1070,2.506,0.0,62.7,62.7,LOW,2.28,8.0,0.0,0.0
33851962,AG4,Steady Volume,QUEUE,675,2025-04-29,491,1127,0,1127,2.295,0.0,62.7,62.7,LOW,2.28,8.0,0.0,0.0
35898421,AG4,Steady Volume,QUEUE,676,2025-07-23,406,1043,0,1043,2.569,0.0,62.6,62.6,LOW,2.28,8.0,0.0,0.0
35287529,AG4,Steady Volume,QUEUE,677,2025-07-01,428,1064,0,1064,2.486,0.0,62.6,62.6,LOW,2.28,8.0,0.0,0.0
39827764,AG4,Steady Volume,QUEUE,678,2026-02-04,210,685,0,685,3.262,0.0,62.5,62.5,LOW,2.28,8.0,0.0,0.0
38142803,AG4,Steady Volume,QUEUE,679,2025-11-21,285,756,0,756,2.653,0.0,62.5,62.5,LOW,2.28,8.0,0.0,0.0
36805076,AG4,Steady Volume,QUEUE,680,2025-09-06,361,823,0,823,2.28,0.0,62.5,62.5,LOW,2.28,8.0,0.0,0.0
33889894,AG4,Steady Volume,QUEUE,681,2025-05-02,488,1115,0,1115,2.285,0.0,62.5,62.5,LOW,2.28,8.0,0.0,0.0
33848557,AG4,Steady Volume,QUEUE,682,2025-04-29,491,1117,0,1117,2.275,0.0,62.5,62.5,LOW,2.28,8.0,0.0,0.0
33078196,AG4,Steady Volume,QUEUE,683,2025-03-06,545,1162,0,1162,2.132,0.0,62.5,62.5,LOW,2.28,8.0,0.0,0.0
40564912,AG4,Steady Volume,QUEUE,684,2026-03-10,176,497,0,497,2.824,0.0,62.4,62.4,LOW,2.28,8.0,0.0,0.0
39749632,AG4,Steady Volume,QUEUE,685,2026-01-31,214,687,0,687,3.21,0.0,62.4,62.4,LOW,2.28,8.0,0.0,0.0
35706725,AG4,Steady Volume,QUEUE,686,2025-07-16,413,1041,0,1041,2.521,0.0,62.4,62.4,LOW,2.28,8.0,0.0,0.0
35287992,AG4,Steady Volume,QUEUE,687,2025-07-01,428,1057,0,1057,2.47,0.0,62.4,62.4,LOW,2.28,8.0,0.0,0.0
40564915,AG4,Steady Volume,QUEUE,688,2026-03-10,176,496,0,496,2.818,0.0,62.3,62.3,LOW,2.28,8.0,0.0,0.0
39258590,AG4,Steady Volume,QUEUE,689,2026-01-09,236,706,0,706,2.992,0.0,62.3,62.3,LOW,2.28,8.0,0.0,0.0
36804990,AG4,Steady Volume,QUEUE,690,2025-09-06,361,819,0,819,2.269,0.0,62.3,62.3,LOW,2.28,8.0,0.0,0.0
36495798,AG4,Steady Volume,QUEUE,691,2025-08-22,376,1008,0,1008,2.681,0.0,62.3,62.3,LOW,2.28,8.0,0.0,0.0
35705944,AG4,Steady Volume,QUEUE,692,2025-07-16,413,1038,0,1038,2.513,0.0,62.3,62.3,LOW,2.28,8.0,0.0,0.0
35287039,AG4,Steady Volume,QUEUE,693,2025-07-01,428,1052,0,1052,2.458,0.0,62.3,62.3,LOW,2.28,8.0,0.0,0.0
35287774,AG4,Steady Volume,QUEUE,694,2025-07-01,428,1052,0,1052,2.458,0.0,62.3,62.3,LOW,2.28,8.0,0.0,0.0
33850779,AG4,Steady Volume,QUEUE,695,2025-04-29,491,1107,0,1107,2.255,0.0,62.3,62.3,LOW,2.28,8.0,0.0,0.0
39587527,AG4,Steady Volume,QUEUE,696,2026-01-23,222,688,0,688,3.099,0.0,62.2,62.2,LOW,2.28,8.0,0.0,0.0
38142713,AG4,Steady Volume,QUEUE,697,2025-11-21,285,747,0,747,2.621,0.0,62.2,62.2,LOW,2.28,8.0,0.0,0.0
36805053,AG4,Steady Volume,QUEUE,698,2025-09-06,361,816,0,816,2.26,0.0,62.2,62.2,LOW,2.28,8.0,0.0,0.0
35705970,AG4,Steady Volume,QUEUE,699,2025-07-16,413,1035,0,1035,2.506,0.0,62.2,62.2,LOW,2.28,8.0,0.0,0.0
34949923,AG4,Steady Volume,QUEUE,700,2025-06-16,443,1061,0,1061,2.395,0.0,62.2,62.2,LOW,2.28,8.0,0.0,0.0
34949596,AG4,Steady Volume,QUEUE,701,2025-06-16,443,1063,0,1063,2.4,0.0,62.2,62.2,LOW,2.28,8.0,0.0,0.0
34630483,AG4,Steady Volume,QUEUE,702,2025-05-31,459,1078,0,1078,2.349,0.0,62.2,62.2,LOW,2.28,8.0,0.0,0.0
33851983,AG4,Steady Volume,QUEUE,703,2025-04-29,491,1102,0,1102,2.244,0.0,62.2,62.2,LOW,2.28,8.0,0.0,0.0
33077232,AG4,Steady Volume,QUEUE,704,2025-03-06,545,1146,0,1146,2.103,0.0,62.2,62.2,LOW,2.28,8.0,0.0,0.0
39592499,AG4,Steady Volume,QUEUE,705,2026-01-23,222,686,0,686,3.09,0.0,62.1,62.1,LOW,2.28,8.0,0.0,0.0
35706224,AG4,Steady Volume,QUEUE,706,2025-07-16,413,1032,0,1032,2.499,0.0,62.1,62.1,LOW,2.28,8.0,0.0,0.0
35287097,AG4,Steady Volume,QUEUE,707,2025-07-01,428,1042,0,1042,2.435,0.0,62.1,62.1,LOW,2.28,8.0,0.0,0.0
35287179,AG4,Steady Volume,QUEUE,708,2025-07-01,428,1042,0,1042,2.435,0.0,62.1,62.1,LOW,2.28,8.0,0.0,0.0
34949647,AG4,Steady Volume,QUEUE,709,2025-06-16,443,1059,0,1059,2.391,0.0,62.1,62.1,LOW,2.28,8.0,0.0,0.0
33848507,AG4,Steady Volume,QUEUE,710,2025-04-29,491,1101,0,1101,2.242,0.0,62.1,62.1,LOW,2.28,8.0,0.0,0.0
41096518,AG4,Steady Volume,QUEUE,711,2026-04-02,153,468,0,468,3.059,0.0,62.0,62.0,LOW,2.28,8.0,0.0,0.0
40564945,AG4,Steady Volume,QUEUE,712,2026-03-10,176,490,0,490,2.784,0.0,62.0,62.0,LOW,2.28,8.0,0.0,0.0
38142828,AG4,Steady Volume,QUEUE,713,2025-11-21,285,742,0,742,2.604,0.0,62.0,62.0,LOW,2.28,8.0,0.0,0.0
36805073,AG4,Steady Volume,QUEUE,714,2025-09-06,361,811,0,811,2.247,0.0,62.0,62.0,LOW,2.28,8.0,0.0,0.0
35898399,AG4,Steady Volume,QUEUE,715,2025-07-23,406,1024,0,1024,2.522,0.0,62.0,62.0,LOW,2.28,8.0,0.0,0.0
35843917,AG4,Steady Volume,QUEUE,716,2025-07-21,408,1025,0,1025,2.512,0.0,62.0,62.0,LOW,2.28,8.0,0.0,0.0
35334503,AG4,Steady Volume,QUEUE,717,2025-07-03,426,1038,0,1038,2.437,0.0,62.0,62.0,LOW,2.28,8.0,0.0,0.0
35286937,AG4,Steady Volume,QUEUE,718,2025-07-01,428,1040,0,1040,2.43,0.0,62.0,62.0,LOW,2.28,8.0,0.0,0.0
35287955,AG4,Steady Volume,QUEUE,719,2025-07-01,428,1041,0,1041,2.432,0.0,62.0,62.0,LOW,2.28,8.0,0.0,0.0
34630457,AG4,Steady Volume,QUEUE,720,2025-05-31,459,1066,0,1066,2.322,0.0,62.0,62.0,LOW,2.28,8.0,0.0,0.0
39587547,AG4,Steady Volume,QUEUE,721,2026-01-23,222,681,0,681,3.068,0.0,61.9,61.9,LOW,2.28,8.0,0.0,0.0
38142997,AG4,Steady Volume,QUEUE,722,2025-11-21,285,740,0,740,2.596,0.0,61.9,61.9,LOW,2.28,8.0,0.0,0.0
36495794,AG4,Steady Volume,QUEUE,723,2025-08-22,376,991,0,991,2.636,0.0,61.9,61.9,LOW,2.28,8.0,0.0,0.0
34949611,AG4,Steady Volume,QUEUE,724,2025-06-16,443,1046,0,1046,2.361,0.0,61.9,61.9,LOW,2.28,8.0,0.0,0.0
34949862,AG4,Steady Volume,QUEUE,725,2025-06-16,443,1049,0,1049,2.368,0.0,61.9,61.9,LOW,2.28,8.0,0.0,0.0
41096491,AG4,Steady Volume,QUEUE,726,2026-04-02,153,463,0,463,3.026,0.0,61.8,61.8,LOW,2.28,8.0,0.0,0.0
38141258,AG4,Steady Volume,QUEUE,727,2025-11-21,285,738,0,738,2.589,0.0,61.8,61.8,LOW,2.28,8.0,0.0,0.0
35482136,AG4,Steady Volume,QUEUE,728,2025-07-08,421,1030,0,1030,2.447,0.0,61.8,61.8,LOW,2.28,8.0,0.0,0.0
39258602,AG4,Steady Volume,QUEUE,729,2026-01-09,236,690,0,690,2.924,0.0,61.7,61.7,LOW,2.28,8.0,0.0,0.0
36495833,AG4,Steady Volume,QUEUE,730,2025-08-22,376,980,0,980,2.606,0.0,61.7,61.7,LOW,2.28,8.0,0.0,0.0
35088036,AG4,Steady Volume,QUEUE,731,2025-06-23,436,1036,0,1036,2.376,0.0,61.7,61.7,LOW,2.28,8.0,0.0,0.0
41096510,AG4,Steady Volume,QUEUE,732,2026-04-02,153,458,0,458,2.993,0.0,61.6,61.6,LOW,2.28,8.0,0.0,0.0
39047629,AG4,Steady Volume,QUEUE,733,2025-12-30,246,695,0,695,2.825,0.0,61.6,61.6,LOW,2.28,8.0,0.0,0.0
36603279,AG4,Steady Volume,QUEUE,734,2025-08-26,372,975,0,975,2.621,0.0,61.6,61.6,LOW,2.28,8.0,0.0,0.0
36495790,AG4,Steady Volume,QUEUE,735,2025-08-22,376,978,0,978,2.601,0.0,61.6,61.6,LOW,2.28,8.0,0.0,0.0
35482092,AG4,Steady Volume,QUEUE,736,2025-07-09,420,1019,0,1019,2.426,0.0,61.6,61.6,LOW,2.28,8.0,0.0,0.0
35334454,AG4,Steady Volume,QUEUE,737,2025-07-04,425,1024,0,1024,2.409,0.0,61.6,61.6,LOW,2.28,8.0,0.0,0.0
34949721,AG4,Steady Volume,QUEUE,738,2025-06-16,443,1037,0,1037,2.341,0.0,61.6,61.6,LOW,2.28,8.0,0.0,0.0
34783386,AG4,Steady Volume,QUEUE,739,2025-06-06,453,1043,0,1043,2.302,0.0,61.6,61.6,LOW,2.28,8.0,0.0,0.0
34704016,AG4,Steady Volume,QUEUE,740,2025-06-03,456,1046,0,1046,2.294,0.0,61.6,61.6,LOW,2.28,8.0,0.0,0.0
34742581,AG4,Steady Volume,QUEUE,741,2025-06-05,454,1609,461,2070,3.544,0.223,71.1,61.6,LOW,2.28,8.0,0.0,0.0
38141256,AG4,Steady Volume,QUEUE,742,2025-11-27,279,724,0,724,2.595,0.0,61.5,61.5,LOW,2.28,8.0,0.0,0.0
35705867,AG4,Steady Volume,QUEUE,743,2025-07-16,413,1012,0,1012,2.45,0.0,61.5,61.5,LOW,2.28,8.0,0.0,0.0
35087934,AG4,Steady Volume,QUEUE,744,2025-06-23,436,1030,0,1030,2.362,0.0,61.5,61.5,LOW,2.28,8.0,0.0,0.0
34949488,AG4,Steady Volume,QUEUE,745,2025-06-16,443,1034,0,1034,2.334,0.0,61.5,61.5,LOW,2.28,8.0,0.0,0.0
34949780,AG4,Steady Volume,QUEUE,746,2025-06-16,443,1034,0,1034,2.334,0.0,61.5,61.5,LOW,2.28,8.0,0.0,0.0
34871136,AG4,Steady Volume,QUEUE,747,2025-06-12,447,1036,0,1036,2.318,0.0,61.5,61.5,LOW,2.28,8.0,0.0,0.0
34611168,AG4,Steady Volume,QUEUE,748,2025-05-31,459,1046,0,1046,2.279,0.0,61.5,61.5,LOW,2.28,8.0,0.0,0.0
34630432,AG4,Steady Volume,QUEUE,749,2025-05-31,459,1466,333,1799,3.194,0.185,69.2,61.5,LOW,2.28,8.0,0.0,0.0
41345552,AG4,Steady Volume,QUEUE,750,2026-04-13,142,439,0,439,3.092,0.0,61.4,61.4,LOW,2.28,8.0,0.0,0.0
36225600,AG4,Steady Volume,QUEUE,751,2025-08-05,393,990,0,990,2.519,0.0,61.4,61.4,LOW,2.28,8.0,0.0,0.0
35706397,AG4,Steady Volume,QUEUE,752,2025-07-16,413,1006,0,1006,2.436,0.0,61.4,61.4,LOW,2.28,8.0,0.0,0.0
35706655,AG4,Steady Volume,QUEUE,753,2025-07-16,413,1009,0,1009,2.443,0.0,61.4,61.4,LOW,2.28,8.0,0.0,0.0
35287353,AG4,Steady Volume,QUEUE,754,2025-07-01,428,1018,0,1018,2.379,0.0,61.4,61.4,LOW,2.28,8.0,0.0,0.0
35087372,AG4,Steady Volume,QUEUE,755,2025-06-23,436,1027,0,1027,2.356,0.0,61.4,61.4,LOW,2.28,8.0,0.0,0.0
34949421,AG4,Steady Volume,QUEUE,756,2025-06-16,443,1031,0,1031,2.327,0.0,61.4,61.4,LOW,2.28,8.0,0.0,0.0
34871198,AG4,Steady Volume,QUEUE,757,2025-06-11,448,1035,0,1035,2.31,0.0,61.4,61.4,LOW,2.28,8.0,0.0,0.0
33850508,AG4,Steady Volume,QUEUE,758,2025-04-29,491,1070,0,1070,2.179,0.0,61.4,61.4,LOW,2.28,8.0,0.0,0.0
34871001,AG4,Steady Volume,QUEUE,759,2025-06-11,448,2285,1190,3475,5.1,0.342,77.2,61.3,LOW,2.28,8.0,0.0,0.0
38142842,AG4,Steady Volume,QUEUE,760,2025-11-21,285,724,0,724,2.54,0.0,61.3,61.3,LOW,2.28,8.0,0.0,0.0
33850747,AG4,Steady Volume,QUEUE,761,2025-04-29,491,1063,0,1063,2.165,0.0,61.3,61.3,LOW,2.28,8.0,0.0,0.0
35286897,AG4,Steady Volume,QUEUE,762,2025-07-01,428,1011,0,1011,2.362,0.0,61.2,61.2,LOW,2.28,8.0,0.0,0.0
35288219,AG4,Steady Volume,QUEUE,763,2025-07-01,428,1013,0,1013,2.367,0.0,61.2,61.2,LOW,2.28,8.0,0.0,0.0
35087732,AG4,Steady Volume,QUEUE,764,2025-06-23,436,1019,0,1019,2.337,0.0,61.2,61.2,LOW,2.28,8.0,0.0,0.0
34783374,AG4,Steady Volume,QUEUE,765,2025-06-06,453,1030,0,1030,2.274,0.0,61.2,61.2,LOW,2.28,8.0,0.0,0.0
35288014,AG4,Steady Volume,QUEUE,766,2025-07-01,428,1010,0,1010,2.36,0.0,61.1,61.1,LOW,2.28,8.0,0.0,0.0
41096536,AG4,Steady Volume,QUEUE,767,2026-04-02,153,443,0,443,2.895,0.0,61.0,61.0,LOW,2.28,8.0,0.0,0.0
35287191,AG4,Steady Volume,QUEUE,768,2025-07-01,428,1004,0,1004,2.346,0.0,61.0,61.0,LOW,2.28,8.0,0.0,0.0
34703906,AG4,Steady Volume,QUEUE,769,2025-06-03,456,1026,0,1026,2.25,0.0,61.0,61.0,LOW,2.28,8.0,0.0,0.0
39258903,AG4,Steady Volume,QUEUE,770,2026-01-09,236,666,0,666,2.822,0.0,60.9,60.9,LOW,2.28,8.0,0.0,0.0
36495783,AG4,Steady Volume,QUEUE,771,2025-08-22,376,950,0,950,2.527,0.0,60.9,60.9,LOW,2.28,8.0,0.0,0.0
36253929,AG4,Steady Volume,QUEUE,772,2025-08-06,392,968,0,968,2.469,0.0,60.9,60.9,LOW,2.28,8.0,0.0,0.0
35287403,AG4,Steady Volume,QUEUE,773,2025-07-01,428,1001,0,1001,2.339,0.0,60.9,60.9,LOW,2.28,8.0,0.0,0.0
39587521,AG4,Steady Volume,QUEUE,774,2026-01-23,222,650,0,650,2.928,0.0,60.8,60.8,LOW,2.28,8.0,0.0,0.0
35088027,AG4,Steady Volume,QUEUE,775,2025-06-23,436,1002,0,1002,2.298,0.0,60.8,60.8,LOW,2.28,8.0,0.0,0.0
34871208,AG4,Steady Volume,QUEUE,776,2025-06-12,447,1012,0,1012,2.264,0.0,60.8,60.8,LOW,2.28,8.0,0.0,0.0
40564905,AG4,Steady Volume,QUEUE,777,2026-03-10,176,464,0,464,2.636,0.0,60.7,60.7,LOW,2.28,8.0,0.0,0.0
39587457,AG4,Steady Volume,QUEUE,778,2026-01-23,222,647,0,647,2.914,0.0,60.7,60.7,LOW,2.28,8.0,0.0,0.0
39258641,AG4,Steady Volume,QUEUE,779,2026-01-08,237,663,0,663,2.797,0.0,60.7,60.7,LOW,2.28,8.0,0.0,0.0
34704169,AG4,Steady Volume,QUEUE,780,2025-06-04,455,1015,0,1015,2.231,0.0,60.7,60.7,LOW,2.28,8.0,0.0,0.0
35288249,AG4,Steady Volume,QUEUE,781,2025-07-01,428,988,0,988,2.308,0.0,60.6,60.6,LOW,2.28,8.0,0.0,0.0
41345513,AG4,Steady Volume,QUEUE,782,2026-04-13,142,422,0,422,2.972,0.0,60.5,60.5,LOW,2.28,8.0,0.0,0.0
38142768,AG4,Steady Volume,QUEUE,783,2025-11-21,285,701,0,701,2.46,0.0,60.5,60.5,LOW,2.28,8.0,0.0,0.0
36805081,AG4,Steady Volume,QUEUE,784,2025-09-06,361,763,0,763,2.114,0.0,60.5,60.5,LOW,2.28,8.0,0.0,0.0
36495834,AG4,Steady Volume,QUEUE,785,2025-08-22,376,939,0,939,2.497,0.0,60.5,60.5,LOW,2.28,8.0,0.0,0.0
35334704,AG4,Steady Volume,QUEUE,786,2025-07-03,426,984,0,984,2.31,0.0,60.5,60.5,LOW,2.28,8.0,0.0,0.0
35088067,AG4,Steady Volume,QUEUE,787,2025-06-23,436,993,0,993,2.278,0.0,60.5,60.5,LOW,2.28,8.0,0.0,0.0
34949778,AG4,Steady Volume,QUEUE,788,2025-06-16,443,997,0,997,2.251,0.0,60.5,60.5,LOW,2.28,8.0,0.0,0.0
36805049,AG4,Steady Volume,QUEUE,789,2025-09-06,361,759,0,759,2.102,0.0,60.4,60.4,LOW,2.28,8.0,0.0,0.0
34801225,AG4,Steady Volume,QUEUE,790,2025-06-07,452,1002,0,1002,2.217,0.0,60.4,60.4,LOW,2.28,8.0,0.0,0.0
36805068,AG4,Steady Volume,QUEUE,791,2025-09-06,361,756,0,756,2.094,0.0,60.3,60.3,LOW,2.28,8.0,0.0,0.0
36225660,AG4,Steady Volume,QUEUE,792,2025-08-05,393,945,0,945,2.405,0.0,60.3,60.3,LOW,2.28,8.0,0.0,0.0
34949223,AG4,Steady Volume,QUEUE,793,2025-06-16,443,990,0,990,2.235,0.0,60.3,60.3,LOW,2.28,8.0,0.0,0.0
34949794,AG4,Steady Volume,QUEUE,794,2025-06-16,443,993,0,993,2.242,0.0,60.3,60.3,LOW,2.28,8.0,0.0,0.0
34703814,AG4,Steady Volume,QUEUE,795,2025-06-03,456,1002,0,1002,2.197,0.0,60.3,60.3,LOW,2.28,8.0,0.0,0.0
34703978,AG4,Steady Volume,QUEUE,796,2025-06-03,456,1002,0,1002,2.197,0.0,60.3,60.3,LOW,2.28,8.0,0.0,0.0
33848516,AG4,Steady Volume,QUEUE,797,2025-04-29,491,1026,0,1026,2.09,0.0,60.3,60.3,LOW,2.28,8.0,0.0,0.0
39749595,AG4,Steady Volume,QUEUE,798,2026-01-31,214,627,0,627,2.93,0.0,60.2,60.2,LOW,2.28,8.0,0.0,0.0
35482184,AG4,Steady Volume,QUEUE,799,2025-07-09,420,963,0,963,2.293,0.0,60.2,60.2,LOW,2.28,8.0,0.0,0.0
35287845,AG4,Steady Volume,QUEUE,800,2025-07-01,428,975,0,975,2.278,0.0,60.2,60.2,LOW,2.28,8.0,0.0,0.0
34630328,AG4,Steady Volume,QUEUE,801,2025-05-31,459,997,0,997,2.172,0.0,60.2,60.2,LOW,2.28,8.0,0.0,0.0
33855705,AG4,Steady Volume,QUEUE,802,2025-04-29,491,1020,0,1020,2.077,0.0,60.2,60.2,LOW,2.28,8.0,0.0,0.0
34783329,AG4,Steady Volume,QUEUE,803,2025-06-06,453,1890,846,2736,4.172,0.309,73.8,60.1,LOW,2.28,8.0,0.0,0.0
36373688,AG4,Steady Volume,QUEUE,804,2025-08-13,385,932,0,932,2.421,0.0,60.1,60.1,LOW,2.28,8.0,0.0,0.0
36253930,AG4,Steady Volume,QUEUE,805,2025-08-06,392,937,0,937,2.39,0.0,60.1,60.1,LOW,2.28,8.0,0.0,0.0
33848575,AG4,Steady Volume,QUEUE,806,2025-04-29,491,1018,0,1018,2.073,0.0,60.1,60.1,LOW,2.28,8.0,0.0,0.0
40564937,AG4,Steady Volume,QUEUE,807,2026-03-10,176,449,0,449,2.551,0.0,60.0,60.0,LOW,2.28,8.0,0.0,0.0
39749585,AG4,Steady Volume,QUEUE,808,2026-01-31,214,622,0,622,2.907,0.0,60.0,60.0,LOW,2.28,8.0,0.0,0.0
39749639,AG4,Steady Volume,QUEUE,809,2026-01-31,214,622,0,622,2.907,0.0,60.0,60.0,LOW,2.28,8.0,0.0,0.0
35706523,AG4,Steady Volume,QUEUE,810,2025-07-16,413,950,0,950,2.3,0.0,60.0,60.0,LOW,2.28,8.0,0.0,0.0
34742584,AG4,Steady Volume,QUEUE,811,2025-06-06,453,986,0,986,2.177,0.0,60.0,60.0,LOW,2.28,8.0,0.0,0.0
33848579,AG4,Steady Volume,QUEUE,812,2025-04-29,491,1015,0,1015,2.067,0.0,60.0,60.0,LOW,2.28,8.0,0.0,0.0
35843509,AG4,Steady Volume,QUEUE,813,2025-07-21,408,943,0,943,2.311,0.0,59.9,59.9,LOW,2.28,8.0,0.0,0.0
35706089,AG4,Steady Volume,QUEUE,814,2025-07-16,413,948,0,948,2.295,0.0,59.9,59.9,LOW,2.28,8.0,0.0,0.0
35706512,AG4,Steady Volume,QUEUE,815,2025-07-16,413,948,0,948,2.295,0.0,59.9,59.9,LOW,2.28,8.0,0.0,0.0
35334440,AG4,Steady Volume,QUEUE,816,2025-07-04,425,957,0,957,2.252,0.0,59.9,59.9,LOW,2.28,8.0,0.0,0.0
34846881,AG4,Steady Volume,QUEUE,817,2025-06-10,449,979,0,979,2.18,0.0,59.9,59.9,LOW,2.28,8.0,0.0,0.0
34630491,AG4,Steady Volume,QUEUE,818,2025-05-31,459,984,0,984,2.144,0.0,59.9,59.9,LOW,2.28,8.0,0.0,0.0
39258930,AG4,Steady Volume,QUEUE,819,2026-01-09,236,993,314,1307,4.208,0.24,70.0,59.9,LOW,2.28,8.0,0.0,0.0
35334438,AG4,Steady Volume,QUEUE,820,2025-07-04,425,955,0,955,2.247,0.0,59.8,59.8,LOW,2.28,8.0,0.0,0.0
34949235,AG4,Steady Volume,QUEUE,821,2025-06-16,443,972,0,972,2.194,0.0,59.8,59.8,LOW,2.28,8.0,0.0,0.0
34630420,AG4,Steady Volume,QUEUE,822,2025-05-31,459,979,0,979,2.133,0.0,59.8,59.8,LOW,2.28,8.0,0.0,0.0
33848518,AG4,Steady Volume,QUEUE,823,2025-04-29,491,1006,0,1006,2.049,0.0,59.8,59.8,LOW,2.28,8.0,0.0,0.0
39587847,AG4,Steady Volume,QUEUE,824,2026-01-23,222,623,0,623,2.806,0.0,59.7,59.7,LOW,2.28,8.0,0.0,0.0
38142701,AG4,Steady Volume,QUEUE,825,2025-11-21,285,682,0,682,2.393,0.0,59.7,59.7,LOW,2.28,8.0,0.0,0.0
35287700,AG4,Steady Volume,QUEUE,826,2025-07-01,428,953,0,953,2.227,0.0,59.7,59.7,LOW,2.28,8.0,0.0,0.0
35087844,AG4,Steady Volume,QUEUE,827,2025-06-23,436,961,0,961,2.204,0.0,59.7,59.7,LOW,2.28,8.0,0.0,0.0
34949377,AG4,Steady Volume,QUEUE,828,2025-06-16,443,967,0,967,2.183,0.0,59.7,59.7,LOW,2.28,8.0,0.0,0.0
39047634,AG4,Steady Volume,QUEUE,829,2025-12-30,246,644,0,644,2.618,0.0,59.6,59.6,LOW,2.28,8.0,0.0,0.0
35334641,AG4,Steady Volume,QUEUE,830,2025-07-04,425,946,0,946,2.226,0.0,59.6,59.6,LOW,2.28,8.0,0.0,0.0
35287413,AG4,Steady Volume,QUEUE,831,2025-07-01,428,950,0,950,2.22,0.0,59.6,59.6,LOW,2.28,8.0,0.0,0.0
33848577,AG4,Steady Volume,QUEUE,832,2025-04-29,491,996,0,996,2.029,0.0,59.6,59.6,LOW,2.28,8.0,0.0,0.0
36603258,AG4,Steady Volume,QUEUE,833,2025-08-26,372,889,0,889,2.39,0.0,59.5,59.5,LOW,2.28,8.0,0.0,0.0
35706734,AG4,Steady Volume,QUEUE,834,2025-07-16,413,932,0,932,2.257,0.0,59.5,59.5,LOW,2.28,8.0,0.0,0.0
34630484,AG4,Steady Volume,QUEUE,835,2025-05-31,459,969,0,969,2.111,0.0,59.5,59.5,LOW,2.28,8.0,0.0,0.0
39749682,AG4,Steady Volume,QUEUE,836,2026-01-31,214,607,0,607,2.836,0.0,59.4,59.4,LOW,2.28,8.0,0.0,0.0
35898398,AG4,Steady Volume,QUEUE,837,2025-07-23,406,918,0,918,2.261,0.0,59.4,59.4,LOW,2.28,8.0,0.0,0.0
35706316,AG4,Steady Volume,QUEUE,838,2025-07-16,413,931,0,931,2.254,0.0,59.4,59.4,LOW,2.28,8.0,0.0,0.0
34871009,AG4,Steady Volume,QUEUE,839,2025-06-12,447,956,0,956,2.139,0.0,59.4,59.4,LOW,2.28,8.0,0.0,0.0
39047631,AG4,Steady Volume,QUEUE,840,2025-12-30,246,637,0,637,2.589,0.0,59.3,59.3,LOW,2.28,8.0,0.0,0.0
35706631,AG4,Steady Volume,QUEUE,841,2025-07-16,413,924,0,924,2.237,0.0,59.3,59.3,LOW,2.28,8.0,0.0,0.0
35706709,AG4,Steady Volume,QUEUE,842,2025-07-16,413,925,0,925,2.24,0.0,59.3,59.3,LOW,2.28,8.0,0.0,0.0
34703763,AG4,Steady Volume,QUEUE,843,2025-06-03,456,958,0,958,2.101,0.0,59.3,59.3,LOW,2.28,8.0,0.0,0.0
36495791,AG4,Steady Volume,QUEUE,844,2025-08-22,376,881,0,881,2.343,0.0,59.2,59.2,LOW,2.28,8.0,0.0,0.0
36498199,AG4,Steady Volume,QUEUE,845,2025-08-22,376,884,0,884,2.351,0.0,59.2,59.2,LOW,2.28,8.0,0.0,0.0
35286880,AG4,Steady Volume,QUEUE,846,2025-07-01,428,933,0,933,2.18,0.0,59.2,59.2,LOW,2.28,8.0,0.0,0.0
34949716,AG4,Steady Volume,QUEUE,847,2025-06-16,443,944,0,944,2.131,0.0,59.2,59.2,LOW,2.28,8.0,0.0,0.0
34871192,AG4,Steady Volume,QUEUE,848,2025-06-12,447,948,0,948,2.121,0.0,59.2,59.2,LOW,2.28,8.0,0.0,0.0
34630439,AG4,Steady Volume,QUEUE,849,2025-05-31,459,956,0,956,2.083,0.0,59.2,59.2,LOW,2.28,8.0,0.0,0.0
34630488,AG4,Steady Volume,QUEUE,850,2025-05-31,459,957,0,957,2.085,0.0,59.2,59.2,LOW,2.28,8.0,0.0,0.0
33850738,AG4,Steady Volume,QUEUE,851,2025-04-29,491,981,0,981,1.998,0.0,59.2,59.2,LOW,2.28,8.0,0.0,0.0
35706720,AG4,Steady Volume,QUEUE,852,2025-07-16,413,914,0,914,2.213,0.0,59.1,59.1,LOW,2.28,8.0,0.0,0.0
35088017,AG4,Steady Volume,QUEUE,853,2025-06-23,436,937,0,937,2.149,0.0,59.1,59.1,LOW,2.28,8.0,0.0,0.0
34949230,AG4,Steady Volume,QUEUE,854,2025-06-16,443,942,0,942,2.126,0.0,59.1,59.1,LOW,2.28,8.0,0.0,0.0
40564935,AG4,Steady Volume,QUEUE,855,2026-03-10,176,429,0,429,2.438,0.0,59.0,59.0,LOW,2.28,8.0,0.0,0.0
35706077,AG4,Steady Volume,QUEUE,856,2025-07-16,413,912,0,912,2.208,0.0,59.0,59.0,LOW,2.28,8.0,0.0,0.0
35706350,AG4,Steady Volume,QUEUE,857,2025-07-16,413,912,0,912,2.208,0.0,59.0,59.0,LOW,2.28,8.0,0.0,0.0
35706584,AG4,Steady Volume,QUEUE,858,2025-07-16,413,912,0,912,2.208,0.0,59.0,59.0,LOW,2.28,8.0,0.0,0.0
35287826,AG4,Steady Volume,QUEUE,859,2025-07-01,428,921,0,921,2.152,0.0,59.0,59.0,LOW,2.28,8.0,0.0,0.0
35288141,AG4,Steady Volume,QUEUE,860,2025-07-01,428,921,0,921,2.152,0.0,59.0,59.0,LOW,2.28,8.0,0.0,0.0
34949764,AG4,Steady Volume,QUEUE,861,2025-06-16,443,937,0,937,2.115,0.0,59.0,59.0,LOW,2.28,8.0,0.0,0.0
41802164,AG4,Steady Volume,QUEUE,862,2026-05-02,123,370,0,370,3.008,0.0,58.9,58.9,LOW,2.28,8.0,0.0,0.0
38141262,AG4,Steady Volume,QUEUE,863,2025-11-21,285,659,0,659,2.312,0.0,58.9,58.9,LOW,2.28,8.0,0.0,0.0
35287387,AG4,Steady Volume,QUEUE,864,2025-07-01,428,917,0,917,2.143,0.0,58.8,58.8,LOW,2.28,8.0,0.0,0.0
35087565,AG4,Steady Volume,QUEUE,865,2025-06-23,436,918,0,918,2.106,0.0,58.8,58.8,LOW,2.28,8.0,0.0,0.0
34704067,AG4,Steady Volume,QUEUE,866,2025-06-03,456,941,0,941,2.064,0.0,58.8,58.8,LOW,2.28,8.0,0.0,0.0
33848511,AG4,Steady Volume,QUEUE,867,2025-04-29,491,961,0,961,1.957,0.0,58.8,58.8,LOW,2.28,8.0,0.0,0.0
39827759,AG4,Steady Volume,QUEUE,868,2026-02-04,210,586,0,586,2.79,0.0,58.7,58.7,LOW,2.28,8.0,0.0,0.0
38142921,AG4,Steady Volume,QUEUE,869,2025-11-21,285,655,0,655,2.298,0.0,58.7,58.7,LOW,2.28,8.0,0.0,0.0
35334319,AG4,Steady Volume,QUEUE,870,2025-07-03,426,910,0,910,2.136,0.0,58.7,58.7,LOW,2.28,8.0,0.0,0.0
39587478,AG4,Steady Volume,QUEUE,871,2026-01-23,222,593,0,593,2.671,0.0,58.6,58.6,LOW,2.28,8.0,0.0,0.0
35706732,AG4,Steady Volume,QUEUE,872,2025-07-16,413,894,0,894,2.165,0.0,58.6,58.6,LOW,2.28,8.0,0.0,0.0
39587483,AG4,Steady Volume,QUEUE,873,2026-01-23,222,592,0,592,2.667,0.0,58.5,58.5,LOW,2.28,8.0,0.0,0.0
36603278,AG4,Steady Volume,QUEUE,874,2025-08-26,372,848,0,848,2.28,0.0,58.5,58.5,LOW,2.28,8.0,0.0,0.0
35087870,AG4,Steady Volume,QUEUE,875,2025-06-23,436,909,0,909,2.085,0.0,58.5,58.5,LOW,2.28,8.0,0.0,0.0
36310403,AG4,Steady Volume,QUEUE,876,2025-08-09,389,863,0,863,2.219,0.0,58.4,58.4,LOW,2.28,8.0,0.0,0.0
35334537,AG4,Steady Volume,QUEUE,877,2025-07-04,425,893,0,893,2.101,0.0,58.4,58.4,LOW,2.28,8.0,0.0,0.0
35288068,AG4,Steady Volume,QUEUE,878,2025-07-01,428,898,0,898,2.098,0.0,58.4,58.4,LOW,2.28,8.0,0.0,0.0
34846794,AG4,Steady Volume,QUEUE,879,2025-06-10,449,916,0,916,2.04,0.0,58.4,58.4,LOW,2.28,8.0,0.0,0.0
34748952,AG4,Steady Volume,QUEUE,880,2025-06-05,454,918,0,918,2.022,0.0,58.4,58.4,LOW,2.28,8.0,0.0,0.0
35087608,AG4,Steady Volume,QUEUE,881,2025-06-23,436,903,0,903,2.071,0.0,58.3,58.3,LOW,2.28,8.0,0.0,0.0
36603249,AG4,Steady Volume,QUEUE,882,2025-08-26,372,838,0,838,2.253,0.0,58.2,58.2,LOW,2.28,8.0,0.0,0.0
35705899,AG4,Steady Volume,QUEUE,883,2025-07-16,413,877,0,877,2.123,0.0,58.2,58.2,LOW,2.28,8.0,0.0,0.0
35706409,AG4,Steady Volume,QUEUE,884,2025-07-16,413,878,0,878,2.126,0.0,58.2,58.2,LOW,2.28,8.0,0.0,0.0
35287266,AG4,Steady Volume,QUEUE,885,2025-07-01,428,888,0,888,2.075,0.0,58.2,58.2,LOW,2.28,8.0,0.0,0.0
35288257,AG4,Steady Volume,QUEUE,886,2025-07-01,428,891,0,891,2.082,0.0,58.2,58.2,LOW,2.28,8.0,0.0,0.0
33864436,AG4,Steady Volume,QUEUE,887,2025-04-30,490,938,0,938,1.914,0.0,58.2,58.2,LOW,2.28,8.0,0.0,0.0
33848569,AG4,Steady Volume,QUEUE,888,2025-04-29,491,936,0,936,1.906,0.0,58.1,58.1,LOW,2.28,8.0,0.0,0.0
34714154,AG4,Steady Volume,QUEUE,889,2025-06-04,455,906,0,906,1.991,0.0,58.0,58.0,LOW,2.28,8.0,0.0,0.0
35706654,AG4,Steady Volume,QUEUE,890,2025-07-16,413,865,0,865,2.094,0.0,57.9,57.9,LOW,2.28,8.0,0.0,0.0
34630481,AG4,Steady Volume,QUEUE,891,2025-05-31,459,899,0,899,1.959,0.0,57.9,57.9,LOW,2.28,8.0,0.0,0.0
36495818,AG4,Steady Volume,QUEUE,892,2025-08-22,376,833,0,833,2.215,0.0,57.8,57.8,LOW,2.28,8.0,0.0,0.0
35087650,AG4,Steady Volume,QUEUE,893,2025-06-23,436,879,0,879,2.016,0.0,57.8,57.8,LOW,2.28,8.0,0.0,0.0
34949295,AG4,Steady Volume,QUEUE,894,2025-06-16,443,886,0,886,2.0,0.0,57.8,57.8,LOW,2.28,8.0,0.0,0.0
40564929,AG4,Steady Volume,QUEUE,895,2026-03-10,176,403,0,403,2.29,0.0,57.7,57.7,LOW,2.28,8.0,0.0,0.0
39827778,AG4,Steady Volume,QUEUE,896,2026-02-04,210,561,0,561,2.671,0.0,57.7,57.7,LOW,2.28,8.0,0.0,0.0
35706403,AG4,Steady Volume,QUEUE,897,2025-07-16,413,856,0,856,2.073,0.0,57.7,57.7,LOW,2.28,8.0,0.0,0.0
35706424,AG4,Steady Volume,QUEUE,898,2025-07-16,413,856,0,856,2.073,0.0,57.7,57.7,HEALTHY,2.28,8.0,0.0,0.0
35088007,AG4,Steady Volume,QUEUE,899,2025-06-23,436,874,0,874,2.005,0.0,57.7,57.7,LOW,2.28,8.0,0.0,0.0
35087670,AG4,Steady Volume,QUEUE,900,2025-06-23,436,875,0,875,2.007,0.0,57.7,57.7,LOW,2.28,8.0,0.0,0.0
34949542,AG4,Steady Volume,QUEUE,901,2025-06-16,443,882,0,882,1.991,0.0,57.7,57.7,LOW,2.28,8.0,0.0,0.0
34742568,AG4,Steady Volume,QUEUE,902,2025-06-05,454,888,0,888,1.956,0.0,57.7,57.7,LOW,2.28,8.0,0.0,0.0
34611105,AG4,Steady Volume,QUEUE,903,2025-05-31,459,892,0,892,1.943,0.0,57.7,57.7,LOW,2.28,8.0,0.0,0.0
39047636,AG4,Steady Volume,QUEUE,904,2025-12-30,246,592,0,592,2.407,0.0,57.6,57.6,LOW,2.28,8.0,0.0,0.0
38142733,AG4,Steady Volume,QUEUE,905,2025-11-21,285,629,0,629,2.207,0.0,57.6,57.6,LOW,2.28,8.0,0.0,0.0
35706696,AG4,Steady Volume,QUEUE,906,2025-07-16,413,854,0,854,2.068,0.0,57.6,57.6,LOW,2.28,8.0,0.0,0.0
34949579,AG4,Steady Volume,QUEUE,907,2025-06-16,443,875,0,875,1.975,0.0,57.6,57.6,LOW,2.28,8.0,0.0,0.0
34949737,AG4,Steady Volume,QUEUE,908,2025-06-16,443,877,0,877,1.98,0.0,57.6,57.6,LOW,2.28,8.0,0.0,0.0
36603232,AG4,Steady Volume,QUEUE,909,2025-08-26,372,818,0,818,2.199,0.0,57.5,57.5,LOW,2.28,8.0,0.0,0.0
35706044,AG4,Steady Volume,QUEUE,910,2025-07-16,413,846,0,846,2.048,0.0,57.5,57.5,LOW,2.28,8.0,0.0,0.0
35286970,AG4,Steady Volume,QUEUE,911,2025-07-01,428,858,0,858,2.005,0.0,57.5,57.5,LOW,2.28,8.0,0.0,0.0
34742587,AG4,Steady Volume,QUEUE,912,2025-06-06,453,880,0,880,1.943,0.0,57.5,57.5,LOW,2.28,8.0,0.0,0.0
34611097,AG4,Steady Volume,QUEUE,913,2025-05-31,459,886,0,886,1.93,0.0,57.5,57.5,LOW,2.28,8.0,0.0,0.0
33896256,AG4,Steady Volume,QUEUE,914,2025-05-02,488,904,0,904,1.852,0.0,57.5,57.5,LOW,2.28,8.0,0.0,0.0
39258877,AG4,Steady Volume,QUEUE,915,2026-01-09,236,581,0,581,2.462,0.0,57.4,57.4,LOW,2.28,8.0,0.0,0.0
39587850,AG4,Steady Volume,QUEUE,916,2026-01-23,222,565,0,565,2.545,0.0,57.3,57.3,LOW,2.28,8.0,0.0,0.0
36804972,AG4,Steady Volume,QUEUE,917,2025-09-06,361,671,0,671,1.859,0.0,57.3,57.3,LOW,2.28,8.0,0.0,0.0
36805048,AG4,Steady Volume,QUEUE,918,2025-09-06,361,673,0,673,1.864,0.0,57.3,57.3,LOW,2.28,8.0,0.0,0.0
36603170,AG4,Steady Volume,QUEUE,919,2025-08-26,372,813,0,813,2.185,0.0,57.3,57.3,LOW,2.28,8.0,0.0,0.0
35706312,AG4,Steady Volume,QUEUE,920,2025-07-16,413,840,0,840,2.034,0.0,57.3,57.3,LOW,2.28,8.0,0.0,0.0
35481982,AG4,Steady Volume,QUEUE,921,2025-07-09,420,845,0,845,2.012,0.0,57.3,57.3,LOW,2.28,8.0,0.0,0.0
34783347,AG4,Steady Volume,QUEUE,922,2025-06-06,453,874,0,874,1.929,0.0,57.3,57.3,LOW,2.28,8.0,0.0,0.0
33848574,AG4,Steady Volume,QUEUE,923,2025-04-29,491,899,0,899,1.831,0.0,57.3,57.3,LOW,2.28,8.0,0.0,0.0
35706054,AG4,Steady Volume,QUEUE,924,2025-07-16,413,835,0,835,2.022,0.0,57.2,57.2,LOW,2.28,8.0,0.0,0.0
35482122,AG4,Steady Volume,QUEUE,925,2025-07-08,421,843,0,843,2.002,0.0,57.2,57.2,LOW,2.28,8.0,0.0,0.0
34949748,AG4,Steady Volume,QUEUE,926,2025-06-16,443,859,0,859,1.939,0.0,57.2,57.2,LOW,2.28,8.0,0.0,0.0
34703910,AG4,Steady Volume,QUEUE,927,2025-06-03,456,872,0,872,1.912,0.0,57.2,57.2,LOW,2.28,8.0,0.0,0.0
34469828,AG4,Steady Volume,QUEUE,928,2025-05-26,464,878,0,878,1.892,0.0,57.2,57.2,LOW,2.28,8.0,0.0,0.0
38141263,AG4,Steady Volume,QUEUE,929,2025-11-27,279,613,0,613,2.197,0.0,57.1,57.1,LOW,2.28,8.0,0.0,0.0
35087457,AG4,Steady Volume,QUEUE,930,2025-06-23,436,848,0,848,1.945,0.0,57.1,57.1,LOW,2.28,8.0,0.0,0.0
35087826,AG4,Steady Volume,QUEUE,931,2025-06-23,436,850,0,850,1.95,0.0,57.1,57.1,LOW,2.28,8.0,0.0,0.0
34825718,AG4,Steady Volume,QUEUE,932,2025-06-10,449,859,0,859,1.913,0.0,57.1,57.1,LOW,2.28,8.0,0.0,0.0
36603221,AG4,Steady Volume,QUEUE,933,2025-08-26,372,1021,178,1199,2.745,0.148,62.7,57.1,LOW,2.28,8.0,0.0,0.0
34949515,AG4,Steady Volume,QUEUE,934,2025-06-16,443,1089,196,1285,2.458,0.153,62.8,57.1,LOW,2.28,8.0,0.0,0.0
34703894,AG4,Steady Volume,QUEUE,935,2025-06-03,456,1476,616,2092,3.237,0.294,69.4,57.1,LOW,2.28,8.0,0.0,0.0
38141266,AG4,Steady Volume,QUEUE,936,2025-11-21,285,613,0,613,2.151,0.0,57.0,57.0,LOW,2.28,8.0,0.0,0.0
36495829,AG4,Steady Volume,QUEUE,937,2025-08-22,376,806,0,806,2.144,0.0,57.0,57.0,LOW,2.28,8.0,0.0,0.0
35705895,AG4,Steady Volume,QUEUE,938,2025-07-16,413,828,0,828,2.005,0.0,57.0,57.0,LOW,2.28,8.0,0.0,0.0
34949368,AG4,Steady Volume,QUEUE,939,2025-06-16,443,854,0,854,1.928,0.0,57.0,57.0,LOW,2.28,8.0,0.0,0.0
39258659,AG4,Steady Volume,QUEUE,940,2026-01-08,237,569,0,569,2.401,0.0,56.9,56.9,LOW,2.28,8.0,0.0,0.0
35288011,AG4,Steady Volume,QUEUE,941,2025-07-01,428,837,0,837,1.956,0.0,56.9,56.9,LOW,2.28,8.0,0.0,0.0
35087881,AG4,Steady Volume,QUEUE,942,2025-06-23,436,842,0,842,1.931,0.0,56.9,56.9,LOW,2.28,8.0,0.0,0.0
35087673,AG4,Steady Volume,QUEUE,943,2025-06-23,436,843,0,843,1.933,0.0,56.9,56.9,LOW,2.28,8.0,0.0,0.0
33848524,AG4,Steady Volume,QUEUE,944,2025-04-29,491,883,0,883,1.798,0.0,56.9,56.9,LOW,2.28,8.0,0.0,0.0
35706456,AG4,Steady Volume,QUEUE,945,2025-07-16,413,825,0,825,1.998,0.0,56.8,56.8,LOW,2.28,8.0,0.0,0.0
35334453,AG4,Steady Volume,QUEUE,946,2025-07-03,426,833,0,833,1.955,0.0,56.8,56.8,LOW,2.28,8.0,0.0,0.0
35087892,AG4,Steady Volume,QUEUE,947,2025-06-23,436,838,0,838,1.922,0.0,56.8,56.8,LOW,2.28,8.0,0.0,0.0
34726042,AG4,Steady Volume,QUEUE,948,2025-06-04,455,855,0,855,1.879,0.0,56.8,56.8,LOW,2.28,8.0,0.0,0.0
38146587,AG4,Steady Volume,QUEUE,949,2025-11-21,285,604,0,604,2.119,0.0,56.7,56.7,LOW,2.28,8.0,0.0,0.0
35334429,AG4,Steady Volume,QUEUE,950,2025-07-04,425,827,0,827,1.946,0.0,56.7,56.7,LOW,2.28,8.0,0.0,0.0
34949302,AG4,Steady Volume,QUEUE,951,2025-06-16,443,841,0,841,1.898,0.0,56.7,56.7,LOW,2.28,8.0,0.0,0.0
35843781,AG4,Steady Volume,QUEUE,952,2025-07-21,408,816,0,816,2.0,0.0,56.6,56.6,LOW,2.28,8.0,0.0,0.0
35087990,AG4,Steady Volume,QUEUE,953,2025-06-23,436,834,0,834,1.913,0.0,56.6,56.6,LOW,2.28,8.0,0.0,0.0
35287071,AG4,Steady Volume,QUEUE,954,2025-07-01,428,824,0,824,1.925,0.0,56.5,56.5,LOW,2.28,8.0,0.0,0.0
35087879,AG4,Steady Volume,QUEUE,955,2025-06-23,436,828,0,828,1.899,0.0,56.5,56.5,LOW,2.28,8.0,0.0,0.0
35088072,AG4,Steady Volume,QUEUE,956,2025-06-23,436,830,0,830,1.904,0.0,56.5,56.5,LOW,2.28,8.0,0.0,0.0
34846832,AG4,Steady Volume,QUEUE,957,2025-06-11,448,836,0,836,1.866,0.0,56.5,56.5,LOW,2.28,8.0,0.0,0.0
34742561,AG4,Steady Volume,QUEUE,958,2025-06-05,454,839,0,839,1.848,0.0,56.5,56.5,LOW,2.28,8.0,0.0,0.0
36764632,AG4,Steady Volume,QUEUE,959,2025-09-04,363,649,0,649,1.788,0.0,56.4,56.4,LOW,2.28,8.0,0.0,0.0
35286944,AG4,Steady Volume,QUEUE,960,2025-07-01,428,822,0,822,1.921,0.0,56.4,56.4,LOW,2.28,8.0,0.0,0.0
33855675,AG4,Steady Volume,QUEUE,961,2025-04-29,491,861,0,861,1.754,0.0,56.4,56.4,LOW,2.28,8.0,0.0,0.0
35287446,AG4,Steady Volume,QUEUE,962,2025-07-01,428,1454,671,2125,3.397,0.316,69.6,56.4,LOW,2.28,8.0,0.0,0.0
40564925,AG4,Steady Volume,QUEUE,963,2026-03-10,176,379,0,379,2.153,0.0,56.3,56.3,LOW,2.28,8.0,0.0,0.0
35706438,AG4,Steady Volume,QUEUE,964,2025-07-16,413,810,0,810,1.961,0.0,56.3,56.3,LOW,2.28,8.0,0.0,0.0
35705891,AG4,Steady Volume,QUEUE,965,2025-07-16,413,807,0,807,1.954,0.0,56.2,56.2,LOW,2.28,8.0,0.0,0.0
35287212,AG4,Steady Volume,QUEUE,966,2025-07-01,428,816,0,816,1.907,0.0,56.2,56.2,LOW,2.28,8.0,0.0,0.0
35087761,AG4,Steady Volume,QUEUE,967,2025-06-23,436,820,0,820,1.881,0.0,56.2,56.2,LOW,2.28,8.0,0.0,0.0
35087542,AG4,Steady Volume,QUEUE,968,2025-06-23,436,821,0,821,1.883,0.0,56.2,56.2,LOW,2.28,8.0,0.0,0.0
36804981,AG4,Steady Volume,QUEUE,969,2025-09-06,361,640,0,640,1.773,0.0,56.1,56.1,LOW,2.28,8.0,0.0,0.0
36495787,AG4,Steady Volume,QUEUE,970,2025-08-22,376,774,0,774,2.059,0.0,56.1,56.1,LOW,2.28,8.0,0.0,0.0
35481711,AG4,Steady Volume,QUEUE,971,2025-07-08,421,810,0,810,1.924,0.0,56.1,56.1,LOW,2.28,8.0,0.0,0.0
34704061,AG4,Steady Volume,QUEUE,972,2025-06-03,456,977,111,1088,2.143,0.102,59.8,56.1,LOW,2.28,8.0,0.0,0.0
39047627,AG4,Steady Volume,QUEUE,973,2025-12-30,246,557,0,557,2.264,0.0,56.0,56.0,LOW,2.28,8.0,0.0,0.0
35706637,AG4,Steady Volume,QUEUE,974,2025-07-16,413,801,0,801,1.939,0.0,56.0,56.0,LOW,2.28,8.0,0.0,0.0
35481513,AG4,Steady Volume,QUEUE,975,2025-07-08,421,807,0,807,1.917,0.0,56.0,56.0,LOW,2.28,8.0,0.0,0.0
35286826,AG4,Steady Volume,QUEUE,976,2025-07-01,428,809,0,809,1.89,0.0,56.0,56.0,LOW,2.28,8.0,0.0,0.0
35288170,AG4,Steady Volume,QUEUE,977,2025-07-01,428,811,0,811,1.895,0.0,56.0,56.0,LOW,2.28,8.0,0.0,0.0
34849375,AG4,Steady Volume,QUEUE,978,2025-06-11,448,819,0,819,1.828,0.0,56.0,56.0,LOW,2.28,8.0,0.0,0.0
39749651,AG4,Steady Volume,QUEUE,979,2026-01-31,214,527,0,527,2.463,0.0,55.9,55.9,LOW,2.28,8.0,0.0,0.0
38142660,AG4,Steady Volume,QUEUE,980,2025-11-21,285,585,0,585,2.053,0.0,55.9,55.9,LOW,2.28,8.0,0.0,0.0
34949455,AG4,Steady Volume,QUEUE,981,2025-06-14,445,815,0,815,1.831,0.0,55.9,55.9,LOW,2.28,8.0,0.0,0.0
34871078,AG4,Steady Volume,QUEUE,982,2025-06-12,447,816,0,816,1.826,0.0,55.9,55.9,LOW,2.28,8.0,0.0,0.0
34703974,AG4,Steady Volume,QUEUE,983,2025-06-03,456,821,0,821,1.8,0.0,55.9,55.9,LOW,2.28,8.0,0.0,0.0
34630486,AG4,Steady Volume,QUEUE,984,2025-05-31,459,822,0,822,1.791,0.0,55.9,55.9,LOW,2.28,8.0,0.0,0.0
35334436,AG4,Steady Volume,QUEUE,985,2025-07-04,425,803,0,803,1.889,0.0,55.8,55.8,LOW,2.28,8.0,0.0,0.0
35287370,AG4,Steady Volume,QUEUE,986,2025-07-01,428,804,0,804,1.879,0.0,55.8,55.8,LOW,2.28,8.0,0.0,0.0
35088020,AG4,Steady Volume,QUEUE,987,2025-06-23,436,809,0,809,1.856,0.0,55.8,55.8,LOW,2.28,8.0,0.0,0.0
40564922,AG4,Steady Volume,QUEUE,988,2026-03-10,176,370,0,370,2.102,0.0,55.7,55.7,LOW,2.28,8.0,0.0,0.0
36805018,AG4,Steady Volume,QUEUE,989,2025-09-06,361,629,0,629,1.742,0.0,55.7,55.7,LOW,2.28,8.0,0.0,0.0
36603259,AG4,Steady Volume,QUEUE,990,2025-08-26,372,762,0,762,2.048,0.0,55.7,55.7,LOW,2.28,8.0,0.0,0.0
35481435,AG4,Steady Volume,QUEUE,991,2025-07-08,421,794,0,794,1.886,0.0,55.7,55.7,LOW,2.28,8.0,0.0,0.0
35287294,AG4,Steady Volume,QUEUE,992,2025-07-01,428,803,0,803,1.876,0.0,55.7,55.7,LOW,2.28,8.0,0.0,0.0
39587505,AG4,Steady Volume,QUEUE,993,2026-01-23,222,527,0,527,2.374,0.0,55.6,55.6,LOW,2.28,8.0,0.0,0.0
38142884,AG4,Steady Volume,QUEUE,994,2025-11-21,285,578,0,578,2.028,0.0,55.6,55.6,LOW,2.28,8.0,0.0,0.0
36495786,AG4,Steady Volume,QUEUE,995,2025-08-22,376,759,0,759,2.019,0.0,55.6,55.6,LOW,2.28,8.0,0.0,0.0
36495812,AG4,Steady Volume,QUEUE,996,2025-08-22,376,759,0,759,2.019,0.0,55.6,55.6,LOW,2.28,8.0,0.0,0.0
35705854,AG4,Steady Volume,QUEUE,997,2025-07-16,413,785,0,785,1.901,0.0,55.6,55.6,LOW,2.28,8.0,0.0,0.0
35334216,AG4,Steady Volume,QUEUE,998,2025-07-03,426,792,0,792,1.859,0.0,55.6,55.6,LOW,2.28,8.0,0.0,0.0
34871070,AG4,Steady Volume,QUEUE,999,2025-06-12,447,806,0,806,1.803,0.0,55.6,55.6,LOW,2.28,8.0,0.0,0.0
34703772,AG4,Steady Volume,QUEUE,1000,2025-06-03,456,813,0,813,1.783,0.0,55.6,55.6,LOW,2.28,8.0,0.0,0.0
34630356,AG4,Steady Volume,QUEUE,1001,2025-05-31,459,815,0,815,1.776,0.0,55.6,55.6,LOW,2.28,8.0,0.0,0.0
36225652,AG4,Steady Volume,QUEUE,1002,2025-08-05,393,768,0,768,1.954,0.0,55.5,55.5,LOW,2.28,8.0,0.0,0.0
35287577,AG4,Steady Volume,QUEUE,1003,2025-07-01,428,788,0,788,1.841,0.0,55.5,55.5,LOW,2.28,8.0,0.0,0.0
35087432,AG4,Steady Volume,QUEUE,1004,2025-06-24,435,795,0,795,1.828,0.0,55.5,55.5,LOW,2.28,8.0,0.0,0.0
39587528,AG4,Steady Volume,QUEUE,1005,2026-01-23,222,524,0,524,2.36,0.0,55.4,55.4,LOW,2.28,8.0,0.0,0.0
35843724,AG4,Steady Volume,QUEUE,1006,2025-07-21,408,773,0,773,1.895,0.0,55.4,55.4,LOW,2.28,8.0,0.0,0.0
35087971,AG4,Steady Volume,QUEUE,1007,2025-06-23,436,791,0,791,1.814,0.0,55.4,55.4,LOW,2.28,8.0,0.0,0.0
34630480,AG4,Steady Volume,QUEUE,1008,2025-05-31,459,807,0,807,1.758,0.0,55.4,55.4,LOW,2.28,8.0,0.0,0.0
35706280,AG4,Steady Volume,QUEUE,1009,2025-07-16,413,1459,780,2239,3.533,0.348,70.0,55.4,LOW,2.28,8.0,0.0,0.0
36495793,AG4,Steady Volume,QUEUE,1010,2025-08-22,376,753,0,753,2.003,0.0,55.3,55.3,LOW,2.28,8.0,0.0,0.0
35843307,AG4,Steady Volume,QUEUE,1011,2025-07-21,408,771,0,771,1.89,0.0,55.3,55.3,LOW,2.28,8.0,0.0,0.0
35286940,AG4,Steady Volume,QUEUE,1012,2025-07-01,428,781,0,781,1.825,0.0,55.3,55.3,LOW,2.28,8.0,0.0,0.0
35286833,AG4,Steady Volume,QUEUE,1013,2025-07-01,428,783,0,783,1.829,0.0,55.3,55.3,LOW,2.28,8.0,0.0,0.0
34949480,AG4,Steady Volume,QUEUE,1014,2025-06-16,443,793,0,793,1.79,0.0,55.3,55.3,LOW,2.28,8.0,0.0,0.0
36603197,AG4,Steady Volume,QUEUE,1015,2025-08-26,372,745,0,745,2.003,0.0,55.2,55.2,LOW,2.28,8.0,0.0,0.0
35287342,AG4,Steady Volume,QUEUE,1016,2025-07-01,428,778,0,778,1.818,0.0,55.2,55.2,LOW,2.28,8.0,0.0,0.0
34949389,AG4,Steady Volume,QUEUE,1017,2025-06-16,443,787,0,787,1.777,0.0,55.2,55.2,LOW,2.28,8.0,0.0,0.0
34611063,AG4,Steady Volume,QUEUE,1018,2025-05-31,459,801,0,801,1.745,0.0,55.2,55.2,LOW,2.28,8.0,0.0,0.0
33889855,AG4,Steady Volume,QUEUE,1019,2025-05-02,488,816,0,816,1.672,0.0,55.2,55.2,LOW,2.28,8.0,0.0,0.0
36975379,AG4,Steady Volume,QUEUE,1020,2025-09-18,349,1210,758,1968,3.467,0.385,71.8,55.2,LOW,2.28,8.0,0.0,0.0
39258927,AG4,Steady Volume,QUEUE,1021,2026-01-09,236,530,0,530,2.246,0.0,55.1,55.1,LOW,2.28,8.0,0.0,0.0
35706394,AG4,Steady Volume,QUEUE,1022,2025-07-16,413,768,0,768,1.86,0.0,55.1,55.1,LOW,2.28,8.0,0.0,0.0
35088041,AG4,Steady Volume,QUEUE,1023,2025-06-24,435,780,0,780,1.793,0.0,55.1,55.1,LOW,2.28,8.0,0.0,0.0
35087852,AG4,Steady Volume,QUEUE,1024,2025-06-23,436,777,0,777,1.782,0.0,55.0,55.0,LOW,2.28,8.0,0.0,0.0
34801356,AG4,Steady Volume,QUEUE,1025,2025-06-07,452,789,0,789,1.746,0.0,55.0,55.0,LOW,2.28,8.0,0.0,0.0
35087875,AG4,Steady Volume,QUEUE,1026,2025-06-23,436,774,0,774,1.775,0.0,54.9,54.9,LOW,2.28,8.0,0.0,0.0
34611095,AG4,Steady Volume,QUEUE,1027,2025-05-30,460,791,0,791,1.72,0.0,54.9,54.9,LOW,2.28,8.0,0.0,0.0
33864454,AG4,Steady Volume,QUEUE,1028,2025-04-30,490,810,0,810,1.653,0.0,54.9,54.9,LOW,2.28,8.0,0.0,0.0
35286999,AG4,Steady Volume,QUEUE,1029,2025-07-01,428,767,0,767,1.792,0.0,54.8,54.8,LOW,2.28,8.0,0.0,0.0
35286831,AG4,Steady Volume,QUEUE,1030,2025-07-01,428,768,0,768,1.794,0.0,54.8,54.8,LOW,2.28,8.0,0.0,0.0
36495816,AG4,Steady Volume,QUEUE,1031,2025-08-22,376,735,0,735,1.955,0.0,54.7,54.7,LOW,2.28,8.0,0.0,0.0
35843296,AG4,Steady Volume,QUEUE,1032,2025-07-21,408,753,0,753,1.846,0.0,54.7,54.7,LOW,2.28,8.0,0.0,0.0
35481640,AG4,Steady Volume,QUEUE,1033,2025-07-08,421,759,0,759,1.803,0.0,54.7,54.7,LOW,2.28,8.0,0.0,0.0
35334666,AG4,Steady Volume,QUEUE,1034,2025-07-04,425,759,0,759,1.786,0.0,54.6,54.6,LOW,2.28,8.0,0.0,0.0
35087959,AG4,Steady Volume,QUEUE,1035,2025-06-23,436,765,0,765,1.755,0.0,54.6,54.6,LOW,2.28,8.0,0.0,0.0
34871138,AG4,Steady Volume,QUEUE,1036,2025-06-12,447,773,0,773,1.729,0.0,54.6,54.6,LOW,2.28,8.0,0.0,0.0
36764486,AG4,Steady Volume,QUEUE,1037,2025-09-04,363,599,0,599,1.65,0.0,54.5,54.5,LOW,2.28,8.0,0.0,0.0
35706538,AG4,Steady Volume,QUEUE,1038,2025-07-16,413,750,0,750,1.816,0.0,54.5,54.5,LOW,2.28,8.0,0.0,0.0
35334455,AG4,Steady Volume,QUEUE,1039,2025-07-07,422,755,0,755,1.789,0.0,54.5,54.5,LOW,2.28,8.0,0.0,0.0
34749011,AG4,Steady Volume,QUEUE,1040,2025-06-06,453,772,0,772,1.704,0.0,54.5,54.5,LOW,2.28,8.0,0.0,0.0
34801263,AG4,Steady Volume,QUEUE,1041,2025-06-09,450,772,0,772,1.716,0.0,54.5,54.5,LOW,2.28,8.0,0.0,0.0
36805020,AG4,Steady Volume,QUEUE,1042,2025-09-06,361,596,0,596,1.651,0.0,54.4,54.4,LOW,2.28,8.0,0.0,0.0
35705993,AG4,Steady Volume,QUEUE,1043,2025-07-16,413,746,0,746,1.806,0.0,54.4,54.4,LOW,2.28,8.0,0.0,0.0
35706120,AG4,Steady Volume,QUEUE,1044,2025-07-16,413,747,0,747,1.809,0.0,54.4,54.4,LOW,2.28,8.0,0.0,0.0
35706463,AG4,Steady Volume,QUEUE,1045,2025-07-16,413,747,0,747,1.809,0.0,54.4,54.4,LOW,2.28,8.0,0.0,0.0
35286912,AG4,Steady Volume,QUEUE,1046,2025-07-01,428,758,0,758,1.771,0.0,54.4,54.4,LOW,2.28,8.0,0.0,0.0
34611084,AG4,Steady Volume,QUEUE,1047,2025-05-30,460,772,0,772,1.678,0.0,54.4,54.4,LOW,2.28,8.0,0.0,0.0
33848552,AG4,Steady Volume,QUEUE,1048,2025-04-29,491,790,0,790,1.609,0.0,54.4,54.4,LOW,2.28,8.0,0.0,0.0
36603263,AG4,Steady Volume,QUEUE,1049,2025-08-26,372,822,85,907,2.21,0.094,57.6,54.4,LOW,2.28,8.0,0.0,0.0
35287302,AG4,Steady Volume,QUEUE,1050,2025-07-01,428,755,0,755,1.764,0.0,54.3,54.3,LOW,2.28,8.0,0.0,0.0
34783286,AG4,Steady Volume,QUEUE,1051,2025-06-06,453,765,0,765,1.689,0.0,54.3,54.3,LOW,2.28,8.0,0.0,0.0
34742576,AG4,Steady Volume,QUEUE,1052,2025-06-06,453,766,0,766,1.691,0.0,54.3,54.3,LOW,2.28,8.0,0.0,0.0
34742577,AG4,Steady Volume,QUEUE,1053,2025-06-05,454,767,0,767,1.689,0.0,54.3,54.3,LOW,2.28,8.0,0.0,0.0
39258914,AG4,Steady Volume,QUEUE,1054,2026-01-09,236,508,0,508,2.153,0.0,54.2,54.2,LOW,2.28,8.0,0.0,0.0
35287128,AG4,Steady Volume,QUEUE,1055,2025-07-01,428,748,0,748,1.748,0.0,54.2,54.2,LOW,2.28,8.0,0.0,0.0
34783292,AG4,Steady Volume,QUEUE,1056,2025-06-07,452,761,0,761,1.684,0.0,54.2,54.2,LOW,2.28,8.0,0.0,0.0
34783377,AG4,Steady Volume,QUEUE,1057,2025-06-06,453,939,141,1080,2.073,0.131,58.8,54.2,LOW,2.28,8.0,0.0,0.0
35286996,AG4,Steady Volume,QUEUE,1058,2025-07-01,428,747,0,747,1.745,0.0,54.1,54.1,LOW,2.28,8.0,0.0,0.0
35087448,AG4,Steady Volume,QUEUE,1059,2025-06-23,436,753,0,753,1.727,0.0,54.1,54.1,LOW,2.28,8.0,0.0,0.0
41802163,AG4,Steady Volume,QUEUE,1060,2026-05-02,123,293,0,293,2.382,0.0,54.0,54.0,LOW,2.28,8.0,0.0,0.0
35706649,AG4,Steady Volume,QUEUE,1061,2025-07-16,413,736,0,736,1.782,0.0,54.0,54.0,LOW,2.28,8.0,0.0,0.0
34704389,AG4,Steady Volume,QUEUE,1062,2025-06-03,456,759,0,759,1.664,0.0,54.0,54.0,LOW,2.28,8.0,0.0,0.0
35287504,AG4,Steady Volume,QUEUE,1063,2025-07-01,428,743,0,743,1.736,0.0,53.9,53.9,LOW,2.28,8.0,0.0,0.0
34714158,AG4,Steady Volume,QUEUE,1064,2025-06-04,455,757,0,757,1.664,0.0,53.9,53.9,LOW,2.28,8.0,0.0,0.0
36495835,AG4,Steady Volume,QUEUE,1065,2025-08-22,376,1015,302,1317,2.699,0.229,62.5,53.9,LOW,2.28,8.0,0.0,0.0
35843831,AG4,Steady Volume,QUEUE,1066,2025-07-21,408,1773,1430,3203,4.346,0.446,73.5,53.8,LOW,2.28,8.0,0.0,0.0
35706074,AG4,Steady Volume,QUEUE,1067,2025-07-16,413,733,0,733,1.775,0.0,53.8,53.8,LOW,2.28,8.0,0.0,0.0
35088143,AG4,Steady Volume,QUEUE,1068,2025-06-24,435,743,0,743,1.708,0.0,53.8,53.8,LOW,2.28,8.0,0.0,0.0
34783318,AG4,Steady Volume,QUEUE,1069,2025-06-06,453,751,0,751,1.658,0.0,53.8,53.8,LOW,2.28,8.0,0.0,0.0
35706331,AG4,Steady Volume,QUEUE,1070,2025-07-16,413,728,0,728,1.763,0.0,53.7,53.7,LOW,2.28,8.0,0.0,0.0
34742572,AG4,Steady Volume,QUEUE,1071,2025-06-06,453,750,0,750,1.656,0.0,53.7,53.7,LOW,2.28,8.0,0.0,0.0
35481583,AG4,Steady Volume,QUEUE,1072,2025-07-08,421,731,0,731,1.736,0.0,53.6,53.6,LOW,2.28,8.0,0.0,0.0
34949700,AG4,Steady Volume,QUEUE,1073,2025-06-16,443,742,0,742,1.675,0.0,53.6,53.6,LOW,2.28,8.0,0.0,0.0
39258881,AG4,Steady Volume,QUEUE,1074,2026-01-09,236,494,0,494,2.093,0.0,53.5,53.5,LOW,2.28,8.0,0.0,0.0
36604205,AG4,Steady Volume,QUEUE,1075,2025-08-29,369,697,0,697,1.889,0.0,53.5,53.5,LOW,2.28,8.0,0.0,0.0
35706151,AG4,Steady Volume,QUEUE,1076,2025-07-16,413,721,0,721,1.746,0.0,53.5,53.5,LOW,2.28,8.0,0.0,0.0
33848519,AG4,Steady Volume,QUEUE,1077,2025-04-29,491,764,0,764,1.556,0.0,53.5,53.5,LOW,2.28,8.0,0.0,0.0
39749691,AG4,Steady Volume,QUEUE,1078,2026-01-31,214,475,0,475,2.22,0.0,53.4,53.4,LOW,2.28,8.0,0.0,0.0
39587445,AG4,Steady Volume,QUEUE,1079,2026-01-23,222,481,0,481,2.167,0.0,53.4,53.4,LOW,2.28,8.0,0.0,0.0
38142848,AG4,Steady Volume,QUEUE,1080,2025-11-21,285,526,0,526,1.846,0.0,53.4,53.4,LOW,2.28,8.0,0.0,0.0
35706400,AG4,Steady Volume,QUEUE,1081,2025-07-16,413,720,0,720,1.743,0.0,53.4,53.4,LOW,2.28,8.0,0.0,0.0
35087584,AG4,Steady Volume,QUEUE,1082,2025-06-23,436,731,0,731,1.677,0.0,53.4,53.4,LOW,2.28,8.0,0.0,0.0
34704381,AG4,Steady Volume,QUEUE,1083,2025-06-03,456,741,0,741,1.625,0.0,53.4,53.4,LOW,2.28,8.0,0.0,0.0
34704077,AG4,Steady Volume,QUEUE,1084,2025-06-03,456,742,0,742,1.627,0.0,53.4,53.4,LOW,2.28,8.0,0.0,0.0
36409587,AG4,Steady Volume,QUEUE,1085,2025-08-14,384,700,0,700,1.823,0.0,53.3,53.3,LOW,2.28,8.0,0.0,0.0
35706347,AG4,Steady Volume,QUEUE,1086,2025-07-16,413,717,0,717,1.736,0.0,53.3,53.3,LOW,2.28,8.0,0.0,0.0
35481888,AG4,Steady Volume,QUEUE,1087,2025-07-09,420,722,0,722,1.719,0.0,53.3,53.3,LOW,2.28,8.0,0.0,0.0
35286926,AG4,Steady Volume,QUEUE,1088,2025-07-01,428,723,0,723,1.689,0.0,53.3,53.3,LOW,2.28,8.0,0.0,0.0
33864466,AG4,Steady Volume,QUEUE,1089,2025-04-30,490,755,0,755,1.541,0.0,53.3,53.3,LOW,2.28,8.0,0.0,0.0
33855663,AG4,Steady Volume,QUEUE,1090,2025-04-29,491,1431,829,2260,2.914,0.367,68.3,53.3,LOW,2.28,8.0,0.0,0.0
35898445,AG4,Steady Volume,QUEUE,1091,2025-07-23,406,709,0,709,1.746,0.0,53.2,53.2,LOW,2.28,8.0,0.0,0.0
34949332,AG4,Steady Volume,QUEUE,1092,2025-06-16,443,730,0,730,1.648,0.0,53.2,53.2,LOW,2.28,8.0,0.0,0.0
34611059,AG4,Steady Volume,QUEUE,1093,2025-05-31,459,738,0,738,1.608,0.0,53.2,53.2,LOW,2.28,8.0,0.0,0.0
33855661,AG4,Steady Volume,QUEUE,1094,2025-04-29,491,755,0,755,1.538,0.0,53.2,53.2,LOW,2.28,8.0,0.0,0.0
33078166,AG4,Steady Volume,QUEUE,1095,2025-03-06,545,784,0,784,1.439,0.0,53.2,53.2,LOW,2.28,8.0,0.0,0.0
39587540,AG4,Steady Volume,QUEUE,1096,2026-01-23,222,475,0,475,2.14,0.0,53.1,53.1,LOW,2.28,8.0,0.0,0.0
35706281,AG4,Steady Volume,QUEUE,1097,2025-07-16,413,713,0,713,1.726,0.0,53.1,53.1,LOW,2.28,8.0,0.0,0.0
35482159,AG4,Steady Volume,QUEUE,1098,2025-07-08,421,715,0,715,1.698,0.0,53.1,53.1,LOW,2.28,8.0,0.0,0.0
34949935,AG4,Steady Volume,QUEUE,1099,2025-06-16,443,729,0,729,1.646,0.0,53.1,53.1,LOW,2.28,8.0,0.0,0.0
34704281,AG4,Steady Volume,QUEUE,1100,2025-06-03,456,733,0,733,1.607,0.0,53.1,53.1,LOW,2.28,8.0,0.0,0.0
34704100,AG4,Steady Volume,QUEUE,1101,2025-06-04,455,734,0,734,1.613,0.0,53.1,53.1,LOW,2.28,8.0,0.0,0.0
35288185,AG4,Steady Volume,QUEUE,1102,2025-07-01,428,717,0,717,1.675,0.0,53.0,53.0,LOW,2.28,8.0,0.0,0.0
35287232,AG4,Steady Volume,QUEUE,1103,2025-07-01,428,718,0,718,1.678,0.0,53.0,53.0,LOW,2.28,8.0,0.0,0.0
34792382,AG4,Steady Volume,QUEUE,1104,2025-06-10,449,727,0,727,1.619,0.0,53.0,53.0,LOW,2.28,8.0,0.0,0.0
34704295,AG4,Steady Volume,QUEUE,1105,2025-06-03,456,731,0,731,1.603,0.0,53.0,53.0,LOW,2.28,8.0,0.0,0.0
39047632,AG4,Steady Volume,QUEUE,1106,2025-12-31,245,488,0,488,1.992,0.0,52.9,52.9,LOW,2.28,8.0,0.0,0.0
36225661,AG4,Steady Volume,QUEUE,1107,2025-08-05,393,696,0,696,1.771,0.0,52.9,52.9,LOW,2.28,8.0,0.0,0.0
41096543,AG4,Steady Volume,QUEUE,1108,2026-04-02,153,303,0,303,1.98,0.0,52.8,52.8,LOW,2.28,8.0,0.0,0.0
35706420,AG4,Steady Volume,QUEUE,1109,2025-07-16,413,701,0,701,1.697,0.0,52.8,52.8,LOW,2.28,8.0,0.0,0.0
34742583,AG4,Steady Volume,QUEUE,1110,2025-06-05,454,723,0,723,1.593,0.0,52.8,52.8,LOW,2.28,8.0,0.0,0.0
39749660,AG4,Steady Volume,QUEUE,1111,2026-01-31,214,461,0,461,2.154,0.0,52.7,52.7,LOW,2.28,8.0,0.0,0.0
35334544,AG4,Steady Volume,QUEUE,1112,2025-07-04,425,703,0,703,1.654,0.0,52.7,52.7,LOW,2.28,8.0,0.0,0.0
33845178,AG4,Steady Volume,QUEUE,1113,2025-04-30,490,740,0,740,1.51,0.0,52.7,52.7,LOW,2.28,8.0,0.0,0.0
33845171,AG4,Steady Volume,QUEUE,1114,2025-04-29,491,741,0,741,1.509,0.0,52.7,52.7,LOW,2.28,8.0,0.0,0.0
39587529,AG4,Steady Volume,QUEUE,1115,2026-01-23,222,465,0,465,2.095,0.0,52.6,52.6,LOW,2.28,8.0,0.0,0.0
34949568,AG4,Steady Volume,QUEUE,1116,2025-06-16,443,712,0,712,1.607,0.0,52.6,52.6,LOW,2.28,8.0,0.0,0.0
34704248,AG4,Steady Volume,QUEUE,1117,2025-06-03,456,721,0,721,1.581,0.0,52.6,52.6,LOW,2.28,8.0,0.0,0.0
33890028,AG4,Steady Volume,QUEUE,1118,2025-05-01,489,737,0,737,1.507,0.0,52.6,52.6,LOW,2.28,8.0,0.0,0.0
35706187,AG4,Steady Volume,QUEUE,1119,2025-07-16,413,694,0,694,1.68,0.0,52.5,52.5,LOW,2.28,8.0,0.0,0.0
35087939,AG4,Steady Volume,QUEUE,1120,2025-06-23,436,705,0,705,1.617,0.0,52.5,52.5,LOW,2.28,8.0,0.0,0.0
39047666,AG4,Steady Volume,QUEUE,1121,2025-12-30,246,480,0,480,1.951,0.0,52.4,52.4,LOW,2.28,8.0,0.0,0.0
35706665,AG4,Steady Volume,QUEUE,1122,2025-07-16,413,692,0,692,1.676,0.0,52.4,52.4,LOW,2.28,8.0,0.0,0.0
34742574,AG4,Steady Volume,QUEUE,1123,2025-06-05,454,712,0,712,1.568,0.0,52.4,52.4,LOW,2.28,8.0,0.0,0.0
33864438,AG4,Steady Volume,QUEUE,1124,2025-04-30,490,733,0,733,1.496,0.0,52.4,52.4,LOW,2.28,8.0,0.0,0.0
33848512,AG4,Steady Volume,QUEUE,1125,2025-04-29,491,736,0,736,1.499,0.0,52.4,52.4,LOW,2.28,8.0,0.0,0.0
34949663,AG4,Steady Volume,QUEUE,1126,2025-06-16,443,932,212,1144,2.104,0.185,58.9,52.4,LOW,2.28,8.0,0.0,0.0
36805063,AG4,Steady Volume,QUEUE,1127,2025-09-06,361,545,0,545,1.51,0.0,52.3,52.3,LOW,2.28,8.0,0.0,0.0
35334496,AG4,Steady Volume,QUEUE,1128,2025-07-04,425,696,0,696,1.638,0.0,52.3,52.3,LOW,2.28,8.0,0.0,0.0
40564944,AG4,Steady Volume,QUEUE,1129,2026-03-10,176,312,0,312,1.773,0.0,52.2,52.2,LOW,2.28,8.0,0.0,0.0
36373680,AG4,Steady Volume,QUEUE,1130,2025-08-13,385,668,0,668,1.735,0.0,52.2,52.2,LOW,2.28,8.0,0.0,0.0
34783293,AG4,Steady Volume,QUEUE,1131,2025-06-06,453,706,0,706,1.558,0.0,52.2,52.2,LOW,2.28,8.0,0.0,0.0
39749631,AG4,Steady Volume,QUEUE,1132,2026-01-31,214,446,0,446,2.084,0.0,52.1,52.1,LOW,2.28,8.0,0.0,0.0
35705878,AG4,Steady Volume,QUEUE,1133,2025-07-16,413,683,0,683,1.654,0.0,52.1,52.1,LOW,2.28,8.0,0.0,0.0
34792357,AG4,Steady Volume,QUEUE,1134,2025-06-07,452,701,0,701,1.551,0.0,52.1,52.1,LOW,2.28,8.0,0.0,0.0
33078165,AG4,Steady Volume,QUEUE,1135,2025-03-06,545,753,0,753,1.382,0.0,52.1,52.1,LOW,2.28,8.0,0.0,0.0
35334286,AG4,Steady Volume,QUEUE,1136,2025-07-03,426,686,0,686,1.61,0.0,52.0,52.0,LOW,2.28,8.0,0.0,0.0
34837966,AG4,Steady Volume,QUEUE,1137,2025-06-11,448,699,0,699,1.56,0.0,52.0,52.0,LOW,2.28,8.0,0.0,0.0
36805062,AG4,Steady Volume,QUEUE,1138,2025-09-06,361,539,0,539,1.493,0.0,51.9,51.9,LOW,2.28,8.0,0.0,0.0
35843769,AG4,Steady Volume,QUEUE,1139,2025-07-21,408,675,0,675,1.654,0.0,51.9,51.9,LOW,2.28,8.0,0.0,0.0
33848565,AG4,Steady Volume,QUEUE,1140,2025-04-29,491,721,0,721,1.468,0.0,51.9,51.9,LOW,2.28,8.0,0.0,0.0
36764622,AG4,Steady Volume,QUEUE,1141,2025-09-04,363,538,0,538,1.482,0.0,51.8,51.8,LOW,2.28,8.0,0.0,0.0
35287562,AG4,Steady Volume,QUEUE,1142,2025-07-01,428,683,0,683,1.596,0.0,51.8,51.8,LOW,2.28,8.0,0.0,0.0
34949492,AG4,Steady Volume,QUEUE,1143,2025-06-16,443,692,0,692,1.562,0.0,51.8,51.8,LOW,2.28,8.0,0.0,0.0
33848528,AG4,Steady Volume,QUEUE,1144,2025-04-29,491,720,0,720,1.466,0.0,51.8,51.8,LOW,2.28,8.0,0.0,0.0
35287687,AG4,Steady Volume,QUEUE,1145,2025-07-01,428,681,0,681,1.591,0.0,51.7,51.7,LOW,2.28,8.0,0.0,0.0
35287742,AG4,Steady Volume,QUEUE,1146,2025-07-01,428,681,0,681,1.591,0.0,51.7,51.7,LOW,2.28,8.0,0.0,0.0
35087625,AG4,Steady Volume,QUEUE,1147,2025-06-23,436,683,0,683,1.567,0.0,51.7,51.7,LOW,2.28,8.0,0.0,0.0
34714097,AG4,Steady Volume,QUEUE,1148,2025-06-03,456,694,0,694,1.522,0.0,51.7,51.7,LOW,2.28,8.0,0.0,0.0
33864441,AG4,Steady Volume,QUEUE,1149,2025-04-30,490,715,0,715,1.459,0.0,51.7,51.7,LOW,2.28,8.0,0.0,0.0
35481363,AG4,Steady Volume,QUEUE,1150,2025-07-08,421,1067,445,1512,2.534,0.294,62.8,51.7,LOW,2.28,8.0,0.0,0.0
39749624,AG4,Steady Volume,QUEUE,1151,2026-01-31,214,437,0,437,2.042,0.0,51.6,51.6,LOW,2.28,8.0,0.0,0.0
35286981,AG4,Steady Volume,QUEUE,1152,2025-07-01,428,675,0,675,1.577,0.0,51.6,51.6,LOW,2.28,8.0,0.0,0.0
34630446,AG4,Steady Volume,QUEUE,1153,2025-05-31,459,693,0,693,1.51,0.0,51.6,51.6,LOW,2.28,8.0,0.0,0.0
34611058,AG4,Steady Volume,QUEUE,1154,2025-05-30,460,695,0,695,1.511,0.0,51.6,51.6,LOW,2.28,8.0,0.0,0.0
39749656,AG4,Steady Volume,QUEUE,1155,2026-01-31,214,434,0,434,2.028,0.0,51.5,51.5,LOW,2.28,8.0,0.0,0.0
35334629,AG4,Steady Volume,QUEUE,1156,2025-07-03,426,674,0,674,1.582,0.0,51.5,51.5,LOW,2.28,8.0,0.0,0.0
35087629,AG4,Steady Volume,QUEUE,1157,2025-06-23,436,680,0,680,1.56,0.0,51.5,51.5,LOW,2.28,8.0,0.0,0.0
39587449,AG4,Steady Volume,QUEUE,1158,2026-01-23,222,438,0,438,1.973,0.0,51.4,51.4,LOW,2.28,8.0,0.0,0.0
36603192,AG4,Steady Volume,QUEUE,1159,2025-08-26,372,643,0,643,1.728,0.0,51.4,51.4,LOW,2.28,8.0,0.0,0.0
35706353,AG4,Steady Volume,QUEUE,1160,2025-07-16,413,664,0,664,1.608,0.0,51.4,51.4,LOW,2.28,8.0,0.0,0.0
35286837,AG4,Steady Volume,QUEUE,1161,2025-07-01,428,672,0,672,1.57,0.0,51.4,51.4,LOW,2.28,8.0,0.0,0.0
34949435,AG4,Steady Volume,QUEUE,1162,2025-06-16,443,679,0,679,1.533,0.0,51.4,51.4,LOW,2.28,8.0,0.0,0.0
33855697,AG4,Steady Volume,QUEUE,1163,2025-04-29,491,704,0,704,1.434,0.0,51.4,51.4,LOW,2.28,8.0,0.0,0.0
38142835,AG4,Steady Volume,QUEUE,1164,2025-11-21,285,479,0,479,1.681,0.0,51.3,51.3,LOW,2.28,8.0,0.0,0.0
35706544,AG4,Steady Volume,QUEUE,1165,2025-07-16,413,662,0,662,1.603,0.0,51.3,51.3,LOW,2.28,8.0,0.0,0.0
35286895,AG4,Steady Volume,QUEUE,1166,2025-07-01,428,668,0,668,1.561,0.0,51.3,51.3,LOW,2.28,8.0,0.0,0.0
39587534,AG4,Steady Volume,QUEUE,1167,2026-01-23,222,435,0,435,1.959,0.0,51.2,51.2,LOW,2.28,8.0,0.0,0.0
39258854,AG4,Steady Volume,QUEUE,1168,2026-01-09,236,445,0,445,1.886,0.0,51.2,51.2,LOW,2.28,8.0,0.0,0.0
35706493,AG4,Steady Volume,QUEUE,1169,2025-07-16,413,658,0,658,1.593,0.0,51.2,51.2,LOW,2.28,8.0,0.0,0.0
35287081,AG4,Steady Volume,QUEUE,1170,2025-07-01,428,665,0,665,1.554,0.0,51.2,51.2,LOW,2.28,8.0,0.0,0.0
35087651,AG4,Steady Volume,QUEUE,1171,2025-06-23,436,671,0,671,1.539,0.0,51.2,51.2,LOW,2.28,8.0,0.0,0.0
34792267,AG4,Steady Volume,QUEUE,1172,2025-06-07,452,681,0,681,1.507,0.0,51.2,51.2,LOW,2.28,8.0,0.0,0.0
34704241,AG4,Steady Volume,QUEUE,1173,2025-06-03,456,684,0,684,1.5,0.0,51.2,51.2,LOW,2.28,8.0,0.0,0.0
35706225,AG4,Steady Volume,QUEUE,1174,2025-07-16,413,656,0,656,1.588,0.0,51.1,51.1,LOW,2.28,8.0,0.0,0.0
35087441,AG4,Steady Volume,QUEUE,1175,2025-06-23,436,666,0,666,1.528,0.0,51.1,51.1,LOW,2.28,8.0,0.0,0.0
34949420,AG4,Steady Volume,QUEUE,1176,2025-06-16,443,671,0,671,1.515,0.0,51.1,51.1,LOW,2.28,8.0,0.0,0.0
33864451,AG4,Steady Volume,QUEUE,1177,2025-04-30,490,698,0,698,1.424,0.0,51.1,51.1,LOW,2.28,8.0,0.0,0.0
33864459,AG4,Steady Volume,QUEUE,1178,2025-04-30,490,698,0,698,1.424,0.0,51.1,51.1,LOW,2.28,8.0,0.0,0.0
39592497,AG4,Steady Volume,QUEUE,1179,2026-01-23,222,432,0,432,1.946,0.0,51.0,51.0,LOW,2.28,8.0,0.0,0.0
35288180,AG4,Steady Volume,QUEUE,1180,2025-07-01,428,661,0,661,1.544,0.0,51.0,51.0,LOW,2.28,8.0,0.0,0.0
35088048,AG4,Steady Volume,QUEUE,1181,2025-06-23,436,665,0,665,1.525,0.0,51.0,51.0,LOW,2.28,8.0,0.0,0.0
41802161,AG4,Steady Volume,QUEUE,1182,2026-05-02,123,257,0,257,2.089,0.0,50.9,50.9,LOW,2.28,8.0,0.0,0.0
38146577,AG4,Steady Volume,QUEUE,1183,2025-11-21,285,473,0,473,1.66,0.0,50.9,50.9,LOW,2.28,8.0,0.0,0.0
36603173,AG4,Steady Volume,QUEUE,1184,2025-08-26,372,626,0,626,1.683,0.0,50.9,50.9,LOW,2.28,8.0,0.0,0.0
35706662,AG4,Steady Volume,QUEUE,1185,2025-07-16,413,651,0,651,1.576,0.0,50.9,50.9,LOW,2.28,8.0,0.0,0.0
35087947,AG4,Steady Volume,QUEUE,1186,2025-06-24,435,662,0,662,1.522,0.0,50.9,50.9,LOW,2.28,8.0,0.0,0.0
35087865,AG4,Steady Volume,QUEUE,1187,2025-06-23,436,663,0,663,1.521,0.0,50.9,50.9,LOW,2.28,8.0,0.0,0.0
34949417,AG4,Steady Volume,QUEUE,1188,2025-06-16,443,667,0,667,1.506,0.0,50.9,50.9,LOW,2.28,8.0,0.0,0.0
34783238,AG4,Steady Volume,QUEUE,1189,2025-06-06,453,672,0,672,1.483,0.0,50.9,50.9,LOW,2.28,8.0,0.0,0.0
33855699,AG4,Steady Volume,QUEUE,1190,2025-04-29,491,693,0,693,1.411,0.0,50.9,50.9,LOW,2.28,8.0,0.0,0.0
34783385,AG4,Steady Volume,QUEUE,1191,2025-06-06,453,1170,634,1804,2.583,0.351,64.5,50.9,LOW,2.28,8.0,0.0,0.0
35087861,AG4,Steady Volume,QUEUE,1192,2025-06-23,436,659,0,659,1.511,0.0,50.8,50.8,LOW,2.28,8.0,0.0,0.0
39047619,AG4,Steady Volume,QUEUE,1193,2025-12-31,245,630,194,824,2.571,0.235,59.1,50.8,LOW,2.28,8.0,0.0,0.0
35334433,AG4,Steady Volume,QUEUE,1194,2025-07-03,426,651,0,651,1.528,0.0,50.7,50.7,LOW,2.28,8.0,0.0,0.0
35287221,AG4,Steady Volume,QUEUE,1195,2025-07-01,428,652,0,652,1.523,0.0,50.7,50.7,LOW,2.28,8.0,0.0,0.0
35087787,AG4,Steady Volume,QUEUE,1196,2025-06-23,436,658,0,658,1.509,0.0,50.7,50.7,LOW,2.28,8.0,0.0,0.0
33855701,AG4,Steady Volume,QUEUE,1197,2025-04-29,491,687,0,687,1.399,0.0,50.7,50.7,LOW,2.28,8.0,0.0,0.0
34704047,AG4,Steady Volume,QUEUE,1198,2025-06-03,456,1001,360,1361,2.195,0.265,60.3,50.7,LOW,2.28,8.0,0.0,0.0
35087379,AG4,Steady Volume,QUEUE,1199,2025-06-23,436,656,0,656,1.505,0.0,50.6,50.6,LOW,2.28,8.0,0.0,0.0
35087781,AG4,Steady Volume,QUEUE,1200,2025-06-23,436,656,0,656,1.505,0.0,50.6,50.6,LOW,2.28,8.0,0.0,0.0
34949315,AG4,Steady Volume,QUEUE,1201,2025-06-16,443,661,0,661,1.492,0.0,50.6,50.6,LOW,2.28,8.0,0.0,0.0
34611031,AG4,Steady Volume,QUEUE,1202,2025-05-31,459,670,0,670,1.46,0.0,50.6,50.6,LOW,2.28,8.0,0.0,0.0
33855660,AG4,Steady Volume,QUEUE,1203,2025-04-29,491,685,0,685,1.395,0.0,50.6,50.6,LOW,2.28,8.0,0.0,0.0
33896247,AG4,Steady Volume,QUEUE,1204,2025-05-02,488,685,0,685,1.404,0.0,50.6,50.6,LOW,2.28,8.0,0.0,0.0
34949522,AG4,Steady Volume,QUEUE,1205,2025-06-16,443,787,127,914,1.777,0.139,55.2,50.6,LOW,2.28,8.0,0.0,0.0
39258906,AG4,Steady Volume,QUEUE,1206,2026-01-09,236,431,0,431,1.826,0.0,50.5,50.5,LOW,2.28,8.0,0.0,0.0
35287754,AG4,Steady Volume,QUEUE,1207,2025-07-01,428,647,0,647,1.512,0.0,50.5,50.5,LOW,2.28,8.0,0.0,0.0
34949309,AG4,Steady Volume,QUEUE,1208,2025-06-16,443,658,0,658,1.485,0.0,50.5,50.5,LOW,2.28,8.0,0.0,0.0
34630343,AG4,Steady Volume,QUEUE,1209,2025-05-31,459,666,0,666,1.451,0.0,50.5,50.5,LOW,2.28,8.0,0.0,0.0
33855671,AG4,Steady Volume,QUEUE,1210,2025-04-29,491,682,0,682,1.389,0.0,50.5,50.5,LOW,2.28,8.0,0.0,0.0
33845174,AG4,Steady Volume,QUEUE,1211,2025-04-28,492,683,0,683,1.388,0.0,50.5,50.5,LOW,2.28,8.0,0.0,0.0
38141257,AG4,Steady Volume,QUEUE,1212,2025-11-21,285,461,0,461,1.618,0.0,50.4,50.4,LOW,2.28,8.0,0.0,0.0
35705852,AG4,Steady Volume,QUEUE,1213,2025-07-16,413,636,0,636,1.54,0.0,50.4,50.4,LOW,2.28,8.0,0.0,0.0
35706203,AG4,Steady Volume,QUEUE,1214,2025-07-16,413,636,0,636,1.54,0.0,50.4,50.4,LOW,2.28,8.0,0.0,0.0
35482148,AG4,Steady Volume,QUEUE,1215,2025-07-09,420,640,0,640,1.524,0.0,50.4,50.4,LOW,2.28,8.0,0.0,0.0
35287018,AG4,Steady Volume,QUEUE,1216,2025-07-01,428,646,0,646,1.509,0.0,50.4,50.4,LOW,2.28,8.0,0.0,0.0
35288028,AG4,Steady Volume,QUEUE,1217,2025-07-01,428,646,0,646,1.509,0.0,50.4,50.4,LOW,2.28,8.0,0.0,0.0
35087780,AG4,Steady Volume,QUEUE,1218,2025-06-23,436,651,0,651,1.493,0.0,50.4,50.4,LOW,2.28,8.0,0.0,0.0
34825521,AG4,Steady Volume,QUEUE,1219,2025-06-10,449,660,0,660,1.47,0.0,50.4,50.4,LOW,2.28,8.0,0.0,0.0
41802178,AG4,Steady Volume,QUEUE,1220,2026-05-02,123,249,0,249,2.024,0.0,50.3,50.3,LOW,2.28,8.0,0.0,0.0
35706130,AG4,Steady Volume,QUEUE,1221,2025-07-16,413,635,0,635,1.538,0.0,50.3,50.3,LOW,2.28,8.0,0.0,0.0
35087611,AG4,Steady Volume,QUEUE,1222,2025-06-23,436,648,0,648,1.486,0.0,50.3,50.3,LOW,2.28,8.0,0.0,0.0
34949211,AG4,Steady Volume,QUEUE,1223,2025-06-16,443,653,0,653,1.474,0.0,50.3,50.3,LOW,2.28,8.0,0.0,0.0
34742573,AG4,Steady Volume,QUEUE,1224,2025-06-05,454,833,181,1014,1.835,0.179,56.3,50.3,LOW,2.28,8.0,0.0,0.0
35287041,AG4,Steady Volume,QUEUE,1225,2025-07-01,428,643,0,643,1.502,0.0,50.2,50.2,LOW,2.28,8.0,0.0,0.0
35287184,AG4,Steady Volume,QUEUE,1226,2025-07-01,428,643,0,643,1.502,0.0,50.2,50.2,LOW,2.28,8.0,0.0,0.0
34949344,AG4,Steady Volume,QUEUE,1227,2025-06-16,443,651,0,651,1.47,0.0,50.2,50.2,LOW,2.28,8.0,0.0,0.0
36805064,AG4,Steady Volume,QUEUE,1228,2025-09-06,361,499,0,499,1.382,0.0,50.1,50.1,LOW,2.28,8.0,0.0,0.0
35087810,AG4,Steady Volume,QUEUE,1229,2025-06-23,436,645,0,645,1.479,0.0,50.1,50.1,LOW,2.28,8.0,0.0,0.0
35087862,AG4,Steady Volume,QUEUE,1230,2025-06-23,436,645,0,645,1.479,0.0,50.1,50.1,LOW,2.28,8.0,0.0,0.0
34801181,AG4,Steady Volume,QUEUE,1231,2025-06-07,452,652,0,652,1.442,0.0,50.1,50.1,LOW,2.28,8.0,0.0,0.0
34704046,AG4,Steady Volume,QUEUE,1232,2025-06-03,456,654,0,654,1.434,0.0,50.1,50.1,LOW,2.28,8.0,0.0,0.0
34630353,AG4,Steady Volume,QUEUE,1233,2025-05-31,459,656,0,656,1.429,0.0,50.1,50.1,LOW,2.28,8.0,0.0,0.0
41096488,AG4,Steady Volume,QUEUE,1234,2026-04-02,153,266,0,266,1.739,0.0,50.0,50.0,LOW,2.28,8.0,0.0,0.0
36805070,AG4,Steady Volume,QUEUE,1235,2025-09-06,361,498,0,498,1.38,0.0,50.0,50.0,LOW,2.28,8.0,0.0,0.0
36603248,AG4,Steady Volume,QUEUE,1236,2025-08-26,372,605,0,605,1.626,0.0,50.0,50.0,LOW,2.28,8.0,0.0,0.0
35706201,AG4,Steady Volume,QUEUE,1237,2025-07-16,413,626,0,626,1.516,0.0,50.0,50.0,LOW,2.28,8.0,0.0,0.0
33845177,AG4,Steady Volume,QUEUE,1238,2025-04-28,492,671,0,671,1.364,0.0,50.0,50.0,LOW,2.28,8.0,0.0,0.0
36225663,AG4,Steady Volume,QUEUE,1239,2025-08-05,393,615,0,615,1.565,0.0,49.9,49.9,LOW,2.28,8.0,0.0,0.0
35482156,AG4,Steady Volume,QUEUE,1240,2025-07-09,420,630,0,630,1.5,0.0,49.9,49.9,LOW,2.28,8.0,0.0,0.0
34949405,AG4,Steady Volume,QUEUE,1241,2025-06-16,443,643,0,643,1.451,0.0,49.9,49.9,LOW,2.28,8.0,0.0,0.0
34949404,AG4,Steady Volume,QUEUE,1242,2025-06-16,443,645,0,645,1.456,0.0,49.9,49.9,LOW,2.28,8.0,0.0,0.0
34745716,AG4,Steady Volume,QUEUE,1243,2025-06-06,453,647,0,647,1.428,0.0,49.9,49.9,LOW,2.28,8.0,0.0,0.0
36604206,AG4,Steady Volume,QUEUE,1244,2025-08-29,369,597,0,597,1.618,0.0,49.8,49.8,LOW,2.28,8.0,0.0,0.0
35334526,AG4,Steady Volume,QUEUE,1245,2025-07-04,425,631,0,631,1.485,0.0,49.8,49.8,LOW,2.28,8.0,0.0,0.0
34745785,AG4,Steady Volume,QUEUE,1246,2025-06-06,453,645,0,645,1.424,0.0,49.8,49.8,LOW,2.28,8.0,0.0,0.0
34703890,AG4,Steady Volume,QUEUE,1247,2025-06-03,456,768,124,892,1.684,0.139,54.3,49.8,LOW,2.28,8.0,0.0,0.0
34704364,AG4,Steady Volume,QUEUE,1248,2025-06-03,456,1080,550,1630,2.368,0.337,62.4,49.8,LOW,2.28,8.0,0.0,0.0
36805052,AG4,Steady Volume,QUEUE,1249,2025-09-06,361,492,0,492,1.363,0.0,49.7,49.7,LOW,2.28,8.0,0.0,0.0
34745796,AG4,Steady Volume,QUEUE,1250,2025-06-05,454,645,0,645,1.421,0.0,49.7,49.7,LOW,2.28,8.0,0.0,0.0
39258868,AG4,Steady Volume,QUEUE,1251,2026-01-08,237,412,0,412,1.738,0.0,49.6,49.6,LOW,2.28,8.0,0.0,0.0
35706355,AG4,Steady Volume,QUEUE,1252,2025-07-16,413,620,0,620,1.501,0.0,49.6,49.6,LOW,2.28,8.0,0.0,0.0
35288206,AG4,Steady Volume,QUEUE,1253,2025-07-01,428,627,0,627,1.465,0.0,49.6,49.6,LOW,2.28,8.0,0.0,0.0
35087775,AG4,Steady Volume,QUEUE,1254,2025-06-23,436,633,0,633,1.452,0.0,49.6,49.6,LOW,2.28,8.0,0.0,0.0
34783278,AG4,Steady Volume,QUEUE,1255,2025-06-06,453,638,0,638,1.408,0.0,49.5,49.5,LOW,2.28,8.0,0.0,0.0
33855692,AG4,Steady Volume,QUEUE,1256,2025-04-29,491,658,0,658,1.34,0.0,49.5,49.5,LOW,2.28,8.0,0.0,0.0
35087738,AG4,Steady Volume,QUEUE,1257,2025-06-23,436,1106,640,1746,2.537,0.367,63.4,49.5,LOW,2.28,8.0,0.0,0.0
39258863,AG4,Steady Volume,QUEUE,1258,2026-01-08,237,410,0,410,1.73,0.0,49.4,49.4,LOW,2.28,8.0,0.0,0.0
34838071,AG4,Steady Volume,QUEUE,1259,2025-06-11,448,634,0,634,1.415,0.0,49.4,49.4,LOW,2.28,8.0,0.0,0.0
34783252,AG4,Steady Volume,QUEUE,1260,2025-06-06,453,636,0,636,1.404,0.0,49.4,49.4,LOW,2.28,8.0,0.0,0.0
35287310,AG4,Steady Volume,QUEUE,1261,2025-07-01,428,854,254,1108,1.995,0.229,57.3,49.4,LOW,2.28,8.0,0.0,0.0
36603246,AG4,Steady Volume,QUEUE,1262,2025-08-26,372,1032,583,1615,2.774,0.361,63.0,49.4,LOW,2.28,8.0,0.0,0.0
35706037,AG4,Steady Volume,QUEUE,1263,2025-07-16,413,611,0,611,1.479,0.0,49.3,49.3,LOW,2.28,8.0,0.0,0.0
34949393,AG4,Steady Volume,QUEUE,1264,2025-06-16,443,627,0,627,1.415,0.0,49.3,49.3,LOW,2.28,8.0,0.0,0.0
41867245,AG4,Steady Volume,QUEUE,1265,2026-05-05,120,236,0,236,1.967,0.0,49.2,49.2,LOW,2.28,8.0,0.0,0.0
35481449,AG4,Steady Volume,QUEUE,1266,2025-07-08,421,613,0,613,1.456,0.0,49.2,49.2,LOW,2.28,8.0,0.0,0.0
35088069,AG4,Steady Volume,QUEUE,1267,2025-06-23,436,621,0,621,1.424,0.0,49.2,49.2,LOW,2.28,8.0,0.0,0.0
34949456,AG4,Steady Volume,QUEUE,1268,2025-06-16,443,625,0,625,1.411,0.0,49.2,49.2,LOW,2.28,8.0,0.0,0.0
34837996,AG4,Steady Volume,QUEUE,1269,2025-06-10,449,628,0,628,1.399,0.0,49.2,49.2,LOW,2.28,8.0,0.0,0.0
34630466,AG4,Steady Volume,QUEUE,1270,2025-05-31,459,635,0,635,1.383,0.0,49.2,49.2,LOW,2.28,8.0,0.0,0.0
33871271,AG4,Steady Volume,QUEUE,1271,2025-04-30,490,1173,724,1897,2.394,0.382,63.8,49.2,LOW,2.28,8.0,0.0,0.0
39047624,AG4,Steady Volume,QUEUE,1272,2025-12-30,246,408,0,408,1.659,0.0,49.1,49.1,LOW,2.28,8.0,0.0,0.0
36603247,AG4,Steady Volume,QUEUE,1273,2025-08-26,372,583,0,583,1.567,0.0,49.1,49.1,LOW,2.28,8.0,0.0,0.0
35706471,AG4,Steady Volume,QUEUE,1274,2025-07-16,413,606,0,606,1.467,0.0,49.1,49.1,LOW,2.28,8.0,0.0,0.0
34745792,AG4,Steady Volume,QUEUE,1275,2025-06-05,454,629,0,629,1.385,0.0,49.1,49.1,LOW,2.28,8.0,0.0,0.0
33848522,AG4,Steady Volume,QUEUE,1276,2025-04-29,491,647,0,647,1.318,0.0,49.1,49.1,LOW,2.28,8.0,0.0,0.0
35843915,AG4,Steady Volume,QUEUE,1277,2025-07-21,408,600,0,600,1.471,0.0,49.0,49.0,LOW,2.28,8.0,0.0,0.0
35287300,AG4,Steady Volume,QUEUE,1278,2025-07-01,428,611,0,611,1.428,0.0,49.0,49.0,LOW,2.28,8.0,0.0,0.0
35087807,AG4,Steady Volume,QUEUE,1279,2025-06-23,436,617,0,617,1.415,0.0,49.0,49.0,LOW,2.28,8.0,0.0,0.0
35087685,AG4,Steady Volume,QUEUE,1280,2025-06-23,436,618,0,618,1.417,0.0,49.0,49.0,LOW,2.28,8.0,0.0,0.0
33864448,AG4,Steady Volume,QUEUE,1281,2025-04-30,490,645,0,645,1.316,0.0,49.0,49.0,LOW,2.28,8.0,0.0,0.0
43008866,AG4,Steady Volume,QUEUE,1282,2026-06-12,82,203,0,203,2.476,0.0,48.9,48.9,LOW,2.28,8.0,0.0,0.0
34703862,AG4,Steady Volume,QUEUE,1283,2025-06-03,456,625,0,625,1.371,0.0,48.9,48.9,LOW,2.28,8.0,0.0,0.0
41096540,AG4,Steady Volume,QUEUE,1284,2026-04-02,153,253,0,253,1.654,0.0,48.8,48.8,LOW,2.28,8.0,0.0,0.0
39258889,AG4,Steady Volume,QUEUE,1285,2026-01-08,237,395,0,395,1.667,0.0,48.8,48.8,LOW,2.28,8.0,0.0,0.0
39258862,AG4,Steady Volume,QUEUE,1286,2026-01-09,236,395,0,395,1.674,0.0,48.8,48.8,LOW,2.28,8.0,0.0,0.0
38142809,AG4,Steady Volume,QUEUE,1287,2025-11-21,285,429,0,429,1.505,0.0,48.8,48.8,LOW,2.28,8.0,0.0,0.0
35705942,AG4,Steady Volume,QUEUE,1288,2025-07-16,413,599,0,599,1.45,0.0,48.8,48.8,LOW,2.28,8.0,0.0,0.0
35288162,AG4,Steady Volume,QUEUE,1289,2025-07-01,428,608,0,608,1.421,0.0,48.8,48.8,LOW,2.28,8.0,0.0,0.0
35087590,AG4,Steady Volume,QUEUE,1290,2025-06-23,436,613,0,613,1.406,0.0,48.8,48.8,LOW,2.28,8.0,0.0,0.0
34611020,AG4,Steady Volume,QUEUE,1291,2025-05-30,460,625,0,625,1.359,0.0,48.8,48.8,LOW,2.28,8.0,0.0,0.0
33855703,AG4,Steady Volume,QUEUE,1292,2025-04-29,491,639,0,639,1.301,0.0,48.8,48.8,LOW,2.28,8.0,0.0,0.0
33251272,AG4,Steady Volume,QUEUE,1293,2025-03-20,531,658,0,658,1.239,0.0,48.8,48.8,LOW,2.28,8.0,0.0,0.0
36804967,AG4,Steady Volume,QUEUE,1294,2025-09-06,361,473,0,473,1.31,0.0,48.7,48.7,LOW,2.28,8.0,0.0,0.0
35706228,AG4,Steady Volume,QUEUE,1295,2025-07-16,413,595,0,595,1.441,0.0,48.7,48.7,LOW,2.28,8.0,0.0,0.0
40564943,AG4,Steady Volume,QUEUE,1296,2026-03-10,176,264,0,264,1.5,0.0,48.6,48.6,LOW,2.28,8.0,0.0,0.0
39827757,AG4,Steady Volume,QUEUE,1297,2026-02-04,210,375,0,375,1.786,0.0,48.6,48.6,LOW,2.28,8.0,0.0,0.0
36603198,AG4,Steady Volume,QUEUE,1298,2025-08-26,372,570,0,570,1.532,0.0,48.6,48.6,LOW,2.28,8.0,0.0,0.0
36225689,AG4,Steady Volume,QUEUE,1299,2025-08-05,393,583,0,583,1.483,0.0,48.6,48.6,LOW,2.28,8.0,0.0,0.0
35705910,AG4,Steady Volume,QUEUE,1300,2025-07-16,413,592,0,592,1.433,0.0,48.6,48.6,LOW,2.28,8.0,0.0,0.0
35087687,AG4,Steady Volume,QUEUE,1301,2025-06-24,435,607,0,607,1.395,0.0,48.6,48.6,LOW,2.28,8.0,0.0,0.0
34703870,AG4,Steady Volume,QUEUE,1302,2025-06-03,456,618,0,618,1.355,0.0,48.6,48.6,LOW,2.28,8.0,0.0,0.0
34630501,AG4,Steady Volume,QUEUE,1303,2025-05-31,459,621,0,621,1.353,0.0,48.6,48.6,LOW,2.28,8.0,0.0,0.0
33855696,AG4,Steady Volume,QUEUE,1304,2025-04-29,491,636,0,636,1.295,0.0,48.6,48.6,LOW,2.28,8.0,0.0,0.0
35898448,AG4,Steady Volume,QUEUE,1305,2025-07-23,406,2258,3799,6057,5.562,0.627,77.7,48.5,HEALTHY,2.28,8.0,0.0,0.0
35334557,AG4,Steady Volume,QUEUE,1306,2025-07-04,425,598,0,598,1.407,0.0,48.5,48.5,LOW,2.28,8.0,0.0,0.0
34783301,AG4,Steady Volume,QUEUE,1307,2025-06-06,453,615,0,615,1.358,0.0,48.5,48.5,LOW,2.28,8.0,0.0,0.0
34611043,AG4,Steady Volume,QUEUE,1308,2025-05-30,460,619,0,619,1.346,0.0,48.5,48.5,LOW,2.28,8.0,0.0,0.0
33864439,AG4,Steady Volume,QUEUE,1309,2025-04-30,490,631,0,631,1.288,0.0,48.5,48.5,LOW,2.28,8.0,0.0,0.0
33855676,AG4,Steady Volume,QUEUE,1310,2025-04-29,491,953,384,1337,1.941,0.287,58.5,48.4,LOW,2.28,8.0,0.0,0.0
39587435,AG4,Steady Volume,QUEUE,1311,2026-01-23,222,377,0,377,1.698,0.0,48.3,48.3,LOW,2.28,8.0,0.0,0.0
35706616,AG4,Steady Volume,QUEUE,1312,2025-07-16,413,586,0,586,1.419,0.0,48.3,48.3,LOW,2.28,8.0,0.0,0.0
35087663,AG4,Steady Volume,QUEUE,1313,2025-06-24,435,598,0,598,1.375,0.0,48.3,48.3,LOW,2.28,8.0,0.0,0.0
34949831,AG4,Steady Volume,QUEUE,1314,2025-06-16,443,604,0,604,1.363,0.0,48.3,48.3,LOW,2.28,8.0,0.0,0.0
34748986,AG4,Steady Volume,QUEUE,1315,2025-06-06,453,609,0,609,1.344,0.0,48.3,48.3,LOW,2.28,8.0,0.0,0.0
39749635,AG4,Steady Volume,QUEUE,1316,2026-01-31,214,371,0,371,1.734,0.0,48.2,48.2,LOW,2.28,8.0,0.0,0.0
39258910,AG4,Steady Volume,QUEUE,1317,2026-01-09,236,383,0,383,1.623,0.0,48.2,48.2,LOW,2.28,8.0,0.0,0.0
35706593,AG4,Steady Volume,QUEUE,1318,2025-07-16,413,584,0,584,1.414,0.0,48.2,48.2,LOW,2.28,8.0,0.0,0.0
35334411,AG4,Steady Volume,QUEUE,1319,2025-07-04,425,591,0,591,1.391,0.0,48.2,48.2,LOW,2.28,8.0,0.0,0.0
33855662,AG4,Steady Volume,QUEUE,1320,2025-04-29,491,626,0,626,1.275,0.0,48.2,48.2,LOW,2.28,8.0,0.0,0.0
39258888,AG4,Steady Volume,QUEUE,1321,2026-01-09,236,381,0,381,1.614,0.0,48.1,48.1,LOW,2.28,8.0,0.0,0.0
36495779,AG4,Steady Volume,QUEUE,1322,2025-08-22,376,564,0,564,1.5,0.0,48.1,48.1,LOW,2.28,8.0,0.0,0.0
35898410,AG4,Steady Volume,QUEUE,1323,2025-07-23,406,578,0,578,1.424,0.0,48.1,48.1,LOW,2.28,8.0,0.0,0.0
35286846,AG4,Steady Volume,QUEUE,1324,2025-07-01,428,590,0,590,1.379,0.0,48.1,48.1,LOW,2.28,8.0,0.0,0.0
35286906,AG4,Steady Volume,QUEUE,1325,2025-07-01,428,590,0,590,1.379,0.0,48.1,48.1,LOW,2.28,8.0,0.0,0.0
35287135,AG4,Steady Volume,QUEUE,1326,2025-07-01,428,590,0,590,1.379,0.0,48.1,48.1,LOW,2.28,8.0,0.0,0.0
35087749,AG4,Steady Volume,QUEUE,1327,2025-06-23,436,594,0,594,1.362,0.0,48.1,48.1,LOW,2.28,8.0,0.0,0.0
34949333,AG4,Steady Volume,QUEUE,1328,2025-06-16,443,598,0,598,1.35,0.0,48.1,48.1,LOW,2.28,8.0,0.0,0.0
34846764,AG4,Steady Volume,QUEUE,1329,2025-06-11,448,600,0,600,1.339,0.0,48.1,48.1,LOW,2.28,8.0,0.0,0.0
33855700,AG4,Steady Volume,QUEUE,1330,2025-04-29,491,622,0,622,1.267,0.0,48.1,48.1,LOW,2.28,8.0,0.0,0.0
36226443,AG4,Steady Volume,QUEUE,1331,2025-08-05,393,569,0,569,1.448,0.0,48.0,48.0,LOW,2.28,8.0,0.0,0.0
34949325,AG4,Steady Volume,QUEUE,1332,2025-06-16,443,596,0,596,1.345,0.0,48.0,48.0,LOW,2.28,8.0,0.0,0.0
34783277,AG4,Steady Volume,QUEUE,1333,2025-06-06,453,602,0,602,1.329,0.0,48.0,48.0,LOW,2.28,8.0,0.0,0.0
33855683,AG4,Steady Volume,QUEUE,1334,2025-04-29,491,621,0,621,1.265,0.0,48.0,48.0,LOW,2.28,8.0,0.0,0.0
39258859,AG4,Steady Volume,QUEUE,1335,2026-01-08,237,379,0,379,1.599,0.0,47.9,47.9,LOW,2.28,8.0,0.0,0.0
39258885,AG4,Steady Volume,QUEUE,1336,2026-01-08,237,379,0,379,1.599,0.0,47.9,47.9,LOW,2.28,8.0,0.0,0.0
38142765,AG4,Steady Volume,QUEUE,1337,2025-11-22,284,1281,1915,3196,4.511,0.599,74.6,47.8,LOW,2.28,8.0,0.0,0.0
35706426,AG4,Steady Volume,QUEUE,1338,2025-07-16,413,575,0,575,1.392,0.0,47.8,47.8,LOW,2.28,8.0,0.0,0.0
34949286,AG4,Steady Volume,QUEUE,1339,2025-06-16,443,592,0,592,1.336,0.0,47.8,47.8,LOW,2.28,8.0,0.0,0.0
34745787,AG4,Steady Volume,QUEUE,1340,2025-06-06,453,595,0,595,1.313,0.0,47.8,47.8,LOW,2.28,8.0,0.0,0.0
35843841,AG4,Steady Volume,QUEUE,1341,2025-07-21,408,571,0,571,1.4,0.0,47.7,47.7,LOW,2.28,8.0,0.0,0.0
35088077,AG4,Steady Volume,QUEUE,1342,2025-06-23,436,585,0,585,1.342,0.0,47.7,47.7,LOW,2.28,8.0,0.0,0.0
34949815,AG4,Steady Volume,QUEUE,1343,2025-06-16,443,589,0,589,1.33,0.0,47.7,47.7,LOW,2.28,8.0,0.0,0.0
35087691,AG4,Steady Volume,QUEUE,1344,2025-06-23,436,871,350,1221,1.998,0.287,57.6,47.7,LOW,2.28,8.0,0.0,0.0
39592491,AG4,Steady Volume,QUEUE,1345,2026-01-23,222,367,0,367,1.653,0.0,47.6,47.6,LOW,2.28,8.0,0.0,0.0
35706448,AG4,Steady Volume,QUEUE,1346,2025-07-16,413,572,0,572,1.385,0.0,47.6,47.6,LOW,2.28,8.0,0.0,0.0
33855682,AG4,Steady Volume,QUEUE,1347,2025-04-29,491,609,0,609,1.24,0.0,47.6,47.6,LOW,2.28,8.0,0.0,0.0
33848500,AG4,Steady Volume,QUEUE,1348,2025-04-29,491,610,0,610,1.242,0.0,47.6,47.6,LOW,2.28,8.0,0.0,0.0
39587453,AG4,Steady Volume,QUEUE,1349,2026-01-23,222,364,0,364,1.64,0.0,47.5,47.5,LOW,2.28,8.0,0.0,0.0
36225637,AG4,Steady Volume,QUEUE,1350,2025-08-05,393,558,0,558,1.42,0.0,47.5,47.5,LOW,2.28,8.0,0.0,0.0
35286900,AG4,Steady Volume,QUEUE,1351,2025-07-01,428,576,0,576,1.346,0.0,47.5,47.5,LOW,2.28,8.0,0.0,0.0
35087554,AG4,Steady Volume,QUEUE,1352,2025-06-23,436,581,0,581,1.333,0.0,47.5,47.5,LOW,2.28,8.0,0.0,0.0
35087387,AG4,Steady Volume,QUEUE,1353,2025-06-23,436,582,0,582,1.335,0.0,47.5,47.5,LOW,2.28,8.0,0.0,0.0
34949817,AG4,Steady Volume,QUEUE,1354,2025-06-16,443,585,0,585,1.321,0.0,47.5,47.5,LOW,2.28,8.0,0.0,0.0
34611028,AG4,Steady Volume,QUEUE,1355,2025-05-30,460,592,0,592,1.287,0.0,47.5,47.5,LOW,2.28,8.0,0.0,0.0
35705868,AG4,Steady Volume,QUEUE,1356,2025-07-16,413,567,0,567,1.373,0.0,47.4,47.4,LOW,2.28,8.0,0.0,0.0
35706489,AG4,Steady Volume,QUEUE,1357,2025-07-16,413,567,0,567,1.373,0.0,47.4,47.4,LOW,2.28,8.0,0.0,0.0
35706370,AG4,Steady Volume,QUEUE,1358,2025-07-16,413,568,0,568,1.375,0.0,47.4,47.4,LOW,2.28,8.0,0.0,0.0
35286890,AG4,Steady Volume,QUEUE,1359,2025-07-01,428,575,0,575,1.343,0.0,47.4,47.4,LOW,2.28,8.0,0.0,0.0
34846859,AG4,Steady Volume,QUEUE,1360,2025-06-10,449,585,0,585,1.303,0.0,47.4,47.4,LOW,2.28,8.0,0.0,0.0
34745780,AG4,Steady Volume,QUEUE,1361,2025-06-05,454,587,0,587,1.293,0.0,47.4,47.4,LOW,2.28,8.0,0.0,0.0
33855690,AG4,Steady Volume,QUEUE,1362,2025-04-29,491,603,0,603,1.228,0.0,47.4,47.4,LOW,2.28,8.0,0.0,0.0
33855651,AG4,Steady Volume,QUEUE,1363,2025-04-29,491,604,0,604,1.23,0.0,47.4,47.4,LOW,2.28,8.0,0.0,0.0
36495804,AG4,Steady Volume,QUEUE,1364,2025-08-22,376,1095,857,1952,2.912,0.439,64.4,47.4,LOW,2.28,8.0,0.0,0.0
39592489,AG4,Steady Volume,QUEUE,1365,2026-01-23,222,360,0,360,1.622,0.0,47.3,47.3,LOW,2.28,8.0,0.0,0.0
39587442,AG4,Steady Volume,QUEUE,1366,2026-01-24,221,361,0,361,1.633,0.0,47.3,47.3,LOW,2.28,8.0,0.0,0.0
36804993,AG4,Steady Volume,QUEUE,1367,2025-09-06,361,1523,2623,4146,4.219,0.633,76.2,47.3,HEALTHY,2.28,8.0,0.0,0.0
35482095,AG4,Steady Volume,QUEUE,1368,2025-07-08,421,569,0,569,1.352,0.0,47.3,47.3,LOW,2.28,8.0,0.0,0.0
35087725,AG4,Steady Volume,QUEUE,1369,2025-06-23,436,577,0,577,1.323,0.0,47.3,47.3,LOW,2.28,8.0,0.0,0.0
34949823,AG4,Steady Volume,QUEUE,1370,2025-06-16,443,580,0,580,1.309,0.0,47.3,47.3,LOW,2.28,8.0,0.0,0.0
34846916,AG4,Steady Volume,QUEUE,1371,2025-06-11,448,582,0,582,1.299,0.0,47.3,47.3,LOW,2.28,8.0,0.0,0.0
38142756,AG4,Steady Volume,QUEUE,1372,2025-11-21,285,1022,1159,2181,3.586,0.531,69.5,47.3,LOW,2.28,8.0,0.0,0.0
41802175,AG4,Steady Volume,QUEUE,1373,2026-05-02,123,219,0,219,1.78,0.0,47.2,47.2,LOW,2.28,8.0,0.0,0.0
39047659,AG4,Steady Volume,QUEUE,1374,2025-12-30,246,372,0,372,1.512,0.0,47.2,47.2,LOW,2.28,8.0,0.0,0.0
35087719,AG4,Steady Volume,QUEUE,1375,2025-06-23,436,573,0,573,1.314,0.0,47.2,47.2,LOW,2.28,8.0,0.0,0.0
34949297,AG4,Steady Volume,QUEUE,1376,2025-06-16,443,577,0,577,1.302,0.0,47.2,47.2,LOW,2.28,8.0,0.0,0.0
39258853,AG4,Steady Volume,QUEUE,1377,2026-01-08,237,366,0,366,1.544,0.0,47.1,47.1,LOW,2.28,8.0,0.0,0.0
39047612,AG4,Steady Volume,QUEUE,1378,2025-12-31,245,371,0,371,1.514,0.0,47.1,47.1,LOW,2.28,8.0,0.0,0.0
36804986,AG4,Steady Volume,QUEUE,1379,2025-09-06,361,438,0,438,1.213,0.0,47.1,47.1,LOW,2.28,8.0,0.0,0.0
35898425,AG4,Steady Volume,QUEUE,1380,2025-07-23,406,558,0,558,1.374,0.0,47.1,47.1,LOW,2.28,8.0,0.0,0.0
35843845,AG4,Steady Volume,QUEUE,1381,2025-07-21,408,559,0,559,1.37,0.0,47.1,47.1,LOW,2.28,8.0,0.0,0.0
33855655,AG4,Steady Volume,QUEUE,1382,2025-04-29,491,597,0,597,1.216,0.0,47.1,47.1,LOW,2.28,8.0,0.0,0.0
36603184,AG4,Steady Volume,QUEUE,1383,2025-08-26,372,536,0,536,1.441,0.0,47.0,47.0,LOW,2.28,8.0,0.0,0.0
35898422,AG4,Steady Volume,QUEUE,1384,2025-07-23,406,554,0,554,1.365,0.0,47.0,47.0,LOW,2.28,8.0,0.0,0.0
34703869,AG4,Steady Volume,QUEUE,1385,2025-06-03,456,579,0,579,1.27,0.0,47.0,47.0,LOW,2.28,8.0,0.0,0.0
34630318,AG4,Steady Volume,QUEUE,1386,2025-05-31,459,581,0,581,1.266,0.0,47.0,47.0,LOW,2.28,8.0,0.0,0.0
33251249,AG4,Steady Volume,QUEUE,1387,2025-03-20,531,615,0,615,1.158,0.0,47.0,47.0,LOW,2.28,8.0,0.0,0.0
34869134,AG4,Steady Volume,QUEUE,1388,2025-06-11,448,710,146,856,1.585,0.171,52.4,47.0,LOW,2.28,8.0,0.0,0.0
36225644,AG4,Steady Volume,QUEUE,1389,2025-08-05,393,544,0,544,1.384,0.0,46.9,46.9,LOW,2.28,8.0,0.0,0.0
35087703,AG4,Steady Volume,QUEUE,1390,2025-06-23,436,567,0,567,1.3,0.0,46.9,46.9,LOW,2.28,8.0,0.0,0.0
35088163,AG4,Steady Volume,QUEUE,1391,2025-06-23,436,567,0,567,1.3,0.0,46.9,46.9,LOW,2.28,8.0,0.0,0.0
34846754,AG4,Steady Volume,QUEUE,1392,2025-06-10,449,573,0,573,1.276,0.0,46.9,46.9,LOW,2.28,8.0,0.0,0.0
36603233,AG4,Steady Volume,QUEUE,1393,2025-08-26,372,533,0,533,1.433,0.0,46.8,46.8,LOW,2.28,8.0,0.0,0.0
35843388,AG4,Steady Volume,QUEUE,1394,2025-07-21,408,552,0,552,1.353,0.0,46.8,46.8,LOW,2.28,8.0,0.0,0.0
35706706,AG4,Steady Volume,QUEUE,1395,2025-07-16,413,554,0,554,1.341,0.0,46.8,46.8,LOW,2.28,8.0,0.0,0.0
35482069,AG4,Steady Volume,QUEUE,1396,2025-07-09,420,558,0,558,1.329,0.0,46.8,46.8,LOW,2.28,8.0,0.0,0.0
35481555,AG4,Steady Volume,QUEUE,1397,2025-07-08,421,559,0,559,1.328,0.0,46.8,46.8,LOW,2.28,8.0,0.0,0.0
35088004,AG4,Steady Volume,QUEUE,1398,2025-06-23,436,565,0,565,1.296,0.0,46.8,46.8,LOW,2.28,8.0,0.0,0.0
35088058,AG4,Steady Volume,QUEUE,1399,2025-06-23,436,565,0,565,1.296,0.0,46.8,46.8,LOW,2.28,8.0,0.0,0.0
34949606,AG4,Steady Volume,QUEUE,1400,2025-06-16,443,569,0,569,1.284,0.0,46.8,46.8,LOW,2.28,8.0,0.0,0.0
34742570,AG4,Steady Volume,QUEUE,1401,2025-06-05,454,573,0,573,1.262,0.0,46.8,46.8,LOW,2.28,8.0,0.0,0.0
35088082,AG4,Steady Volume,QUEUE,1402,2025-06-23,436,564,0,564,1.294,0.0,46.7,46.7,LOW,2.28,8.0,0.0,0.0
34949285,AG4,Steady Volume,QUEUE,1403,2025-06-16,443,567,0,567,1.28,0.0,46.7,46.7,LOW,2.28,8.0,0.0,0.0
34745783,AG4,Steady Volume,QUEUE,1404,2025-06-05,454,571,0,571,1.258,0.0,46.7,46.7,LOW,2.28,8.0,0.0,0.0
35844254,AG4,Steady Volume,QUEUE,1405,2025-07-21,408,546,0,546,1.338,0.0,46.6,46.6,LOW,2.28,8.0,0.0,0.0
39258614,AG4,Steady Volume,QUEUE,1406,2026-01-08,237,457,89,546,1.928,0.163,51.7,46.6,LOW,2.28,8.0,0.0,0.0
35706385,AG4,Steady Volume,QUEUE,1407,2025-07-16,413,549,0,549,1.329,0.0,46.6,46.6,LOW,2.28,8.0,0.0,0.0
35087577,AG4,Steady Volume,QUEUE,1408,2025-06-23,436,563,0,563,1.291,0.0,46.6,46.6,LOW,2.28,8.0,0.0,0.0
34949318,AG4,Steady Volume,QUEUE,1409,2025-06-16,443,565,0,565,1.275,0.0,46.6,46.6,LOW,2.28,8.0,0.0,0.0
34838042,AG4,Steady Volume,QUEUE,1410,2025-06-11,448,567,0,567,1.266,0.0,46.6,46.6,LOW,2.28,8.0,0.0,0.0
34792130,AG4,Steady Volume,QUEUE,1411,2025-06-06,453,569,0,569,1.256,0.0,46.6,46.6,LOW,2.28,8.0,0.0,0.0
41345578,AG4,Steady Volume,QUEUE,1412,2026-04-13,142,224,0,224,1.577,0.0,46.5,46.5,LOW,2.28,8.0,0.0,0.0
43008862,AG4,Steady Volume,QUEUE,1413,2026-06-12,82,184,0,184,2.244,0.0,46.5,46.5,LOW,2.28,8.0,0.0,0.0
33251275,AG4,Steady Volume,QUEUE,1414,2025-03-20,531,1092,726,1818,2.056,0.399,61.2,46.5,LOW,2.28,8.0,0.0,0.0
39047670,AG4,Steady Volume,QUEUE,1415,2025-12-31,245,361,0,361,1.473,0.0,46.4,46.4,LOW,2.28,8.0,0.0,0.0
36603171,AG4,Steady Volume,QUEUE,1416,2025-08-26,372,523,0,523,1.406,0.0,46.4,46.4,LOW,2.28,8.0,0.0,0.0
34949213,AG4,Steady Volume,QUEUE,1417,2025-06-16,443,560,0,560,1.264,0.0,46.4,46.4,LOW,2.28,8.0,0.0,0.0
34748977,AG4,Steady Volume,QUEUE,1418,2025-06-06,453,564,0,564,1.245,0.0,46.4,46.4,LOW,2.28,8.0,0.0,0.0
34792151,AG4,Steady Volume,QUEUE,1419,2025-06-07,452,564,0,564,1.248,0.0,46.4,46.4,LOW,2.28,8.0,0.0,0.0
35286827,AG4,Steady Volume,QUEUE,1420,2025-07-01,428,548,0,548,1.28,0.0,46.3,46.3,LOW,2.28,8.0,0.0,0.0
33845182,AG4,Steady Volume,QUEUE,1421,2025-04-28,492,578,0,578,1.175,0.0,46.3,46.3,LOW,2.28,8.0,0.0,0.0
43008852,AG4,Steady Volume,QUEUE,1422,2026-06-12,82,182,0,182,2.22,0.0,46.2,46.2,LOW,2.28,8.0,0.0,0.0
35844217,AG4,Steady Volume,QUEUE,1423,2025-07-21,408,539,0,539,1.321,0.0,46.2,46.2,LOW,2.28,8.0,0.0,0.0
35705997,AG4,Steady Volume,QUEUE,1424,2025-07-16,413,541,0,541,1.31,0.0,46.2,46.2,LOW,2.28,8.0,0.0,0.0
35481459,AG4,Steady Volume,QUEUE,1425,2025-07-09,420,543,0,543,1.293,0.0,46.2,46.2,LOW,2.28,8.0,0.0,0.0
34745693,AG4,Steady Volume,QUEUE,1426,2025-06-06,453,558,0,558,1.232,0.0,46.2,46.2,LOW,2.28,8.0,0.0,0.0
34704273,AG4,Steady Volume,QUEUE,1427,2025-06-03,456,560,0,560,1.228,0.0,46.2,46.2,LOW,2.28,8.0,0.0,0.0
33855657,AG4,Steady Volume,QUEUE,1428,2025-04-29,491,576,0,576,1.173,0.0,46.2,46.2,LOW,2.28,8.0,0.0,0.0
41867262,AG4,Steady Volume,QUEUE,1429,2026-05-05,120,208,0,208,1.733,0.0,46.1,46.1,LOW,2.28,8.0,0.0,0.0
36495805,AG4,Steady Volume,QUEUE,1430,2025-08-22,376,519,0,519,1.38,0.0,46.1,46.1,LOW,2.28,8.0,0.0,0.0
35705921,AG4,Steady Volume,QUEUE,1431,2025-07-16,413,538,0,538,1.303,0.0,46.1,46.1,LOW,2.28,8.0,0.0,0.0
35087700,AG4,Steady Volume,QUEUE,1432,2025-06-23,436,547,0,547,1.255,0.0,46.1,46.1,LOW,2.28,8.0,0.0,0.0
34745774,AG4,Steady Volume,QUEUE,1433,2025-06-06,453,557,0,557,1.23,0.0,46.1,46.1,LOW,2.28,8.0,0.0,0.0
33896281,AG4,Steady Volume,QUEUE,1434,2025-05-03,487,572,0,572,1.175,0.0,46.1,46.1,LOW,2.28,8.0,0.0,0.0
39749665,AG4,Steady Volume,QUEUE,1435,2026-01-31,214,336,0,336,1.57,0.0,46.0,46.0,LOW,2.28,8.0,0.0,0.0
35287919,AG4,Steady Volume,QUEUE,1436,2025-07-01,428,542,0,542,1.266,0.0,46.0,46.0,LOW,2.28,8.0,0.0,0.0
35087416,AG4,Steady Volume,QUEUE,1437,2025-06-23,436,545,0,545,1.25,0.0,46.0,46.0,LOW,2.28,8.0,0.0,0.0
35087820,AG4,Steady Volume,QUEUE,1438,2025-06-23,436,545,0,545,1.25,0.0,46.0,46.0,LOW,2.28,8.0,0.0,0.0
34949552,AG4,Steady Volume,QUEUE,1439,2025-06-16,443,549,0,549,1.239,0.0,46.0,46.0,LOW,2.28,8.0,0.0,0.0
34846720,AG4,Steady Volume,QUEUE,1440,2025-06-11,448,551,0,551,1.23,0.0,46.0,46.0,LOW,2.28,8.0,0.0,0.0
34745776,AG4,Steady Volume,QUEUE,1441,2025-06-06,453,554,0,554,1.223,0.0,46.0,46.0,LOW,2.28,8.0,0.0,0.0
34748989,AG4,Steady Volume,QUEUE,1442,2025-06-05,454,556,0,556,1.225,0.0,46.0,46.0,LOW,2.28,8.0,0.0,0.0
39258894,AG4,Steady Volume,QUEUE,1443,2026-01-09,236,347,0,347,1.47,0.0,45.9,45.9,LOW,2.28,8.0,0.0,0.0
39258911,AG4,Steady Volume,QUEUE,1444,2026-01-09,236,347,0,347,1.47,0.0,45.9,45.9,LOW,2.28,8.0,0.0,0.0
36495780,AG4,Steady Volume,QUEUE,1445,2025-08-22,376,515,0,515,1.37,0.0,45.9,45.9,LOW,2.28,8.0,0.0,0.0
35287092,AG4,Steady Volume,QUEUE,1446,2025-07-01,428,541,0,541,1.264,0.0,45.9,45.9,LOW,2.28,8.0,0.0,0.0
35287462,AG4,Steady Volume,QUEUE,1447,2025-07-01,428,541,0,541,1.264,0.0,45.9,45.9,LOW,2.28,8.0,0.0,0.0
39592481,AG4,Steady Volume,QUEUE,1448,2026-01-23,222,625,393,1018,2.815,0.386,59.8,45.9,LOW,2.28,8.0,0.0,0.0
33251254,AG4,Steady Volume,QUEUE,1449,2025-03-20,531,1227,1102,2329,2.311,0.473,64.1,45.9,LOW,2.28,8.0,0.0,0.0
35287307,AG4,Steady Volume,QUEUE,1450,2025-07-01,428,540,0,540,1.262,0.0,45.8,45.8,LOW,2.28,8.0,0.0,0.0
34949776,AG4,Steady Volume,QUEUE,1451,2025-06-19,440,542,0,542,1.232,0.0,45.8,45.8,LOW,2.28,8.0,0.0,0.0
34801355,AG4,Steady Volume,QUEUE,1452,2025-06-09,450,932,540,1472,2.071,0.367,58.7,45.8,LOW,2.28,8.0,0.0,0.0
39258884,AG4,Steady Volume,QUEUE,1453,2026-01-09,236,344,0,344,1.458,0.0,45.7,45.7,LOW,2.28,8.0,0.0,0.0
36225598,AG4,Steady Volume,QUEUE,1454,2025-08-21,377,513,0,513,1.361,0.0,45.7,45.7,LOW,2.28,8.0,0.0,0.0
36805051,AG4,Steady Volume,QUEUE,1455,2025-09-06,361,410,0,410,1.136,0.0,45.6,45.6,LOW,2.28,8.0,0.0,0.0
35287474,AG4,Steady Volume,QUEUE,1456,2025-07-01,428,535,0,535,1.25,0.0,45.6,45.6,LOW,2.28,8.0,0.0,0.0
35087644,AG4,Steady Volume,QUEUE,1457,2025-06-23,436,537,0,537,1.232,0.0,45.6,45.6,LOW,2.28,8.0,0.0,0.0
34792125,AG4,Steady Volume,QUEUE,1458,2025-06-07,452,545,0,545,1.206,0.0,45.6,45.6,LOW,2.28,8.0,0.0,0.0
33848520,AG4,Steady Volume,QUEUE,1459,2025-04-29,491,563,0,563,1.147,0.0,45.6,45.6,LOW,2.28,8.0,0.0,0.0
41345532,AG4,Steady Volume,QUEUE,1460,2026-04-13,142,214,0,214,1.507,0.0,45.5,45.5,LOW,2.28,8.0,0.0,0.0
39749643,AG4,Steady Volume,QUEUE,1461,2026-01-31,214,327,0,327,1.528,0.0,45.5,45.5,LOW,2.28,8.0,0.0,0.0
36604204,AG4,Steady Volume,QUEUE,1462,2025-08-29,369,502,0,502,1.36,0.0,45.5,45.5,LOW,2.28,8.0,0.0,0.0
35087823,AG4,Steady Volume,QUEUE,1463,2025-06-23,436,535,0,535,1.227,0.0,45.5,45.5,LOW,2.28,8.0,0.0,0.0
35087795,AG4,Steady Volume,QUEUE,1464,2025-06-23,436,536,0,536,1.229,0.0,45.5,45.5,LOW,2.28,8.0,0.0,0.0
34949256,AG4,Steady Volume,QUEUE,1465,2025-06-16,443,540,0,540,1.219,0.0,45.5,45.5,LOW,2.28,8.0,0.0,0.0
34949905,AG4,Steady Volume,QUEUE,1466,2025-06-16,443,540,0,540,1.219,0.0,45.5,45.5,LOW,2.28,8.0,0.0,0.0
34630384,AG4,Steady Volume,QUEUE,1467,2025-06-01,458,545,0,545,1.19,0.0,45.5,45.5,LOW,2.28,8.0,0.0,0.0
39258907,AG4,Steady Volume,QUEUE,1468,2026-01-09,236,340,0,340,1.441,0.0,45.4,45.4,LOW,2.28,8.0,0.0,0.0
39047614,AG4,Steady Volume,QUEUE,1469,2025-12-31,245,346,0,346,1.412,0.0,45.4,45.4,LOW,2.28,8.0,0.0,0.0
35706208,AG4,Steady Volume,QUEUE,1470,2025-07-16,413,524,0,524,1.269,0.0,45.4,45.4,LOW,2.28,8.0,0.0,0.0
35087720,AG4,Steady Volume,QUEUE,1471,2025-06-23,436,534,0,534,1.225,0.0,45.4,45.4,LOW,2.28,8.0,0.0,0.0
35087729,AG4,Steady Volume,QUEUE,1472,2025-06-23,436,534,0,534,1.225,0.0,45.4,45.4,LOW,2.28,8.0,0.0,0.0
34703954,AG4,Steady Volume,QUEUE,1473,2025-06-03,456,542,0,542,1.189,0.0,45.4,45.4,LOW,2.28,8.0,0.0,0.0
41867240,AG4,Steady Volume,QUEUE,1474,2026-05-05,120,200,0,200,1.667,0.0,45.3,45.3,LOW,2.28,8.0,0.0,0.0
35844012,AG4,Steady Volume,QUEUE,1475,2025-07-21,408,519,0,519,1.272,0.0,45.3,45.3,LOW,2.28,8.0,0.0,0.0
33845183,AG4,Steady Volume,QUEUE,1476,2025-04-28,492,554,0,554,1.126,0.0,45.3,45.3,LOW,2.28,8.0,0.0,0.0
35706154,AG4,Steady Volume,QUEUE,1477,2025-07-16,413,520,0,520,1.259,0.0,45.2,45.2,LOW,2.28,8.0,0.0,0.0
35287598,AG4,Steady Volume,QUEUE,1478,2025-07-01,428,525,0,525,1.227,0.0,45.2,45.2,LOW,2.28,8.0,0.0,0.0
35288217,AG4,Steady Volume,QUEUE,1479,2025-07-01,428,525,0,525,1.227,0.0,45.2,45.2,LOW,2.28,8.0,0.0,0.0
33848513,AG4,Steady Volume,QUEUE,1480,2025-04-29,491,551,0,551,1.122,0.0,45.2,45.2,LOW,2.28,8.0,0.0,0.0
36225587,AG4,Steady Volume,QUEUE,1481,2025-08-06,392,507,0,507,1.293,0.0,45.1,45.1,LOW,2.28,8.0,0.0,0.0
35087704,AG4,Steady Volume,QUEUE,1482,2025-06-23,436,529,0,529,1.213,0.0,45.1,45.1,LOW,2.28,8.0,0.0,0.0
34801334,AG4,Steady Volume,QUEUE,1483,2025-06-09,450,533,0,533,1.184,0.0,45.1,45.1,LOW,2.28,8.0,0.0,0.0
34742579,AG4,Steady Volume,QUEUE,1484,2025-06-05,454,535,0,535,1.178,0.0,45.1,45.1,LOW,2.28,8.0,0.0,0.0
40564947,AG4,Steady Volume,QUEUE,1485,2026-03-10,176,229,0,229,1.301,0.0,45.0,45.0,LOW,2.28,8.0,0.0,0.0
36603286,AG4,Steady Volume,QUEUE,1486,2025-08-26,372,494,0,494,1.328,0.0,45.0,45.0,LOW,2.28,8.0,0.0,0.0
35843538,AG4,Steady Volume,QUEUE,1487,2025-07-21,408,513,0,513,1.257,0.0,45.0,45.0,LOW,2.28,8.0,0.0,0.0
34846910,AG4,Steady Volume,QUEUE,1488,2025-06-11,448,531,0,531,1.185,0.0,45.0,45.0,LOW,2.28,8.0,0.0,0.0
34742564,AG4,Steady Volume,QUEUE,1489,2025-06-06,453,533,0,533,1.177,0.0,45.0,45.0,LOW,2.28,8.0,0.0,0.0
34949562,AG4,Steady Volume,QUEUE,1490,2025-06-16,443,1232,1398,2630,2.781,0.532,65.8,44.8,LOW,2.28,8.0,0.0,0.0
34611060,AG4,Steady Volume,QUEUE,1491,2025-05-30,460,916,595,1511,1.991,0.394,58.2,44.4,LOW,2.28,8.0,0.0,0.0
35898419,AG4,Steady Volume,QUEUE,1492,2025-07-23,406,1989,4676,6665,4.899,0.702,75.5,43.7,HEALTHY,2.28,8.0,0.0,0.0
36603243,AG4,Steady Volume,QUEUE,1493,2025-08-26,372,829,576,1405,2.228,0.41,57.8,43.6,LOW,2.28,8.0,0.0,0.0
34846722,AG4,Steady Volume,QUEUE,1494,2025-06-10,449,724,331,1055,1.612,0.314,52.9,42.9,LOW,2.28,8.0,0.0,0.0
35706726,AG4,Steady Volume,QUEUE,1495,2025-07-16,413,1288,2011,3299,3.119,0.61,67.5,42.8,LOW,2.28,8.0,0.0,0.0
34704024,AG4,Steady Volume,QUEUE,1496,2025-06-03,456,721,327,1048,1.581,0.312,52.6,42.8,LOW,2.28,8.0,0.0,0.0
35087374,AG4,Steady Volume,QUEUE,1497,2025-06-23,436,807,530,1337,1.851,0.396,55.8,42.5,LOW,2.28,8.0,0.0,0.0
35287109,AG4,Steady Volume,QUEUE,1498,2025-07-01,428,666,317,983,1.556,0.322,51.2,41.3,LOW,2.28,8.0,0.0,0.0
34949396,AG4,Steady Volume,QUEUE,1499,2025-06-16,443,592,215,807,1.336,0.266,47.8,40.2,LOW,2.28,8.0,0.0,0.0
34611050,AG4,Steady Volume,QUEUE,1500,2025-05-31,459,776,644,1420,1.691,0.454,54.6,39.7,LOW,2.28,8.0,0.0,0.0
35481430,AG4,Steady Volume,QUEUE,1501,2025-07-08,421,782,719,1501,1.857,0.479,55.4,39.5,LOW,2.28,8.0,0.0,0.0
35898465,AG4,Steady Volume,QUEUE,1502,2025-07-23,406,1494,4271,5765,3.68,0.741,70.6,39.2,HEALTHY,2.28,8.0,0.0,0.0
34825645,AG4,Steady Volume,QUEUE,1503,2025-06-10,449,701,585,1286,1.561,0.455,52.1,37.9,LOW,2.28,8.0,0.0,0.0
34846731,AG4,Steady Volume,QUEUE,1504,2025-06-10,449,715,693,1408,1.592,0.492,52.5,37.0,LOW,2.28,8.0,0.0,0.0
35705976,AG4,Steady Volume,QUEUE,1505,2025-07-16,413,1151,2909,4060,2.787,0.717,64.8,36.9,HEALTHY,2.28,8.0,0.0,0.0
34704361,AG4,Steady Volume,QUEUE,1506,2025-06-03,456,586,338,924,1.285,0.366,47.3,36.9,LOW,2.28,8.0,0.0,0.0
34704297,AG4,Steady Volume,QUEUE,1507,2025-06-03,456,697,659,1356,1.529,0.486,51.8,36.7,LOW,2.28,8.0,0.0,0.0
38146023,AG4,Steady Volume,QUEUE,1508,2025-11-21,285,489,503,992,1.716,0.507,51.7,36.0,LOW,2.28,8.0,0.0,0.0
36804968,AG4,Steady Volume,QUEUE,1509,2025-09-06,361,988,3278,4266,2.737,0.768,66.6,35.9,HEALTHY,2.28,8.0,0.0,0.0
33864442,AG4,Steady Volume,QUEUE,1510,2025-04-30,490,625,467,1092,1.276,0.428,48.2,35.8,LOW,2.28,8.0,0.0,0.0
34949734,AG4,Steady Volume,QUEUE,1511,2025-06-16,443,2055,16885,18940,4.639,0.891,75.5,35.1,HEALTHY,2.28,8.0,0.0,0.0
34704199,AG4,Steady Volume,QUEUE,1512,2025-06-03,456,2026,17821,19847,4.443,0.898,75.0,34.6,HEALTHY,2.28,8.0,0.0,0.0
38143264,AG4,Steady Volume,QUEUE,1513,2025-11-21,285,834,3062,3896,2.926,0.786,65.0,34.3,HEALTHY,2.28,8.0,0.0,0.0
36603254,AG4,Steady Volume,QUEUE,1514,2025-08-26,372,1826,16638,18464,4.909,0.901,74.6,34.3,HEALTHY,2.28,8.0,0.0,0.0
39827787,AG4,Steady Volume,QUEUE,1515,2026-02-04,210,476,760,1236,2.267,0.615,53.6,33.8,LOW,2.28,8.0,0.0,0.0
36225645,AG4,Steady Volume,QUEUE,1516,2025-08-05,393,721,1179,1900,1.835,0.621,53.9,33.8,LOW,2.28,8.0,0.0,0.0
34469740,AG4,Steady Volume,QUEUE,1517,2025-05-26,464,857,1858,2715,1.847,0.684,56.8,33.5,LOW,2.28,8.0,0.0,0.0
34783363,AG4,Steady Volume,QUEUE,1518,2025-06-06,453,1960,29172,31132,4.327,0.937,74.5,32.6,HEALTHY,2.28,8.0,0.0,0.0
36225692,AG4,Steady Volume,QUEUE,1519,2025-08-05,393,675,1182,1857,1.718,0.637,52.2,32.3,LOW,2.28,8.0,0.0,0.0
40564926,AG4,Steady Volume,QUEUE,1520,2026-03-10,176,481,1985,2466,2.733,0.805,61.5,31.8,LOW,2.28,8.0,0.0,0.0
36603241,AG4,Steady Volume,QUEUE,1521,2025-08-26,372,1061,5723,6784,2.852,0.844,63.8,31.5,HEALTHY,2.28,8.0,0.0,0.0
36764611,AG4,Steady Volume,QUEUE,1522,2025-09-04,363,1230,19176,20406,3.388,0.94,71.9,31.4,HEALTHY,2.28,8.0,0.0,0.0
36805075,AG4,Steady Volume,QUEUE,1523,2025-09-06,361,729,3434,4163,2.019,0.825,59.3,30.0,HEALTHY,2.28,8.0,0.0,0.0
41802179,AG4,Steady Volume,QUEUE,1524,2026-05-02,123,205,283,488,1.667,0.58,45.6,29.7,LOW,2.28,8.0,0.0,0.0
35706004,AG4,Steady Volume,QUEUE,1525,2025-07-16,413,856,3717,4573,2.073,0.813,57.7,29.6,HEALTHY,2.28,8.0,0.0,0.0
34825671,AG4,Steady Volume,QUEUE,1526,2025-06-10,449,1250,16683,17933,2.784,0.93,66.1,29.2,HEALTHY,2.28,8.0,0.0,0.0
33896268,AG4,Steady Volume,QUEUE,1527,2025-05-02,488,576,940,1516,1.18,0.62,46.3,29.1,HEALTHY,2.28,8.0,0.0,0.0
36603231,AG4,Steady Volume,QUEUE,1528,2025-08-26,372,1107,15674,16781,2.976,0.934,64.8,28.5,HEALTHY,2.28,8.0,0.0,0.0
35843479,AG4,Steady Volume,QUEUE,1529,2025-07-21,408,681,2544,3225,1.669,0.789,52.1,27.4,HEALTHY,2.28,8.0,0.0,0.0
34846914,AG4,Steady Volume,QUEUE,1530,2025-06-11,448,546,1305,1851,1.219,0.705,45.7,26.4,LOW,2.28,8.0,0.0,0.0
35706363,AG4,Steady Volume,QUEUE,1531,2025-07-16,413,603,2785,3388,1.46,0.822,49.0,24.8,HEALTHY,2.28,8.0,0.0,0.0
34871043,AG4,Steady Volume,QUEUE,1532,2025-06-12,447,891,51386,52277,1.993,0.983,57.9,23.8,HEALTHY,2.28,8.0,0.0,0.0
34704220,AG4,Steady Volume,QUEUE,1533,2025-06-03,456,723,11578,12301,1.586,0.941,52.7,22.9,HEALTHY,2.28,8.0,0.0,0.0
40564948,AG4,Steady Volume,QUEUE,1534,2026-03-10,176,229,1584,1813,1.301,0.874,45.0,21.4,LOW,2.28,8.0,0.0,0.0
34742565,AG4,Steady Volume,QUEUE,1535,2025-06-06,453,544,16888,17432,1.201,0.969,45.5,19.1,HEALTHY,2.28,8.0,0.0,0.0
34704355,AG5,Ad-Dependent Retest,ACTIVE,1,2025-06-03,456,478,142,620,1.048,0.229,42.3,36.5,LOW,2.52,5.5,305.0,10.2
33855670,AG5,Ad-Dependent Retest,ACTIVE,2,2025-04-29,491,543,337,880,1.106,0.383,44.8,34.5,LOW,2.52,5.5,289.0,9.6
34801273,AG5,Ad-Dependent Retest,ACTIVE,3,2025-06-09,450,430,244,674,0.956,0.362,40.2,31.5,LOW,2.52,5.5,264.0,8.8
34801254,AG5,Ad-Dependent Retest,ACTIVE,4,2025-06-07,452,467,414,881,1.033,0.47,41.9,30.1,LOW,2.52,5.5,252.0,8.4
41802168,AG5,Ad-Dependent Retest,ACTIVE,5,2026-05-02,123,122,45,167,0.992,0.269,35.0,29.3,LOW,2.52,5.5,245.0,8.2
35843865,AG5,Ad-Dependent Retest,ACTIVE,6,2025-07-21,408,399,372,771,0.978,0.482,39.6,28.1,LOW,2.52,5.5,235.0,7.8
35843581,AG5,Ad-Dependent Retest,ACTIVE,7,2025-07-21,408,435,490,925,1.066,0.53,41.2,28.1,LOW,2.52,5.5,235.0,7.8
34726119,AG5,Ad-Dependent Retest,ACTIVE,8,2025-06-04,455,527,880,1407,1.158,0.625,44.7,27.9,LOW,2.52,5.5,234.0,7.8
34745767,AG5,Ad-Dependent Retest,ACTIVE,9,2025-06-06,453,465,637,1102,1.026,0.578,41.8,27.3,LOW,2.52,5.5,228.0,7.6
35843835,AG5,Ad-Dependent Retest,ACTIVE,10,2025-07-21,408,347,355,702,0.85,0.506,36.5,25.4,LOW,2.52,5.5,213.0,7.1
33809302,AG5,Ad-Dependent Retest,QUEUE,11,2025-04-26,494,389,461,850,0.787,0.542,37.6,25.4,LOW,2.52,5.5,0.0,0.0
36805003,AG5,Ad-Dependent Retest,QUEUE,12,2025-09-06,361,355,733,1088,0.983,0.674,42.6,25.4,LOW,2.52,5.5,0.0,0.0
34611013,AG5,Ad-Dependent Retest,QUEUE,13,2025-05-30,460,413,602,1015,0.898,0.593,39.2,25.3,LOW,2.52,5.5,0.0,0.0
34703831,AG5,Ad-Dependent Retest,QUEUE,14,2025-06-03,456,270,120,390,0.592,0.308,30.6,25.0,LOW,2.52,5.5,0.0,0.0
35843350,AG5,Ad-Dependent Retest,QUEUE,15,2025-07-21,408,419,792,1211,1.027,0.654,40.5,24.6,LOW,2.52,5.5,0.0,0.0
34846941,AG5,Ad-Dependent Retest,QUEUE,16,2025-06-11,448,402,679,1081,0.897,0.628,38.9,24.2,LOW,2.52,5.5,0.0,0.0
39587447,AG5,Ad-Dependent Retest,QUEUE,17,2026-01-23,222,238,378,616,1.072,0.614,37.9,23.9,LOW,2.52,5.5,0.0,0.0
33251246,AG5,Ad-Dependent Retest,QUEUE,18,2025-03-20,531,493,1245,1738,0.928,0.716,41.9,23.9,LOW,2.52,5.5,0.0,0.0
36603188,AG5,Ad-Dependent Retest,QUEUE,19,2025-08-26,372,281,291,572,0.755,0.509,33.1,23.0,LOW,2.52,5.5,0.0,0.0
36603289,AG5,Ad-Dependent Retest,QUEUE,20,2025-08-26,372,268,255,523,0.72,0.488,32.1,22.7,LOW,2.52,5.5,0.0,0.0
39587507,AG5,Ad-Dependent Retest,QUEUE,21,2026-01-23,222,227,416,643,1.023,0.647,36.7,22.5,LOW,2.52,5.5,0.0,0.0
34783304,AG5,Ad-Dependent Retest,QUEUE,22,2025-06-06,453,307,409,716,0.678,0.571,33.4,22.0,LOW,2.52,5.5,0.0,0.0
34714059,AG5,Ad-Dependent Retest,QUEUE,23,2025-06-03,456,336,562,898,0.737,0.626,35.0,21.9,LOW,2.52,5.5,0.0,0.0
40564952,AG5,Ad-Dependent Retest,QUEUE,24,2026-03-10,176,199,882,1081,1.131,0.816,41.7,21.3,LOW,2.52,5.5,0.0,0.0
34949513,AG5,Ad-Dependent Retest,QUEUE,25,2025-06-16,443,240,171,411,0.542,0.416,27.9,20.9,LOW,2.52,5.5,0.0,0.0
35843959,AG5,Ad-Dependent Retest,QUEUE,26,2025-07-21,408,238,208,446,0.583,0.466,28.5,20.5,LOW,2.52,5.5,0.0,0.0
40564950,AG5,Ad-Dependent Retest,QUEUE,27,2026-03-10,176,176,738,914,1.0,0.807,38.9,20.1,LOW,2.52,5.5,0.0,0.0
34838041,AG5,Ad-Dependent Retest,QUEUE,28,2025-06-11,448,381,1399,1780,0.85,0.786,37.8,20.0,LOW,2.52,5.5,0.0,0.0
35705968,AG5,Ad-Dependent Retest,QUEUE,29,2025-07-16,413,370,1767,2137,0.896,0.827,37.7,19.0,LOW,2.52,5.5,0.0,0.0
34726082,AG5,Ad-Dependent Retest,QUEUE,30,2025-06-04,455,281,640,921,0.618,0.695,31.4,18.3,LOW,2.52,5.5,0.0,0.0
36226440,AG5,Ad-Dependent Retest,QUEUE,31,2025-08-05,393,388,3821,4209,0.987,0.908,39.4,17.9,HEALTHY,2.52,5.5,0.0,0.0
34630347,AG5,Ad-Dependent Retest,QUEUE,32,2025-05-31,459,238,313,551,0.519,0.568,27.2,17.9,LOW,2.52,5.5,0.0,0.0
35843887,AG5,Ad-Dependent Retest,QUEUE,33,2025-07-21,408,274,738,1012,0.672,0.729,31.8,17.9,LOW,2.52,5.5,0.0,0.0
34825599,AG5,Ad-Dependent Retest,QUEUE,34,2025-06-10,449,240,362,602,0.535,0.601,27.8,17.8,LOW,2.52,5.5,0.0,0.0
34726117,AG5,Ad-Dependent Retest,QUEUE,35,2025-06-04,455,264,592,856,0.58,0.692,30.0,17.6,LOW,2.52,5.5,0.0,0.0
35087776,AG5,Ad-Dependent Retest,QUEUE,36,2025-06-23,436,262,682,944,0.601,0.722,30.2,17.1,LOW,2.52,5.5,0.0,0.0
34801315,AG5,Ad-Dependent Retest,QUEUE,37,2025-06-09,450,244,478,722,0.542,0.662,28.2,17.0,LOW,2.52,5.5,0.0,0.0
34714080,AG5,Ad-Dependent Retest,QUEUE,38,2025-06-03,456,265,705,970,0.581,0.727,30.1,17.0,LOW,2.52,5.5,0.0,0.0
34783303,AG5,Ad-Dependent Retest,QUEUE,39,2025-06-06,453,239,616,855,0.528,0.72,27.6,15.7,LOW,2.52,5.5,0.0,0.0
34745763,AG5,Ad-Dependent Retest,QUEUE,40,2025-06-06,453,213,496,709,0.47,0.7,24.6,14.3,LOW,2.52,5.5,0.0,0.0
34703811,AG5,Ad-Dependent Retest,QUEUE,41,2025-06-03,456,206,446,652,0.452,0.684,23.6,13.9,LOW,2.52,5.5,0.0,0.0
35705967,AG5,Ad-Dependent Retest,QUEUE,42,2025-07-16,413,263,3222,3485,0.637,0.925,30.7,13.7,HEALTHY,2.52,5.5,0.0,0.0
34846868,AG5,Ad-Dependent Retest,QUEUE,43,2025-06-10,449,228,1016,1244,0.508,0.817,26.4,13.5,LOW,2.52,5.5,0.0,0.0
34801299,AG5,Ad-Dependent Retest,QUEUE,44,2025-06-09,450,166,358,524,0.369,0.683,19.0,11.2,LOW,2.52,5.5,0.0,0.0
34837977,AG5,Ad-Dependent Retest,QUEUE,45,2025-06-10,449,185,2089,2274,0.412,0.919,21.2,9.5,LOW,2.52,5.5,0.0,0.0
36603193,AG5,Ad-Dependent Retest,QUEUE,46,2025-08-26,372,118,293,411,0.317,0.713,14.9,8.5,LOW,2.52,5.5,0.0,0.0
34846819,AG5,Ad-Dependent Retest,QUEUE,47,2025-06-11,448,125,1081,1206,0.279,0.896,14.7,6.8,LOW,2.52,5.5,0.0,0.0
34849403,AG5,Ad-Dependent Retest,QUEUE,48,2025-06-10,449,130,1760,1890,0.29,0.931,15.3,6.8,LOW,2.52,5.5,0.0,0.0
34846712,AG5,Ad-Dependent Retest,QUEUE,49,2025-06-10,449,122,1134,1256,0.272,0.903,14.2,6.5,LOW,2.52,5.5,0.0,0.0
34748930,AG5,Ad-Dependent Retest,QUEUE,50,2025-06-05,454,94,592,686,0.207,0.863,10.1,4.9,LOW,2.52,5.5,0.0,0.0
34846750,AG5,Ad-Dependent Retest,QUEUE,51,2025-06-11,448,93,1109,1202,0.208,0.923,10.0,4.5,LOW,2.52,5.5,0.0,0.0
33872503,AG5,Ad-Dependent Retest,QUEUE,52,2025-04-30,490,74,289,363,0.151,0.796,7.6,4.0,LOW,2.52,5.5,0.0,0.0
34825551,AG5,Ad-Dependent Retest,QUEUE,53,2025-06-09,450,56,252,308,0.124,0.818,6.3,3.2,LOW,2.52,5.5,0.0,0.0
41096532,AG6,Dormant - Excluded,EXCLUDED,1,2026-04-02,153,215,0,215,1.405,0.0,44.9,44.9,LOW,0.0,0.0,0.0,0.0
39749678,AG6,Dormant - Excluded,EXCLUDED,2,2026-01-31,214,317,0,317,1.481,0.0,44.9,44.9,LOW,0.0,0.0,0.0,0.0
35287244,AG6,Dormant - Excluded,EXCLUDED,3,2025-07-01,428,520,0,520,1.215,0.0,44.9,44.9,LOW,0.0,0.0,0.0,0.0
35087437,AG6,Dormant - Excluded,EXCLUDED,4,2025-06-23,436,524,0,524,1.202,0.0,44.9,44.9,LOW,0.0,0.0,0.0,0.0
34748975,AG6,Dormant - Excluded,EXCLUDED,5,2025-06-06,453,530,0,530,1.17,0.0,44.9,44.9,LOW,0.0,0.0,0.0,0.0
34745680,AG6,Dormant - Excluded,EXCLUDED,6,2025-06-05,454,532,0,532,1.172,0.0,44.9,44.9,LOW,0.0,0.0,0.0,0.0
35843937,AG6,Dormant - Excluded,EXCLUDED,7,2025-07-21,408,507,0,507,1.243,0.0,44.8,44.8,LOW,0.0,0.0,0.0,0.0
35705904,AG6,Dormant - Excluded,EXCLUDED,8,2025-07-16,413,510,0,510,1.235,0.0,44.8,44.8,LOW,0.0,0.0,0.0,0.0
35334478,AG6,Dormant - Excluded,EXCLUDED,9,2025-07-04,425,518,0,518,1.219,0.0,44.8,44.8,LOW,0.0,0.0,0.0,0.0
35287769,AG6,Dormant - Excluded,EXCLUDED,10,2025-07-01,428,519,0,519,1.213,0.0,44.8,44.8,LOW,0.0,0.0,0.0,0.0
35087994,AG6,Dormant - Excluded,EXCLUDED,11,2025-06-23,436,522,0,522,1.197,0.0,44.8,44.8,LOW,0.0,0.0,0.0,0.0
34703961,AG6,Dormant - Excluded,EXCLUDED,12,2025-06-03,456,530,0,530,1.162,0.0,44.8,44.8,LOW,0.0,0.0,0.0,0.0
34742566,AG6,Dormant - Excluded,EXCLUDED,13,2025-06-05,454,530,0,530,1.167,0.0,44.8,44.8,LOW,0.0,0.0,0.0,0.0
39587432,AG6,Dormant - Excluded,EXCLUDED,14,2026-01-23,222,319,0,319,1.437,0.0,44.7,44.7,LOW,0.0,0.0,0.0,0.0
39047652,AG6,Dormant - Excluded,EXCLUDED,15,2025-12-30,246,336,0,336,1.366,0.0,44.7,44.7,LOW,0.0,0.0,0.0,0.0
35843227,AG6,Dormant - Excluded,EXCLUDED,16,2025-07-21,408,505,0,505,1.238,0.0,44.7,44.7,LOW,0.0,0.0,0.0,0.0
35482001,AG6,Dormant - Excluded,EXCLUDED,17,2025-07-09,420,512,0,512,1.219,0.0,44.7,44.7,LOW,0.0,0.0,0.0,0.0
35334643,AG6,Dormant - Excluded,EXCLUDED,18,2025-07-04,425,515,0,515,1.212,0.0,44.7,44.7,LOW,0.0,0.0,0.0,0.0
35087690,AG6,Dormant - Excluded,EXCLUDED,19,2025-06-23,436,519,0,519,1.19,0.0,44.7,44.7,LOW,0.0,0.0,0.0,0.0
35088031,AG6,Dormant - Excluded,EXCLUDED,20,2025-06-23,436,519,0,519,1.19,0.0,44.7,44.7,LOW,0.0,0.0,0.0,0.0
34714177,AG6,Dormant - Excluded,EXCLUDED,21,2025-06-04,455,527,0,527,1.158,0.0,44.7,44.7,LOW,0.0,0.0,0.0,0.0
33845184,AG6,Dormant - Excluded,EXCLUDED,22,2025-04-29,491,542,0,542,1.104,0.0,44.7,44.7,LOW,0.0,0.0,0.0,0.0
34846775,AG6,Dormant - Excluded,EXCLUDED,23,2025-06-11,448,522,0,522,1.165,0.0,44.6,44.6,LOW,0.0,0.0,0.0,0.0
34704247,AG6,Dormant - Excluded,EXCLUDED,24,2025-06-03,456,525,0,525,1.151,0.0,44.6,44.6,LOW,0.0,0.0,0.0,0.0
34748982,AG6,Dormant - Excluded,EXCLUDED,25,2025-06-06,453,525,0,525,1.159,0.0,44.6,44.6,LOW,0.0,0.0,0.0,0.0
33855668,AG6,Dormant - Excluded,EXCLUDED,26,2025-04-29,491,540,0,540,1.1,0.0,44.6,44.6,LOW,0.0,0.0,0.0,0.0
35844100,AG6,Dormant - Excluded,EXCLUDED,27,2025-07-21,408,500,0,500,1.225,0.0,44.5,44.5,LOW,0.0,0.0,0.0,0.0
35706135,AG6,Dormant - Excluded,EXCLUDED,28,2025-07-16,413,503,0,503,1.218,0.0,44.5,44.5,LOW,0.0,0.0,0.0,0.0
34949793,AG6,Dormant - Excluded,EXCLUDED,29,2025-06-16,443,518,0,518,1.169,0.0,44.5,44.5,LOW,0.0,0.0,0.0,0.0
34714172,AG6,Dormant - Excluded,EXCLUDED,30,2025-06-04,455,522,0,522,1.147,0.0,44.5,44.5,LOW,0.0,0.0,0.0,0.0
39749661,AG6,Dormant - Excluded,EXCLUDED,31,2026-01-31,214,310,0,310,1.449,0.0,44.4,44.4,LOW,0.0,0.0,0.0,0.0
39258883,AG6,Dormant - Excluded,EXCLUDED,32,2026-01-09,236,325,0,325,1.377,0.0,44.4,44.4,LOW,0.0,0.0,0.0,0.0
36805061,AG6,Dormant - Excluded,EXCLUDED,33,2025-09-06,361,385,0,385,1.066,0.0,44.4,44.4,LOW,0.0,0.0,0.0,0.0
35087763,AG6,Dormant - Excluded,EXCLUDED,34,2025-06-23,436,511,0,511,1.172,0.0,44.4,44.4,LOW,0.0,0.0,0.0,0.0
34801308,AG6,Dormant - Excluded,EXCLUDED,35,2025-06-09,450,520,0,520,1.156,0.0,44.4,44.4,LOW,0.0,0.0,0.0,0.0
34846898,AG6,Dormant - Excluded,EXCLUDED,36,2025-06-10,449,520,0,520,1.158,0.0,44.4,44.4,LOW,0.0,0.0,0.0,0.0
34704204,AG6,Dormant - Excluded,EXCLUDED,37,2025-06-03,456,522,0,522,1.145,0.0,44.4,44.4,LOW,0.0,0.0,0.0,0.0
36603287,AG6,Dormant - Excluded,EXCLUDED,38,2025-08-26,372,481,0,481,1.293,0.0,44.3,44.3,LOW,0.0,0.0,0.0,0.0
41867170,AG6,Dormant - Excluded,EXCLUDED,39,2026-05-05,120,192,0,192,1.6,0.0,44.3,44.3,LOW,0.0,0.0,0.0,0.0
35706215,AG6,Dormant - Excluded,EXCLUDED,40,2025-07-16,413,499,0,499,1.208,0.0,44.3,44.3,LOW,0.0,0.0,0.0,0.0
35706190,AG6,Dormant - Excluded,EXCLUDED,41,2025-07-16,413,501,0,501,1.213,0.0,44.3,44.3,LOW,0.0,0.0,0.0,0.0
35706515,AG6,Dormant - Excluded,EXCLUDED,42,2025-07-16,413,501,0,501,1.213,0.0,44.3,44.3,LOW,0.0,0.0,0.0,0.0
41096519,AG6,Dormant - Excluded,EXCLUDED,43,2026-04-02,153,210,0,210,1.373,0.0,44.2,44.2,LOW,0.0,0.0,0.0,0.0
38143242,AG6,Dormant - Excluded,EXCLUDED,44,2025-11-21,285,348,0,348,1.221,0.0,44.2,44.2,LOW,0.0,0.0,0.0,0.0
35706531,AG6,Dormant - Excluded,EXCLUDED,45,2025-07-16,413,498,0,498,1.206,0.0,44.2,44.2,LOW,0.0,0.0,0.0,0.0
34846762,AG6,Dormant - Excluded,EXCLUDED,46,2025-06-10,449,513,0,513,1.143,0.0,44.2,44.2,LOW,0.0,0.0,0.0,0.0
36603209,AG6,Dormant - Excluded,EXCLUDED,47,2025-08-26,372,477,0,477,1.282,0.0,44.1,44.1,LOW,0.0,0.0,0.0,0.0
34846839,AG6,Dormant - Excluded,EXCLUDED,48,2025-06-11,448,510,0,510,1.138,0.0,44.1,44.1,LOW,0.0,0.0,0.0,0.0
34714169,AG6,Dormant - Excluded,EXCLUDED,49,2025-06-04,455,513,0,513,1.127,0.0,44.1,44.1,LOW,0.0,0.0,0.0,0.0
34704175,AG6,Dormant - Excluded,EXCLUDED,50,2025-06-03,456,514,0,514,1.127,0.0,44.1,44.1,LOW,0.0,0.0,0.0,0.0
43008865,AG6,Dormant - Excluded,EXCLUDED,51,2026-06-12,82,163,0,163,1.988,0.0,44.0,44.0,LOW,0.0,0.0,0.0,0.0
35288074,AG6,Dormant - Excluded,EXCLUDED,52,2025-07-01,428,499,0,499,1.166,0.0,44.0,44.0,LOW,0.0,0.0,0.0,0.0
35087709,AG6,Dormant - Excluded,EXCLUDED,53,2025-06-23,436,502,0,502,1.151,0.0,44.0,44.0,LOW,0.0,0.0,0.0,0.0
35087829,AG6,Dormant - Excluded,EXCLUDED,54,2025-06-23,436,502,0,502,1.151,0.0,44.0,44.0,LOW,0.0,0.0,0.0,0.0
34714150,AG6,Dormant - Excluded,EXCLUDED,55,2025-06-04,455,511,0,511,1.123,0.0,44.0,44.0,LOW,0.0,0.0,0.0,0.0
36225640,AG6,Dormant - Excluded,EXCLUDED,56,2025-08-05,393,482,0,482,1.226,0.0,43.9,43.9,LOW,0.0,0.0,0.0,0.0
34704168,AG6,Dormant - Excluded,EXCLUDED,57,2025-06-03,456,509,0,509,1.116,0.0,43.9,43.9,LOW,0.0,0.0,0.0,0.0
34745769,AG6,Dormant - Excluded,EXCLUDED,58,2025-06-05,454,509,0,509,1.121,0.0,43.9,43.9,LOW,0.0,0.0,0.0,0.0
39258872,AG6,Dormant - Excluded,EXCLUDED,59,2026-01-09,236,316,0,316,1.339,0.0,43.8,43.8,LOW,0.0,0.0,0.0,0.0
35481596,AG6,Dormant - Excluded,EXCLUDED,60,2025-07-08,421,491,0,491,1.166,0.0,43.8,43.8,LOW,0.0,0.0,0.0,0.0
34704244,AG6,Dormant - Excluded,EXCLUDED,61,2025-06-03,456,507,0,507,1.112,0.0,43.8,43.8,LOW,0.0,0.0,0.0,0.0
34704299,AG6,Dormant - Excluded,EXCLUDED,62,2025-06-03,456,507,0,507,1.112,0.0,43.8,43.8,LOW,0.0,0.0,0.0,0.0
35844086,AG6,Dormant - Excluded,EXCLUDED,63,2025-07-21,408,484,0,484,1.186,0.0,43.7,43.7,LOW,0.0,0.0,0.0,0.0
35705989,AG6,Dormant - Excluded,EXCLUDED,64,2025-07-16,413,486,0,486,1.177,0.0,43.7,43.7,LOW,0.0,0.0,0.0,0.0
35286854,AG6,Dormant - Excluded,EXCLUDED,65,2025-07-01,428,493,0,493,1.152,0.0,43.7,43.7,LOW,0.0,0.0,0.0,0.0
34801265,AG6,Dormant - Excluded,EXCLUDED,66,2025-06-09,450,502,0,502,1.116,0.0,43.7,43.7,LOW,0.0,0.0,0.0,0.0
34704212,AG6,Dormant - Excluded,EXCLUDED,67,2025-06-03,456,503,0,503,1.103,0.0,43.7,43.7,LOW,0.0,0.0,0.0,0.0
34704191,AG6,Dormant - Excluded,EXCLUDED,68,2025-06-03,456,505,0,505,1.107,0.0,43.7,43.7,LOW,0.0,0.0,0.0,0.0
33855680,AG6,Dormant - Excluded,EXCLUDED,69,2025-04-29,491,521,0,521,1.061,0.0,43.7,43.7,LOW,0.0,0.0,0.0,0.0
39258870,AG6,Dormant - Excluded,EXCLUDED,70,2026-01-08,237,314,0,314,1.325,0.0,43.6,43.6,LOW,0.0,0.0,0.0,0.0
35706556,AG6,Dormant - Excluded,EXCLUDED,71,2025-07-16,413,484,0,484,1.172,0.0,43.6,43.6,LOW,0.0,0.0,0.0,0.0
35482050,AG6,Dormant - Excluded,EXCLUDED,72,2025-07-09,420,488,0,488,1.162,0.0,43.6,43.6,LOW,0.0,0.0,0.0,0.0
39587443,AG6,Dormant - Excluded,EXCLUDED,73,2026-01-23,222,303,0,303,1.365,0.0,43.5,43.5,LOW,0.0,0.0,0.0,0.0
35843386,AG6,Dormant - Excluded,EXCLUDED,74,2025-07-21,408,481,0,481,1.179,0.0,43.5,43.5,LOW,0.0,0.0,0.0,0.0
35844223,AG6,Dormant - Excluded,EXCLUDED,75,2025-07-21,408,481,0,481,1.179,0.0,43.5,43.5,LOW,0.0,0.0,0.0,0.0
35286870,AG6,Dormant - Excluded,EXCLUDED,76,2025-07-01,428,488,0,488,1.14,0.0,43.5,43.5,LOW,0.0,0.0,0.0,0.0
35287214,AG6,Dormant - Excluded,EXCLUDED,77,2025-07-01,428,488,0,488,1.14,0.0,43.5,43.5,LOW,0.0,0.0,0.0,0.0
33864471,AG6,Dormant - Excluded,EXCLUDED,78,2025-04-30,490,518,0,518,1.057,0.0,43.5,43.5,LOW,0.0,0.0,0.0,0.0
36225597,AG6,Dormant - Excluded,EXCLUDED,79,2025-08-06,392,474,0,474,1.209,0.0,43.4,43.4,LOW,0.0,0.0,0.0,0.0
34846872,AG6,Dormant - Excluded,EXCLUDED,80,2025-06-11,448,494,0,494,1.103,0.0,43.4,43.4,LOW,0.0,0.0,0.0,0.0
34745700,AG6,Dormant - Excluded,EXCLUDED,81,2025-06-06,453,496,0,496,1.095,0.0,43.4,43.4,LOW,0.0,0.0,0.0,0.0
34704131,AG6,Dormant - Excluded,EXCLUDED,82,2025-06-03,456,497,0,497,1.09,0.0,43.4,43.4,LOW,0.0,0.0,0.0,0.0
35706007,AG6,Dormant - Excluded,EXCLUDED,83,2025-07-16,413,480,0,480,1.162,0.0,43.3,43.3,LOW,0.0,0.0,0.0,0.0
41345543,AG6,Dormant - Excluded,EXCLUDED,84,2026-04-13,142,196,0,196,1.38,0.0,43.3,43.3,LOW,0.0,0.0,0.0,0.0
34704359,AG6,Dormant - Excluded,EXCLUDED,85,2025-06-03,456,496,0,496,1.088,0.0,43.3,43.3,LOW,0.0,0.0,0.0,0.0
35087827,AG6,Dormant - Excluded,EXCLUDED,86,2025-06-23,436,485,0,485,1.112,0.0,43.2,43.2,LOW,0.0,0.0,0.0,0.0
34792222,AG6,Dormant - Excluded,EXCLUDED,87,2025-06-07,452,492,0,492,1.088,0.0,43.2,43.2,LOW,0.0,0.0,0.0,0.0
34630341,AG6,Dormant - Excluded,EXCLUDED,88,2025-05-31,459,496,0,496,1.081,0.0,43.2,43.2,LOW,0.0,0.0,0.0,0.0
39047622,AG6,Dormant - Excluded,EXCLUDED,89,2025-12-30,246,311,0,311,1.264,0.0,43.1,43.1,LOW,0.0,0.0,0.0,0.0
41096494,AG6,Dormant - Excluded,EXCLUDED,90,2026-04-02,153,200,0,200,1.307,0.0,43.1,43.1,LOW,0.0,0.0,0.0,0.0
35087833,AG6,Dormant - Excluded,EXCLUDED,91,2025-06-24,435,483,0,483,1.11,0.0,43.1,43.1,LOW,0.0,0.0,0.0,0.0
34792145,AG6,Dormant - Excluded,EXCLUDED,92,2025-06-07,452,489,0,489,1.082,0.0,43.1,43.1,LOW,0.0,0.0,0.0,0.0
34745782,AG6,Dormant - Excluded,EXCLUDED,93,2025-06-06,453,491,0,491,1.084,0.0,43.1,43.1,LOW,0.0,0.0,0.0,0.0
34748969,AG6,Dormant - Excluded,EXCLUDED,94,2025-06-06,453,491,0,491,1.084,0.0,43.1,43.1,LOW,0.0,0.0,0.0,0.0
40564939,AG6,Dormant - Excluded,EXCLUDED,95,2026-03-10,176,211,0,211,1.199,0.0,43.0,43.0,LOW,0.0,0.0,0.0,0.0
39749650,AG6,Dormant - Excluded,EXCLUDED,96,2026-01-31,214,292,0,292,1.364,0.0,43.0,43.0,LOW,0.0,0.0,0.0,0.0
39258856,AG6,Dormant - Excluded,EXCLUDED,97,2026-01-08,237,304,0,304,1.283,0.0,43.0,43.0,LOW,0.0,0.0,0.0,0.0
34825602,AG6,Dormant - Excluded,EXCLUDED,98,2025-06-10,449,487,0,487,1.085,0.0,43.0,43.0,LOW,0.0,0.0,0.0,0.0
34949520,AG6,Dormant - Excluded,EXCLUDED,99,2025-06-16,443,482,0,482,1.088,0.0,42.9,42.9,LOW,0.0,0.0,0.0,0.0
34846858,AG6,Dormant - Excluded,EXCLUDED,100,2025-06-11,448,484,0,484,1.08,0.0,42.9,42.9,LOW,0.0,0.0,0.0,0.0
34801322,AG6,Dormant - Excluded,EXCLUDED,101,2025-06-07,452,486,0,486,1.075,0.0,42.9,42.9,LOW,0.0,0.0,0.0,0.0
34703854,AG6,Dormant - Excluded,EXCLUDED,102,2025-06-03,456,489,0,489,1.072,0.0,42.9,42.9,LOW,0.0,0.0,0.0,0.0
35287242,AG6,Dormant - Excluded,EXCLUDED,103,2025-07-01,428,475,0,475,1.11,0.0,42.8,42.8,LOW,0.0,0.0,0.0,0.0
35706098,AG6,Dormant - Excluded,EXCLUDED,104,2025-07-16,413,467,0,467,1.131,0.0,42.7,42.7,LOW,0.0,0.0,0.0,0.0
34745695,AG6,Dormant - Excluded,EXCLUDED,105,2025-06-06,453,483,0,483,1.066,0.0,42.7,42.7,LOW,0.0,0.0,0.0,0.0
33889862,AG6,Dormant - Excluded,EXCLUDED,106,2025-05-02,488,495,0,495,1.014,0.0,42.7,42.7,LOW,0.0,0.0,0.0,0.0
39749628,AG6,Dormant - Excluded,EXCLUDED,107,2026-01-31,214,287,0,287,1.341,0.0,42.6,42.6,LOW,0.0,0.0,0.0,0.0
34949413,AG6,Dormant - Excluded,EXCLUDED,108,2025-06-16,443,477,0,477,1.077,0.0,42.6,42.6,LOW,0.0,0.0,0.0,0.0
34949797,AG6,Dormant - Excluded,EXCLUDED,109,2025-06-16,443,477,0,477,1.077,0.0,42.6,42.6,LOW,0.0,0.0,0.0,0.0
34801317,AG6,Dormant - Excluded,EXCLUDED,110,2025-06-09,450,481,0,481,1.069,0.0,42.6,42.6,LOW,0.0,0.0,0.0,0.0
35706284,AG6,Dormant - Excluded,EXCLUDED,111,2025-07-16,413,462,0,462,1.119,0.0,42.5,42.5,LOW,0.0,0.0,0.0,0.0
35287739,AG6,Dormant - Excluded,EXCLUDED,112,2025-07-01,428,469,0,469,1.096,0.0,42.5,42.5,LOW,0.0,0.0,0.0,0.0
35287763,AG6,Dormant - Excluded,EXCLUDED,113,2025-07-01,428,469,0,469,1.096,0.0,42.5,42.5,LOW,0.0,0.0,0.0,0.0
35087793,AG6,Dormant - Excluded,EXCLUDED,114,2025-06-23,436,473,0,473,1.085,0.0,42.5,42.5,LOW,0.0,0.0,0.0,0.0
41802157,AG6,Dormant - Excluded,EXCLUDED,115,2026-05-02,123,180,0,180,1.463,0.0,42.5,42.5,LOW,0.0,0.0,0.0,0.0
34469732,AG6,Dormant - Excluded,EXCLUDED,116,2025-05-26,464,482,0,482,1.039,0.0,42.5,42.5,LOW,0.0,0.0,0.0,0.0
33848505,AG6,Dormant - Excluded,EXCLUDED,117,2025-04-29,491,491,0,491,1.0,0.0,42.5,42.5,LOW,0.0,0.0,0.0,0.0
38143224,AG6,Dormant - Excluded,EXCLUDED,118,2025-11-21,285,319,0,319,1.119,0.0,42.4,42.4,LOW,0.0,0.0,0.0,0.0
35844163,AG6,Dormant - Excluded,EXCLUDED,119,2025-07-21,408,457,0,457,1.12,0.0,42.4,42.4,LOW,0.0,0.0,0.0,0.0
35482029,AG6,Dormant - Excluded,EXCLUDED,120,2025-07-09,420,464,0,464,1.105,0.0,42.4,42.4,LOW,0.0,0.0,0.0,0.0
34801290,AG6,Dormant - Excluded,EXCLUDED,121,2025-06-09,450,475,0,475,1.056,0.0,42.3,42.3,LOW,0.0,0.0,0.0,0.0
34846847,AG6,Dormant - Excluded,EXCLUDED,122,2025-06-10,449,475,0,475,1.058,0.0,42.3,42.3,LOW,0.0,0.0,0.0,0.0
34745705,AG6,Dormant - Excluded,EXCLUDED,123,2025-06-05,454,477,0,477,1.051,0.0,42.3,42.3,LOW,0.0,0.0,0.0,0.0
34469772,AG6,Dormant - Excluded,EXCLUDED,124,2025-05-26,464,478,0,478,1.03,0.0,42.3,42.3,LOW,0.0,0.0,0.0,0.0
33896331,AG6,Dormant - Excluded,EXCLUDED,125,2025-05-02,488,486,0,486,0.996,0.0,42.3,42.3,LOW,0.0,0.0,0.0,0.0
35087677,AG6,Dormant - Excluded,EXCLUDED,126,2025-06-24,435,466,0,466,1.071,0.0,42.2,42.2,LOW,0.0,0.0,0.0,0.0
34949303,AG6,Dormant - Excluded,EXCLUDED,127,2025-06-16,443,470,0,470,1.061,0.0,42.2,42.2,LOW,0.0,0.0,0.0,0.0
34949559,AG6,Dormant - Excluded,EXCLUDED,128,2025-06-16,443,472,0,472,1.065,0.0,42.2,42.2,LOW,0.0,0.0,0.0,0.0
35843152,AG6,Dormant - Excluded,EXCLUDED,129,2025-07-21,408,450,0,450,1.103,0.0,42.1,42.1,LOW,0.0,0.0,0.0,0.0
35087675,AG6,Dormant - Excluded,EXCLUDED,130,2025-06-24,435,464,0,464,1.067,0.0,42.1,42.1,LOW,0.0,0.0,0.0,0.0
34703914,AG6,Dormant - Excluded,EXCLUDED,131,2025-06-03,456,473,0,473,1.037,0.0,42.1,42.1,LOW,0.0,0.0,0.0,0.0
34704196,AG6,Dormant - Excluded,EXCLUDED,132,2025-06-03,456,474,0,474,1.039,0.0,42.1,42.1,LOW,0.0,0.0,0.0,0.0
35482245,AG6,Dormant - Excluded,EXCLUDED,133,2025-07-09,420,454,0,454,1.081,0.0,42.0,42.0,LOW,0.0,0.0,0.0,0.0
35481926,AG6,Dormant - Excluded,EXCLUDED,134,2025-07-08,421,456,0,456,1.083,0.0,42.0,42.0,LOW,0.0,0.0,0.0,0.0
35087647,AG6,Dormant - Excluded,EXCLUDED,135,2025-06-23,436,463,0,463,1.062,0.0,42.0,42.0,LOW,0.0,0.0,0.0,0.0
35287766,AG6,Dormant - Excluded,EXCLUDED,136,2025-07-01,428,457,0,457,1.068,0.0,41.9,41.9,LOW,0.0,0.0,0.0,0.0
34714167,AG6,Dormant - Excluded,EXCLUDED,137,2025-06-04,455,468,0,468,1.029,0.0,41.9,41.9,LOW,0.0,0.0,0.0,0.0
39749663,AG6,Dormant - Excluded,EXCLUDED,138,2026-02-01,213,276,0,276,1.296,0.0,41.8,41.8,LOW,0.0,0.0,0.0,0.0
35843354,AG6,Dormant - Excluded,EXCLUDED,139,2025-07-20,409,444,0,444,1.086,0.0,41.8,41.8,LOW,0.0,0.0,0.0,0.0
34748947,AG6,Dormant - Excluded,EXCLUDED,140,2025-06-05,454,465,0,465,1.024,0.0,41.8,41.8,LOW,0.0,0.0,0.0,0.0
36804991,AG6,Dormant - Excluded,EXCLUDED,141,2025-09-06,361,342,0,342,0.947,0.0,41.7,41.7,LOW,0.0,0.0,0.0,0.0
36603282,AG6,Dormant - Excluded,EXCLUDED,142,2025-08-26,372,428,0,428,1.151,0.0,41.7,41.7,LOW,0.0,0.0,0.0,0.0
35706419,AG6,Dormant - Excluded,EXCLUDED,143,2025-07-16,413,445,0,445,1.077,0.0,41.7,41.7,LOW,0.0,0.0,0.0,0.0
35286995,AG6,Dormant - Excluded,EXCLUDED,144,2025-07-01,428,454,0,454,1.061,0.0,41.7,41.7,LOW,0.0,0.0,0.0,0.0
34748972,AG6,Dormant - Excluded,EXCLUDED,145,2025-06-05,454,464,0,464,1.022,0.0,41.7,41.7,LOW,0.0,0.0,0.0,0.0
33251274,AG6,Dormant - Excluded,EXCLUDED,146,2025-03-20,531,488,0,488,0.919,0.0,41.7,41.7,LOW,0.0,0.0,0.0,0.0
36805084,AG6,Dormant - Excluded,EXCLUDED,147,2025-09-06,361,340,0,340,0.942,0.0,41.6,41.6,LOW,0.0,0.0,0.0,0.0
35706050,AG6,Dormant - Excluded,EXCLUDED,148,2025-07-16,413,442,0,442,1.07,0.0,41.6,41.6,LOW,0.0,0.0,0.0,0.0
35705938,AG6,Dormant - Excluded,EXCLUDED,149,2025-07-16,413,443,0,443,1.073,0.0,41.6,41.6,LOW,0.0,0.0,0.0,0.0
35087684,AG6,Dormant - Excluded,EXCLUDED,150,2025-06-23,436,454,0,454,1.041,0.0,41.6,41.6,LOW,0.0,0.0,0.0,0.0
34783249,AG6,Dormant - Excluded,EXCLUDED,151,2025-06-06,453,460,0,460,1.015,0.0,41.6,41.6,LOW,0.0,0.0,0.0,0.0
34726055,AG6,Dormant - Excluded,EXCLUDED,152,2025-06-04,455,463,0,463,1.018,0.0,41.6,41.6,LOW,0.0,0.0,0.0,0.0
36603190,AG6,Dormant - Excluded,EXCLUDED,153,2025-08-26,372,422,0,422,1.134,0.0,41.5,41.5,LOW,0.0,0.0,0.0,0.0
36603201,AG6,Dormant - Excluded,EXCLUDED,154,2025-08-26,372,422,0,422,1.134,0.0,41.5,41.5,LOW,0.0,0.0,0.0,0.0
34849355,AG6,Dormant - Excluded,EXCLUDED,155,2025-06-10,449,457,0,457,1.018,0.0,41.5,41.5,LOW,0.0,0.0,0.0,0.0
34745677,AG6,Dormant - Excluded,EXCLUDED,156,2025-06-05,454,458,0,458,1.009,0.0,41.5,41.5,LOW,0.0,0.0,0.0,0.0
34742569,AG6,Dormant - Excluded,EXCLUDED,157,2025-06-06,453,459,0,459,1.013,0.0,41.5,41.5,LOW,0.0,0.0,0.0,0.0
33889919,AG6,Dormant - Excluded,EXCLUDED,158,2025-05-02,488,473,0,473,0.969,0.0,41.5,41.5,LOW,0.0,0.0,0.0,0.0
39047669,AG6,Dormant - Excluded,EXCLUDED,159,2025-12-30,246,287,0,287,1.167,0.0,41.4,41.4,LOW,0.0,0.0,0.0,0.0
36603208,AG6,Dormant - Excluded,EXCLUDED,160,2025-08-26,372,421,0,421,1.132,0.0,41.4,41.4,LOW,0.0,0.0,0.0,0.0
35843551,AG6,Dormant - Excluded,EXCLUDED,161,2025-07-21,408,437,0,437,1.071,0.0,41.4,41.4,LOW,0.0,0.0,0.0,0.0
35087588,AG6,Dormant - Excluded,EXCLUDED,162,2025-06-23,436,448,0,448,1.028,0.0,41.4,41.4,LOW,0.0,0.0,0.0,0.0
34949486,AG6,Dormant - Excluded,EXCLUDED,163,2025-06-16,443,452,0,452,1.02,0.0,41.4,41.4,LOW,0.0,0.0,0.0,0.0
34846789,AG6,Dormant - Excluded,EXCLUDED,164,2025-06-11,448,454,0,454,1.013,0.0,41.4,41.4,LOW,0.0,0.0,0.0,0.0
41867182,AG6,Dormant - Excluded,EXCLUDED,165,2026-05-05,120,169,0,169,1.408,0.0,41.4,41.4,LOW,0.0,0.0,0.0,0.0
39047665,AG6,Dormant - Excluded,EXCLUDED,166,2025-12-30,246,286,0,286,1.163,0.0,41.3,41.3,LOW,0.0,0.0,0.0,0.0
34704110,AG6,Dormant - Excluded,EXCLUDED,167,2025-06-03,456,454,0,454,0.996,0.0,41.3,41.3,LOW,0.0,0.0,0.0,0.0
34703762,AG6,Dormant - Excluded,EXCLUDED,168,2025-06-03,456,455,0,455,0.998,0.0,41.3,41.3,LOW,0.0,0.0,0.0,0.0
35706499,AG6,Dormant - Excluded,EXCLUDED,169,2025-07-16,413,436,0,436,1.056,0.0,41.2,41.2,LOW,0.0,0.0,0.0,0.0
35334350,AG6,Dormant - Excluded,EXCLUDED,170,2025-07-04,425,438,0,438,1.031,0.0,41.2,41.2,LOW,0.0,0.0,0.0,0.0
34748942,AG6,Dormant - Excluded,EXCLUDED,171,2025-06-05,454,452,0,452,0.996,0.0,41.2,41.2,LOW,0.0,0.0,0.0,0.0
40564923,AG6,Dormant - Excluded,EXCLUDED,172,2026-03-10,176,195,0,195,1.108,0.0,41.2,41.2,LOW,0.0,0.0,0.0,0.0
36603238,AG6,Dormant - Excluded,EXCLUDED,173,2025-08-26,372,414,0,414,1.113,0.0,41.1,41.1,LOW,0.0,0.0,0.0,0.0
35706422,AG6,Dormant - Excluded,EXCLUDED,174,2025-07-16,413,435,0,435,1.053,0.0,41.1,41.1,LOW,0.0,0.0,0.0,0.0
34801288,AG6,Dormant - Excluded,EXCLUDED,175,2025-06-09,450,446,0,446,0.991,0.0,41.1,41.1,LOW,0.0,0.0,0.0,0.0
34704028,AG6,Dormant - Excluded,EXCLUDED,176,2025-06-03,456,450,0,450,0.987,0.0,41.1,41.1,LOW,0.0,0.0,0.0,0.0
33890048,AG6,Dormant - Excluded,EXCLUDED,177,2025-05-02,488,464,0,464,0.951,0.0,41.1,41.1,LOW,0.0,0.0,0.0,0.0
39587468,AG6,Dormant - Excluded,EXCLUDED,178,2026-01-23,222,270,0,270,1.216,0.0,41.0,41.0,LOW,0.0,0.0,0.0,0.0
36603210,AG6,Dormant - Excluded,EXCLUDED,179,2025-08-26,372,413,0,413,1.11,0.0,41.0,41.0,LOW,0.0,0.0,0.0,0.0
34949490,AG6,Dormant - Excluded,EXCLUDED,180,2025-06-16,443,442,0,442,0.998,0.0,41.0,41.0,LOW,0.0,0.0,0.0,0.0
34611032,AG6,Dormant - Excluded,EXCLUDED,181,2025-05-30,460,447,0,447,0.972,0.0,41.0,41.0,LOW,0.0,0.0,0.0,0.0
43008849,AG6,Dormant - Excluded,EXCLUDED,182,2026-06-12,82,137,0,137,1.671,0.0,41.0,41.0,LOW,0.0,0.0,0.0,0.0
38142887,AG6,Dormant - Excluded,EXCLUDED,183,2025-11-21,285,298,0,298,1.046,0.0,40.9,40.9,LOW,0.0,0.0,0.0,0.0
36805074,AG6,Dormant - Excluded,EXCLUDED,184,2025-09-06,361,328,0,328,0.909,0.0,40.9,40.9,LOW,0.0,0.0,0.0,0.0
36409583,AG6,Dormant - Excluded,EXCLUDED,185,2025-08-14,384,415,0,415,1.081,0.0,40.9,40.9,LOW,0.0,0.0,0.0,0.0
35705847,AG6,Dormant - Excluded,EXCLUDED,186,2025-07-16,413,429,0,429,1.039,0.0,40.9,40.9,LOW,0.0,0.0,0.0,0.0
35087979,AG6,Dormant - Excluded,EXCLUDED,187,2025-06-24,435,437,0,437,1.005,0.0,40.9,40.9,LOW,0.0,0.0,0.0,0.0
34742558,AG6,Dormant - Excluded,EXCLUDED,188,2025-06-05,454,444,0,444,0.978,0.0,40.9,40.9,LOW,0.0,0.0,0.0,0.0
34949787,AG6,Dormant - Excluded,EXCLUDED,189,2025-06-16,443,437,0,437,0.986,0.0,40.8,40.8,LOW,0.0,0.0,0.0,0.0
34792139,AG6,Dormant - Excluded,EXCLUDED,190,2025-06-06,453,441,0,441,0.974,0.0,40.8,40.8,LOW,0.0,0.0,0.0,0.0
34714101,AG6,Dormant - Excluded,EXCLUDED,191,2025-06-03,456,442,0,442,0.969,0.0,40.8,40.8,LOW,0.0,0.0,0.0,0.0
33890049,AG6,Dormant - Excluded,EXCLUDED,192,2025-05-02,488,455,0,455,0.932,0.0,40.8,40.8,LOW,0.0,0.0,0.0,0.0
41096537,AG6,Dormant - Excluded,EXCLUDED,193,2026-04-02,153,183,0,183,1.196,0.0,40.8,40.8,LOW,0.0,0.0,0.0,0.0
35481906,AG6,Dormant - Excluded,EXCLUDED,194,2025-07-09,420,429,0,429,1.021,0.0,40.7,40.7,LOW,0.0,0.0,0.0,0.0
35087623,AG6,Dormant - Excluded,EXCLUDED,195,2025-06-23,436,433,0,433,0.993,0.0,40.7,40.7,LOW,0.0,0.0,0.0,0.0
34801289,AG6,Dormant - Excluded,EXCLUDED,196,2025-06-09,450,437,0,437,0.971,0.0,40.7,40.7,LOW,0.0,0.0,0.0,0.0
34846828,AG6,Dormant - Excluded,EXCLUDED,197,2025-06-11,448,437,0,437,0.975,0.0,40.7,40.7,LOW,0.0,0.0,0.0,0.0
34748956,AG6,Dormant - Excluded,EXCLUDED,198,2025-06-05,454,439,0,439,0.967,0.0,40.7,40.7,LOW,0.0,0.0,0.0,0.0
33251268,AG6,Dormant - Excluded,EXCLUDED,199,2025-03-20,531,473,0,473,0.891,0.0,40.7,40.7,LOW,0.0,0.0,0.0,0.0
36225676,AG6,Dormant - Excluded,EXCLUDED,200,2025-08-05,393,415,0,415,1.056,0.0,40.6,40.6,LOW,0.0,0.0,0.0,0.0
35898414,AG6,Dormant - Excluded,EXCLUDED,201,2025-07-23,406,419,0,419,1.032,0.0,40.6,40.6,LOW,0.0,0.0,0.0,0.0
35481857,AG6,Dormant - Excluded,EXCLUDED,202,2025-07-09,420,425,0,425,1.012,0.0,40.6,40.6,LOW,0.0,0.0,0.0,0.0
34846851,AG6,Dormant - Excluded,EXCLUDED,203,2025-06-10,449,436,0,436,0.971,0.0,40.6,40.6,LOW,0.0,0.0,0.0,0.0
34742560,AG6,Dormant - Excluded,EXCLUDED,204,2025-06-06,453,437,0,437,0.965,0.0,40.6,40.6,LOW,0.0,0.0,0.0,0.0
40564951,AG6,Dormant - Excluded,EXCLUDED,205,2026-03-10,176,191,0,191,1.085,0.0,40.6,40.6,LOW,0.0,0.0,0.0,0.0
35706018,AG6,Dormant - Excluded,EXCLUDED,206,2025-07-16,413,422,0,422,1.022,0.0,40.5,40.5,LOW,0.0,0.0,0.0,0.0
34837997,AG6,Dormant - Excluded,EXCLUDED,207,2025-06-11,448,435,0,435,0.971,0.0,40.5,40.5,LOW,0.0,0.0,0.0,0.0
34714133,AG6,Dormant - Excluded,EXCLUDED,208,2025-06-04,455,436,0,436,0.958,0.0,40.5,40.5,LOW,0.0,0.0,0.0,0.0
33845181,AG6,Dormant - Excluded,EXCLUDED,209,2025-04-29,491,449,0,449,0.914,0.0,40.5,40.5,LOW,0.0,0.0,0.0,0.0
39047613,AG6,Dormant - Excluded,EXCLUDED,210,2025-12-30,246,274,0,274,1.114,0.0,40.4,40.4,LOW,0.0,0.0,0.0,0.0
36225595,AG6,Dormant - Excluded,EXCLUDED,211,2025-08-06,392,411,0,411,1.048,0.0,40.4,40.4,LOW,0.0,0.0,0.0,0.0
34611079,AG6,Dormant - Excluded,EXCLUDED,212,2025-05-30,460,437,0,437,0.95,0.0,40.4,40.4,LOW,0.0,0.0,0.0,0.0
33864461,AG6,Dormant - Excluded,EXCLUDED,213,2025-04-30,490,446,0,446,0.91,0.0,40.4,40.4,LOW,0.0,0.0,0.0,0.0
35706650,AG6,Dormant - Excluded,EXCLUDED,214,2025-07-16,413,416,0,416,1.007,0.0,40.3,40.3,LOW,0.0,0.0,0.0,0.0
34838075,AG6,Dormant - Excluded,EXCLUDED,215,2025-06-11,448,431,0,431,0.962,0.0,40.3,40.3,LOW,0.0,0.0,0.0,0.0
34846771,AG6,Dormant - Excluded,EXCLUDED,216,2025-06-10,449,432,0,432,0.962,0.0,40.3,40.3,LOW,0.0,0.0,0.0,0.0
34745673,AG6,Dormant - Excluded,EXCLUDED,217,2025-06-05,454,433,0,433,0.954,0.0,40.3,40.3,LOW,0.0,0.0,0.0,0.0
36603288,AG6,Dormant - Excluded,EXCLUDED,218,2025-08-26,372,397,0,397,1.067,0.0,40.2,40.2,LOW,0.0,0.0,0.0,0.0
35087645,AG6,Dormant - Excluded,EXCLUDED,219,2025-06-23,436,423,0,423,0.97,0.0,40.2,40.2,LOW,0.0,0.0,0.0,0.0
34846827,AG6,Dormant - Excluded,EXCLUDED,220,2025-06-11,448,429,0,429,0.958,0.0,40.2,40.2,LOW,0.0,0.0,0.0,0.0
39749633,AG6,Dormant - Excluded,EXCLUDED,221,2026-01-31,214,258,0,258,1.206,0.0,40.1,40.1,LOW,0.0,0.0,0.0,0.0
39749671,AG6,Dormant - Excluded,EXCLUDED,222,2026-01-31,214,258,0,258,1.206,0.0,40.1,40.1,LOW,0.0,0.0,0.0,0.0
35087751,AG6,Dormant - Excluded,EXCLUDED,223,2025-06-24,435,421,0,421,0.968,0.0,40.1,40.1,LOW,0.0,0.0,0.0,0.0
34869097,AG6,Dormant - Excluded,EXCLUDED,224,2025-06-12,447,425,0,425,0.951,0.0,40.1,40.1,LOW,0.0,0.0,0.0,0.0
34703817,AG6,Dormant - Excluded,EXCLUDED,225,2025-06-03,456,431,0,431,0.945,0.0,40.1,40.1,LOW,0.0,0.0,0.0,0.0
33890050,AG6,Dormant - Excluded,EXCLUDED,226,2025-05-02,488,439,0,439,0.9,0.0,40.1,40.1,LOW,0.0,0.0,0.0,0.0
39047672,AG6,Dormant - Excluded,EXCLUDED,227,2025-12-31,245,268,0,268,1.094,0.0,40.0,40.0,LOW,0.0,0.0,0.0,0.0
36225593,AG6,Dormant - Excluded,EXCLUDED,228,2025-08-06,392,401,0,401,1.023,0.0,40.0,40.0,LOW,0.0,0.0,0.0,0.0
35843954,AG6,Dormant - Excluded,EXCLUDED,229,2025-07-21,408,408,0,408,1.0,0.0,40.0,40.0,LOW,0.0,0.0,0.0,0.0
35087905,AG6,Dormant - Excluded,EXCLUDED,230,2025-06-23,436,420,0,420,0.963,0.0,40.0,40.0,LOW,0.0,0.0,0.0,0.0
34949283,AG6,Dormant - Excluded,EXCLUDED,231,2025-06-16,443,423,0,423,0.955,0.0,40.0,40.0,LOW,0.0,0.0,0.0,0.0
34748931,AG6,Dormant - Excluded,EXCLUDED,232,2025-06-06,453,427,0,427,0.943,0.0,40.0,40.0,LOW,0.0,0.0,0.0,0.0
40564931,AG6,Dormant - Excluded,EXCLUDED,233,2026-03-10,176,186,0,186,1.057,0.0,40.0,40.0,LOW,0.0,0.0,0.0,0.0
38142659,AG6,Dormant - Excluded,EXCLUDED,234,2025-11-21,285,285,0,285,1.0,0.0,39.9,39.9,LOW,0.0,0.0,0.0,0.0
35843992,AG6,Dormant - Excluded,EXCLUDED,235,2025-07-21,408,405,0,405,0.993,0.0,39.9,39.9,LOW,0.0,0.0,0.0,0.0
34726139,AG6,Dormant - Excluded,EXCLUDED,236,2025-06-04,455,424,0,424,0.932,0.0,39.9,39.9,LOW,0.0,0.0,0.0,0.0
34630364,AG6,Dormant - Excluded,EXCLUDED,237,2025-05-31,459,425,0,425,0.926,0.0,39.9,39.9,LOW,0.0,0.0,0.0,0.0
34704072,AG6,Dormant - Excluded,EXCLUDED,238,2025-06-04,455,425,0,425,0.934,0.0,39.9,39.9,LOW,0.0,0.0,0.0,0.0
41096535,AG6,Dormant - Excluded,EXCLUDED,239,2026-04-02,153,175,0,175,1.144,0.0,39.9,39.9,LOW,0.0,0.0,0.0,0.0
36603271,AG6,Dormant - Excluded,EXCLUDED,240,2025-08-26,372,388,0,388,1.043,0.0,39.8,39.8,LOW,0.0,0.0,0.0,0.0
35843798,AG6,Dormant - Excluded,EXCLUDED,241,2025-07-21,408,403,0,403,0.988,0.0,39.8,39.8,LOW,0.0,0.0,0.0,0.0
35706658,AG6,Dormant - Excluded,EXCLUDED,242,2025-07-16,413,405,0,405,0.981,0.0,39.8,39.8,LOW,0.0,0.0,0.0,0.0
35706724,AG6,Dormant - Excluded,EXCLUDED,243,2025-07-16,413,406,0,406,0.983,0.0,39.8,39.8,LOW,0.0,0.0,0.0,0.0
34704427,AG6,Dormant - Excluded,EXCLUDED,244,2025-06-03,456,423,0,423,0.928,0.0,39.8,39.8,LOW,0.0,0.0,0.0,0.0
39047671,AG6,Dormant - Excluded,EXCLUDED,245,2025-12-30,246,266,0,266,1.081,0.0,39.7,39.7,LOW,0.0,0.0,0.0,0.0
35706297,AG6,Dormant - Excluded,EXCLUDED,246,2025-07-16,413,404,0,404,0.978,0.0,39.7,39.7,LOW,0.0,0.0,0.0,0.0
34949920,AG6,Dormant - Excluded,EXCLUDED,247,2025-06-16,443,415,0,415,0.937,0.0,39.7,39.7,LOW,0.0,0.0,0.0,0.0
34630371,AG6,Dormant - Excluded,EXCLUDED,248,2025-05-31,459,422,0,422,0.919,0.0,39.7,39.7,LOW,0.0,0.0,0.0,0.0
43008860,AG6,Dormant - Excluded,EXCLUDED,249,2026-06-12,82,128,0,128,1.561,0.0,39.7,39.7,LOW,0.0,0.0,0.0,0.0
35898412,AG6,Dormant - Excluded,EXCLUDED,250,2025-07-24,405,398,0,398,0.983,0.0,39.6,39.6,LOW,0.0,0.0,0.0,0.0
35844073,AG6,Dormant - Excluded,EXCLUDED,251,2025-07-21,408,399,0,399,0.978,0.0,39.6,39.6,LOW,0.0,0.0,0.0,0.0
34949482,AG6,Dormant - Excluded,EXCLUDED,252,2025-06-16,443,414,0,414,0.935,0.0,39.6,39.6,LOW,0.0,0.0,0.0,0.0
34801261,AG6,Dormant - Excluded,EXCLUDED,253,2025-06-09,450,415,0,415,0.922,0.0,39.6,39.6,LOW,0.0,0.0,0.0,0.0
34748939,AG6,Dormant - Excluded,EXCLUDED,254,2025-06-06,453,416,0,416,0.918,0.0,39.6,39.6,LOW,0.0,0.0,0.0,0.0
34704099,AG6,Dormant - Excluded,EXCLUDED,255,2025-06-03,456,418,0,418,0.917,0.0,39.6,39.6,LOW,0.0,0.0,0.0,0.0
39592494,AG6,Dormant - Excluded,EXCLUDED,256,2026-01-23,222,254,0,254,1.144,0.0,39.5,39.5,LOW,0.0,0.0,0.0,0.0
39047663,AG6,Dormant - Excluded,EXCLUDED,257,2025-12-31,245,264,0,264,1.078,0.0,39.5,39.5,LOW,0.0,0.0,0.0,0.0
34792093,AG6,Dormant - Excluded,EXCLUDED,258,2025-06-07,452,415,0,415,0.918,0.0,39.5,39.5,LOW,0.0,0.0,0.0,0.0
34704102,AG6,Dormant - Excluded,EXCLUDED,259,2025-06-03,456,416,0,416,0.912,0.0,39.5,39.5,LOW,0.0,0.0,0.0,0.0
36409585,AG6,Dormant - Excluded,EXCLUDED,260,2025-08-16,382,384,0,384,1.005,0.0,39.4,39.4,LOW,0.0,0.0,0.0,0.0
35706247,AG6,Dormant - Excluded,EXCLUDED,261,2025-07-16,413,396,0,396,0.959,0.0,39.4,39.4,LOW,0.0,0.0,0.0,0.0
35087830,AG6,Dormant - Excluded,EXCLUDED,262,2025-06-23,436,407,0,407,0.933,0.0,39.4,39.4,LOW,0.0,0.0,0.0,0.0
35087713,AG6,Dormant - Excluded,EXCLUDED,263,2025-06-23,436,408,0,408,0.936,0.0,39.4,39.4,LOW,0.0,0.0,0.0,0.0
34838072,AG6,Dormant - Excluded,EXCLUDED,264,2025-06-11,448,411,0,411,0.917,0.0,39.4,39.4,LOW,0.0,0.0,0.0,0.0
34714148,AG6,Dormant - Excluded,EXCLUDED,265,2025-06-04,455,414,0,414,0.91,0.0,39.4,39.4,LOW,0.0,0.0,0.0,0.0
40564949,AG6,Dormant - Excluded,EXCLUDED,266,2026-03-10,176,181,0,181,1.028,0.0,39.4,39.4,LOW,0.0,0.0,0.0,0.0
39047630,AG6,Dormant - Excluded,EXCLUDED,267,2025-12-30,246,263,0,263,1.069,0.0,39.3,39.3,LOW,0.0,0.0,0.0,0.0
38142788,AG6,Dormant - Excluded,EXCLUDED,268,2025-11-21,285,276,0,276,0.968,0.0,39.3,39.3,LOW,0.0,0.0,0.0,0.0
36603220,AG6,Dormant - Excluded,EXCLUDED,269,2025-08-26,372,380,0,380,1.022,0.0,39.3,39.3,LOW,0.0,0.0,0.0,0.0
35844190,AG6,Dormant - Excluded,EXCLUDED,270,2025-07-21,408,393,0,393,0.963,0.0,39.3,39.3,LOW,0.0,0.0,0.0,0.0
35287352,AG6,Dormant - Excluded,EXCLUDED,271,2025-07-01,428,401,0,401,0.937,0.0,39.3,39.3,LOW,0.0,0.0,0.0,0.0
35087767,AG6,Dormant - Excluded,EXCLUDED,272,2025-06-23,436,405,0,405,0.929,0.0,39.3,39.3,LOW,0.0,0.0,0.0,0.0
34838079,AG6,Dormant - Excluded,EXCLUDED,273,2025-06-11,448,409,0,409,0.913,0.0,39.3,39.3,LOW,0.0,0.0,0.0,0.0
34748925,AG6,Dormant - Excluded,EXCLUDED,274,2025-06-06,453,412,0,412,0.909,0.0,39.3,39.3,LOW,0.0,0.0,0.0,0.0
35843276,AG6,Dormant - Excluded,EXCLUDED,275,2025-07-21,408,391,0,391,0.958,0.0,39.2,39.2,LOW,0.0,0.0,0.0,0.0
35706310,AG6,Dormant - Excluded,EXCLUDED,276,2025-07-16,413,392,0,392,0.949,0.0,39.2,39.2,LOW,0.0,0.0,0.0,0.0
34801286,AG6,Dormant - Excluded,EXCLUDED,277,2025-06-07,452,409,0,409,0.905,0.0,39.2,39.2,LOW,0.0,0.0,0.0,0.0
34714165,AG6,Dormant - Excluded,EXCLUDED,278,2025-06-04,455,411,0,411,0.903,0.0,39.2,39.2,LOW,0.0,0.0,0.0,0.0
39587446,AG6,Dormant - Excluded,EXCLUDED,279,2026-01-23,222,249,0,249,1.122,0.0,39.1,39.1,LOW,0.0,0.0,0.0,0.0
35706103,AG6,Dormant - Excluded,EXCLUDED,280,2025-07-16,413,391,0,391,0.947,0.0,39.1,39.1,LOW,0.0,0.0,0.0,0.0
34748940,AG6,Dormant - Excluded,EXCLUDED,281,2025-06-05,454,408,0,408,0.899,0.0,39.1,39.1,LOW,0.0,0.0,0.0,0.0
41096508,AG6,Dormant - Excluded,EXCLUDED,282,2026-04-02,153,168,0,168,1.098,0.0,39.1,39.1,LOW,0.0,0.0,0.0,0.0
35705915,AG6,Dormant - Excluded,EXCLUDED,283,2025-07-16,413,388,0,388,0.939,0.0,39.0,39.0,LOW,0.0,0.0,0.0,0.0
35706126,AG6,Dormant - Excluded,EXCLUDED,284,2025-07-16,413,388,0,388,0.939,0.0,39.0,39.0,LOW,0.0,0.0,0.0,0.0
35087814,AG6,Dormant - Excluded,EXCLUDED,285,2025-06-23,436,397,0,397,0.911,0.0,39.0,39.0,LOW,0.0,0.0,0.0,0.0
34745667,AG6,Dormant - Excluded,EXCLUDED,286,2025-06-06,453,406,0,406,0.896,0.0,39.0,39.0,LOW,0.0,0.0,0.0,0.0
39047618,AG6,Dormant - Excluded,EXCLUDED,287,2025-12-30,246,259,0,259,1.053,0.0,38.9,38.9,LOW,0.0,0.0,0.0,0.0
35844015,AG6,Dormant - Excluded,EXCLUDED,288,2025-07-21,408,385,0,385,0.944,0.0,38.9,38.9,LOW,0.0,0.0,0.0,0.0
35287458,AG6,Dormant - Excluded,EXCLUDED,289,2025-07-01,428,392,0,392,0.916,0.0,38.9,38.9,LOW,0.0,0.0,0.0,0.0
34949667,AG6,Dormant - Excluded,EXCLUDED,290,2025-06-16,443,399,0,399,0.901,0.0,38.9,38.9,LOW,0.0,0.0,0.0,0.0
33251263,AG6,Dormant - Excluded,EXCLUDED,291,2025-03-20,531,432,0,432,0.814,0.0,38.9,38.9,LOW,0.0,0.0,0.0,0.0
41096500,AG6,Dormant - Excluded,EXCLUDED,292,2026-04-02,153,166,0,166,1.085,0.0,38.9,38.9,LOW,0.0,0.0,0.0,0.0
38141249,AG6,Dormant - Excluded,EXCLUDED,293,2025-11-27,279,267,0,267,0.957,0.0,38.8,38.8,LOW,0.0,0.0,0.0,0.0
35843623,AG6,Dormant - Excluded,EXCLUDED,294,2025-07-21,408,383,0,383,0.939,0.0,38.8,38.8,LOW,0.0,0.0,0.0,0.0
34846725,AG6,Dormant - Excluded,EXCLUDED,295,2025-06-11,448,400,0,400,0.893,0.0,38.8,38.8,LOW,0.0,0.0,0.0,0.0
35287115,AG6,Dormant - Excluded,EXCLUDED,296,2025-07-01,428,389,0,389,0.909,0.0,38.7,38.7,LOW,0.0,0.0,0.0,0.0
34792232,AG6,Dormant - Excluded,EXCLUDED,297,2025-06-06,453,400,0,400,0.883,0.0,38.7,38.7,LOW,0.0,0.0,0.0,0.0
34726045,AG6,Dormant - Excluded,EXCLUDED,298,2025-06-09,450,395,0,395,0.878,0.0,38.6,38.6,LOW,0.0,0.0,0.0,0.0
34869188,AG6,Dormant - Excluded,EXCLUDED,299,2025-06-16,443,395,0,395,0.892,0.0,38.6,38.6,LOW,0.0,0.0,0.0,0.0
33889926,AG6,Dormant - Excluded,EXCLUDED,300,2025-05-02,488,411,0,411,0.842,0.0,38.6,38.6,LOW,0.0,0.0,0.0,0.0
41802166,AG6,Dormant - Excluded,EXCLUDED,301,2026-05-02,123,148,0,148,1.203,0.0,38.6,38.6,LOW,0.0,0.0,0.0,0.0
39587523,AG6,Dormant - Excluded,EXCLUDED,302,2026-01-23,222,243,0,243,1.095,0.0,38.5,38.5,LOW,0.0,0.0,0.0,0.0
35481626,AG6,Dormant - Excluded,EXCLUDED,303,2025-07-09,420,382,0,382,0.91,0.0,38.5,38.5,LOW,0.0,0.0,0.0,0.0
35087769,AG6,Dormant - Excluded,EXCLUDED,304,2025-06-23,436,389,0,389,0.892,0.0,38.5,38.5,LOW,0.0,0.0,0.0,0.0
34704346,AG6,Dormant - Excluded,EXCLUDED,305,2025-06-03,456,395,0,395,0.866,0.0,38.5,38.5,LOW,0.0,0.0,0.0,0.0
34704105,AG6,Dormant - Excluded,EXCLUDED,306,2025-06-03,456,396,0,396,0.868,0.0,38.5,38.5,LOW,0.0,0.0,0.0,0.0
35481366,AG6,Dormant - Excluded,EXCLUDED,307,2025-07-08,421,382,0,382,0.907,0.0,38.4,38.4,LOW,0.0,0.0,0.0,0.0
34714135,AG6,Dormant - Excluded,EXCLUDED,308,2025-06-04,455,394,0,394,0.866,0.0,38.4,38.4,LOW,0.0,0.0,0.0,0.0
35087620,AG6,Dormant - Excluded,EXCLUDED,309,2025-06-23,436,386,0,386,0.885,0.0,38.3,38.3,LOW,0.0,0.0,0.0,0.0
34745671,AG6,Dormant - Excluded,EXCLUDED,310,2025-06-06,453,390,0,390,0.861,0.0,38.3,38.3,LOW,0.0,0.0,0.0,0.0
34704109,AG6,Dormant - Excluded,EXCLUDED,311,2025-06-03,456,392,0,392,0.86,0.0,38.3,38.3,LOW,0.0,0.0,0.0,0.0
34611160,AG6,Dormant - Excluded,EXCLUDED,312,2025-05-30,460,393,0,393,0.854,0.0,38.3,38.3,LOW,0.0,0.0,0.0,0.0
35706035,AG6,Dormant - Excluded,EXCLUDED,313,2025-07-16,413,377,0,377,0.913,0.0,38.2,38.2,LOW,0.0,0.0,0.0,0.0
35287454,AG6,Dormant - Excluded,EXCLUDED,314,2025-07-01,428,382,0,382,0.893,0.0,38.2,38.2,LOW,0.0,0.0,0.0,0.0
35087754,AG6,Dormant - Excluded,EXCLUDED,315,2025-06-23,436,383,0,383,0.878,0.0,38.2,38.2,LOW,0.0,0.0,0.0,0.0
34949856,AG6,Dormant - Excluded,EXCLUDED,316,2025-06-16,443,385,0,385,0.869,0.0,38.2,38.2,LOW,0.0,0.0,0.0,0.0
34745670,AG6,Dormant - Excluded,EXCLUDED,317,2025-06-05,454,389,0,389,0.857,0.0,38.2,38.2,LOW,0.0,0.0,0.0,0.0
39258654,AG6,Dormant - Excluded,EXCLUDED,318,2026-01-09,236,245,0,245,1.038,0.0,38.1,38.1,LOW,0.0,0.0,0.0,0.0
39047660,AG6,Dormant - Excluded,EXCLUDED,319,2025-12-30,246,248,0,248,1.008,0.0,38.1,38.1,LOW,0.0,0.0,0.0,0.0
35843753,AG6,Dormant - Excluded,EXCLUDED,320,2025-07-20,409,373,0,373,0.912,0.0,38.1,38.1,LOW,0.0,0.0,0.0,0.0
35705986,AG6,Dormant - Excluded,EXCLUDED,321,2025-07-16,413,375,0,375,0.908,0.0,38.1,38.1,LOW,0.0,0.0,0.0,0.0
35334614,AG6,Dormant - Excluded,EXCLUDED,322,2025-07-03,426,380,0,380,0.892,0.0,38.1,38.1,LOW,0.0,0.0,0.0,0.0
35087891,AG6,Dormant - Excluded,EXCLUDED,323,2025-06-23,436,382,0,382,0.876,0.0,38.1,38.1,LOW,0.0,0.0,0.0,0.0
39592486,AG6,Dormant - Excluded,EXCLUDED,324,2026-01-23,222,239,0,239,1.077,0.0,38.0,38.0,LOW,0.0,0.0,0.0,0.0
36804988,AG6,Dormant - Excluded,EXCLUDED,325,2025-09-06,361,285,0,285,0.789,0.0,38.0,38.0,LOW,0.0,0.0,0.0,0.0
35706309,AG6,Dormant - Excluded,EXCLUDED,326,2025-07-16,413,374,0,374,0.906,0.0,38.0,38.0,LOW,0.0,0.0,0.0,0.0
35481757,AG6,Dormant - Excluded,EXCLUDED,327,2025-07-08,421,376,0,376,0.893,0.0,38.0,38.0,LOW,0.0,0.0,0.0,0.0
35481649,AG6,Dormant - Excluded,EXCLUDED,328,2025-07-09,420,377,0,377,0.898,0.0,38.0,38.0,LOW,0.0,0.0,0.0,0.0
35334468,AG6,Dormant - Excluded,EXCLUDED,329,2025-07-03,426,378,0,378,0.887,0.0,38.0,38.0,LOW,0.0,0.0,0.0,0.0
35087553,AG6,Dormant - Excluded,EXCLUDED,330,2025-06-23,436,381,0,381,0.874,0.0,38.0,38.0,LOW,0.0,0.0,0.0,0.0
34949316,AG6,Dormant - Excluded,EXCLUDED,331,2025-06-16,443,382,0,382,0.862,0.0,38.0,38.0,LOW,0.0,0.0,0.0,0.0
34704274,AG6,Dormant - Excluded,EXCLUDED,332,2025-06-04,455,387,0,387,0.851,0.0,38.0,38.0,LOW,0.0,0.0,0.0,0.0
34630463,AG6,Dormant - Excluded,EXCLUDED,333,2025-05-31,459,388,0,388,0.845,0.0,38.0,38.0,LOW,0.0,0.0,0.0,0.0
35843984,AG6,Dormant - Excluded,EXCLUDED,334,2025-07-21,408,370,0,370,0.907,0.0,37.9,37.9,LOW,0.0,0.0,0.0,0.0
35705874,AG6,Dormant - Excluded,EXCLUDED,335,2025-07-16,413,372,0,372,0.901,0.0,37.9,37.9,LOW,0.0,0.0,0.0,0.0
35087427,AG6,Dormant - Excluded,EXCLUDED,336,2025-06-23,436,379,0,379,0.869,0.0,37.9,37.9,LOW,0.0,0.0,0.0,0.0
35087501,AG6,Dormant - Excluded,EXCLUDED,337,2025-06-23,436,379,0,379,0.869,0.0,37.9,37.9,LOW,0.0,0.0,0.0,0.0
34838069,AG6,Dormant - Excluded,EXCLUDED,338,2025-06-11,448,383,0,383,0.855,0.0,37.9,37.9,LOW,0.0,0.0,0.0,0.0
40564928,AG6,Dormant - Excluded,EXCLUDED,339,2026-03-10,176,168,0,168,0.955,0.0,37.9,37.9,LOW,0.0,0.0,0.0,0.0
35706388,AG6,Dormant - Excluded,EXCLUDED,340,2025-07-16,413,371,0,371,0.898,0.0,37.8,37.8,LOW,0.0,0.0,0.0,0.0
35087460,AG6,Dormant - Excluded,EXCLUDED,341,2025-06-23,436,378,0,378,0.867,0.0,37.8,37.8,LOW,0.0,0.0,0.0,0.0
34801245,AG6,Dormant - Excluded,EXCLUDED,342,2025-06-09,450,381,0,381,0.847,0.0,37.8,37.8,LOW,0.0,0.0,0.0,0.0
34714134,AG6,Dormant - Excluded,EXCLUDED,343,2025-06-04,455,383,0,383,0.842,0.0,37.8,37.8,LOW,0.0,0.0,0.0,0.0
41096533,AG6,Dormant - Excluded,EXCLUDED,344,2026-04-02,153,157,0,157,1.026,0.0,37.8,37.8,LOW,0.0,0.0,0.0,0.0
34611049,AG6,Dormant - Excluded,EXCLUDED,345,2025-05-30,460,381,0,381,0.828,0.0,37.6,37.6,LOW,0.0,0.0,0.0,0.0
34611120,AG6,Dormant - Excluded,EXCLUDED,346,2025-05-31,459,381,0,381,0.83,0.0,37.6,37.6,LOW,0.0,0.0,0.0,0.0
35843825,AG6,Dormant - Excluded,EXCLUDED,347,2025-07-21,408,365,0,365,0.895,0.0,37.5,37.5,LOW,0.0,0.0,0.0,0.0
35843859,AG6,Dormant - Excluded,EXCLUDED,348,2025-07-21,408,365,0,365,0.895,0.0,37.5,37.5,LOW,0.0,0.0,0.0,0.0
35706502,AG6,Dormant - Excluded,EXCLUDED,349,2025-07-16,413,366,0,366,0.886,0.0,37.5,37.5,LOW,0.0,0.0,0.0,0.0
35481590,AG6,Dormant - Excluded,EXCLUDED,350,2025-07-09,420,367,0,367,0.874,0.0,37.5,37.5,LOW,0.0,0.0,0.0,0.0
34714113,AG6,Dormant - Excluded,EXCLUDED,351,2025-06-03,456,379,0,379,0.831,0.0,37.5,37.5,LOW,0.0,0.0,0.0,0.0
36805019,AG6,Dormant - Excluded,EXCLUDED,352,2025-09-06,361,276,0,276,0.765,0.0,37.4,37.4,LOW,0.0,0.0,0.0,0.0
35334383,AG6,Dormant - Excluded,EXCLUDED,353,2025-07-04,425,369,0,369,0.868,0.0,37.4,37.4,LOW,0.0,0.0,0.0,0.0
35087636,AG6,Dormant - Excluded,EXCLUDED,354,2025-06-23,436,371,0,371,0.851,0.0,37.4,37.4,LOW,0.0,0.0,0.0,0.0
34949832,AG6,Dormant - Excluded,EXCLUDED,355,2025-06-16,443,374,0,374,0.844,0.0,37.4,37.4,LOW,0.0,0.0,0.0,0.0
34801248,AG6,Dormant - Excluded,EXCLUDED,356,2025-06-09,450,375,0,375,0.833,0.0,37.4,37.4,LOW,0.0,0.0,0.0,0.0
34838015,AG6,Dormant - Excluded,EXCLUDED,357,2025-06-10,449,375,0,375,0.835,0.0,37.4,37.4,LOW,0.0,0.0,0.0,0.0
34714108,AG6,Dormant - Excluded,EXCLUDED,358,2025-06-03,456,378,0,378,0.829,0.0,37.4,37.4,LOW,0.0,0.0,0.0,0.0
35287946,AG6,Dormant - Excluded,EXCLUDED,359,2025-07-01,428,367,0,367,0.857,0.0,37.3,37.3,LOW,0.0,0.0,0.0,0.0
34714164,AG6,Dormant - Excluded,EXCLUDED,360,2025-06-04,455,375,0,375,0.824,0.0,37.3,37.3,LOW,0.0,0.0,0.0,0.0
35481438,AG6,Dormant - Excluded,EXCLUDED,361,2025-07-08,421,363,0,363,0.862,0.0,37.2,37.2,LOW,0.0,0.0,0.0,0.0
34949864,AG6,Dormant - Excluded,EXCLUDED,362,2025-06-16,443,370,0,370,0.835,0.0,37.2,37.2,LOW,0.0,0.0,0.0,0.0
34846769,AG6,Dormant - Excluded,EXCLUDED,363,2025-06-11,448,371,0,371,0.828,0.0,37.2,37.2,LOW,0.0,0.0,0.0,0.0
34726021,AG6,Dormant - Excluded,EXCLUDED,364,2025-06-04,455,373,0,373,0.82,0.0,37.2,37.2,LOW,0.0,0.0,0.0,0.0
34748920,AG6,Dormant - Excluded,EXCLUDED,365,2025-06-06,453,373,0,373,0.823,0.0,37.2,37.2,LOW,0.0,0.0,0.0,0.0
35481623,AG6,Dormant - Excluded,EXCLUDED,366,2025-07-08,421,361,0,361,0.857,0.0,37.1,37.1,LOW,0.0,0.0,0.0,0.0
35481567,AG6,Dormant - Excluded,EXCLUDED,367,2025-07-08,421,362,0,362,0.86,0.0,37.1,37.1,LOW,0.0,0.0,0.0,0.0
35334377,AG6,Dormant - Excluded,EXCLUDED,368,2025-07-03,426,363,0,363,0.852,0.0,37.1,37.1,LOW,0.0,0.0,0.0,0.0
35087616,AG6,Dormant - Excluded,EXCLUDED,369,2025-06-23,436,366,0,366,0.839,0.0,37.1,37.1,LOW,0.0,0.0,0.0,0.0
35087701,AG6,Dormant - Excluded,EXCLUDED,370,2025-06-23,436,367,0,367,0.842,0.0,37.1,37.1,LOW,0.0,0.0,0.0,0.0
39047653,AG6,Dormant - Excluded,EXCLUDED,371,2025-12-30,246,238,0,238,0.967,0.0,37.0,37.0,LOW,0.0,0.0,0.0,0.0
36225680,AG6,Dormant - Excluded,EXCLUDED,372,2025-08-05,393,350,0,350,0.891,0.0,37.0,37.0,LOW,0.0,0.0,0.0,0.0
34704309,AG6,Dormant - Excluded,EXCLUDED,373,2025-06-03,456,371,0,371,0.814,0.0,37.0,37.0,LOW,0.0,0.0,0.0,0.0
38142878,AG6,Dormant - Excluded,EXCLUDED,374,2025-11-21,285,248,0,248,0.87,0.0,36.9,36.9,LOW,0.0,0.0,0.0,0.0
35843745,AG6,Dormant - Excluded,EXCLUDED,375,2025-07-21,408,352,0,352,0.863,0.0,36.9,36.9,LOW,0.0,0.0,0.0,0.0
35843978,AG6,Dormant - Excluded,EXCLUDED,376,2025-07-21,408,352,0,352,0.863,0.0,36.9,36.9,LOW,0.0,0.0,0.0,0.0
35843999,AG6,Dormant - Excluded,EXCLUDED,377,2025-07-21,408,352,0,352,0.863,0.0,36.9,36.9,LOW,0.0,0.0,0.0,0.0
35705974,AG6,Dormant - Excluded,EXCLUDED,378,2025-07-16,413,355,0,355,0.86,0.0,36.9,36.9,LOW,0.0,0.0,0.0,0.0
34704096,AG6,Dormant - Excluded,EXCLUDED,379,2025-06-03,456,370,0,370,0.811,0.0,36.9,36.9,LOW,0.0,0.0,0.0,0.0
34714120,AG6,Dormant - Excluded,EXCLUDED,380,2025-06-04,455,370,0,370,0.813,0.0,36.9,36.9,LOW,0.0,0.0,0.0,0.0
33847410,AG6,Dormant - Excluded,EXCLUDED,381,2025-04-29,491,378,0,378,0.77,0.0,36.9,36.9,LOW,0.0,0.0,0.0,0.0
35843955,AG6,Dormant - Excluded,EXCLUDED,382,2025-07-21,408,351,0,351,0.86,0.0,36.8,36.8,LOW,0.0,0.0,0.0,0.0
35482099,AG6,Dormant - Excluded,EXCLUDED,383,2025-07-08,421,355,0,355,0.843,0.0,36.8,36.8,LOW,0.0,0.0,0.0,0.0
35087438,AG6,Dormant - Excluded,EXCLUDED,384,2025-06-23,436,361,0,361,0.828,0.0,36.8,36.8,LOW,0.0,0.0,0.0,0.0
34846824,AG6,Dormant - Excluded,EXCLUDED,385,2025-06-11,448,365,0,365,0.815,0.0,36.8,36.8,LOW,0.0,0.0,0.0,0.0
38142923,AG6,Dormant - Excluded,EXCLUDED,386,2025-11-21,285,246,0,246,0.863,0.0,36.7,36.7,LOW,0.0,0.0,0.0,0.0
36495820,AG6,Dormant - Excluded,EXCLUDED,387,2025-08-22,376,339,0,339,0.902,0.0,36.7,36.7,LOW,0.0,0.0,0.0,0.0
35843791,AG6,Dormant - Excluded,EXCLUDED,388,2025-07-21,408,349,0,349,0.855,0.0,36.7,36.7,LOW,0.0,0.0,0.0,0.0
35843982,AG6,Dormant - Excluded,EXCLUDED,389,2025-07-21,408,350,0,350,0.858,0.0,36.7,36.7,LOW,0.0,0.0,0.0,0.0
35087618,AG6,Dormant - Excluded,EXCLUDED,390,2025-06-24,435,359,0,359,0.825,0.0,36.7,36.7,LOW,0.0,0.0,0.0,0.0
34949880,AG6,Dormant - Excluded,EXCLUDED,391,2025-06-16,443,363,0,363,0.819,0.0,36.7,36.7,LOW,0.0,0.0,0.0,0.0
35481780,AG6,Dormant - Excluded,EXCLUDED,392,2025-07-08,421,353,0,353,0.838,0.0,36.6,36.6,LOW,0.0,0.0,0.0,0.0
35087854,AG6,Dormant - Excluded,EXCLUDED,393,2025-06-23,436,357,0,357,0.819,0.0,36.6,36.6,LOW,0.0,0.0,0.0,0.0
34748935,AG6,Dormant - Excluded,EXCLUDED,394,2025-06-05,454,363,0,363,0.8,0.0,36.6,36.6,LOW,0.0,0.0,0.0,0.0
34704057,AG6,Dormant - Excluded,EXCLUDED,395,2025-06-03,456,364,0,364,0.798,0.0,36.6,36.6,LOW,0.0,0.0,0.0,0.0
34704321,AG6,Dormant - Excluded,EXCLUDED,396,2025-06-03,456,364,0,364,0.798,0.0,36.6,36.6,LOW,0.0,0.0,0.0,0.0
39258852,AG6,Dormant - Excluded,EXCLUDED,397,2026-01-08,237,230,0,230,0.97,0.0,36.5,36.5,LOW,0.0,0.0,0.0,0.0
35087853,AG6,Dormant - Excluded,EXCLUDED,398,2025-06-23,436,355,0,355,0.814,0.0,36.5,36.5,LOW,0.0,0.0,0.0,0.0
34949570,AG6,Dormant - Excluded,EXCLUDED,399,2025-06-16,443,358,0,358,0.808,0.0,36.5,36.5,LOW,0.0,0.0,0.0,0.0
34703851,AG6,Dormant - Excluded,EXCLUDED,400,2025-06-03,456,361,0,361,0.792,0.0,36.5,36.5,LOW,0.0,0.0,0.0,0.0
33889849,AG6,Dormant - Excluded,EXCLUDED,401,2025-05-02,488,369,0,369,0.756,0.0,36.5,36.5,LOW,0.0,0.0,0.0,0.0
35706085,AG6,Dormant - Excluded,EXCLUDED,402,2025-07-16,413,347,0,347,0.84,0.0,36.4,36.4,LOW,0.0,0.0,0.0,0.0
35334474,AG6,Dormant - Excluded,EXCLUDED,403,2025-07-04,425,351,0,351,0.826,0.0,36.4,36.4,LOW,0.0,0.0,0.0,0.0
35087582,AG6,Dormant - Excluded,EXCLUDED,404,2025-06-23,436,354,0,354,0.812,0.0,36.4,36.4,LOW,0.0,0.0,0.0,0.0
35087692,AG6,Dormant - Excluded,EXCLUDED,405,2025-06-23,436,354,0,354,0.812,0.0,36.4,36.4,LOW,0.0,0.0,0.0,0.0
35087714,AG6,Dormant - Excluded,EXCLUDED,406,2025-06-23,436,354,0,354,0.812,0.0,36.4,36.4,LOW,0.0,0.0,0.0,0.0
34748916,AG6,Dormant - Excluded,EXCLUDED,407,2025-06-06,453,359,0,359,0.792,0.0,36.4,36.4,LOW,0.0,0.0,0.0,0.0
38142802,AG6,Dormant - Excluded,EXCLUDED,408,2025-11-21,285,243,0,243,0.853,0.0,36.3,36.3,LOW,0.0,0.0,0.0,0.0
35334480,AG6,Dormant - Excluded,EXCLUDED,409,2025-07-03,426,348,0,348,0.817,0.0,36.3,36.3,LOW,0.0,0.0,0.0,0.0
35287270,AG6,Dormant - Excluded,EXCLUDED,410,2025-07-01,428,349,0,349,0.815,0.0,36.3,36.3,LOW,0.0,0.0,0.0,0.0
34949472,AG6,Dormant - Excluded,EXCLUDED,411,2025-06-16,443,354,0,354,0.799,0.0,36.3,36.3,LOW,0.0,0.0,0.0,0.0
34611150,AG6,Dormant - Excluded,EXCLUDED,412,2025-05-31,459,358,0,358,0.78,0.0,36.3,36.3,LOW,0.0,0.0,0.0,0.0
41867173,AG6,Dormant - Excluded,EXCLUDED,413,2026-05-05,120,129,0,129,1.075,0.0,36.3,36.3,LOW,0.0,0.0,0.0,0.0
41096495,AG6,Dormant - Excluded,EXCLUDED,414,2026-04-02,153,145,0,145,0.948,0.0,36.3,36.3,LOW,0.0,0.0,0.0,0.0
35706386,AG6,Dormant - Excluded,EXCLUDED,415,2025-07-16,413,344,0,344,0.833,0.0,36.2,36.2,LOW,0.0,0.0,0.0,0.0
35481512,AG6,Dormant - Excluded,EXCLUDED,416,2025-07-08,421,346,0,346,0.822,0.0,36.2,36.2,LOW,0.0,0.0,0.0,0.0
39592485,AG6,Dormant - Excluded,EXCLUDED,417,2026-01-23,222,220,0,220,0.991,0.0,36.1,36.1,LOW,0.0,0.0,0.0,0.0
35844026,AG6,Dormant - Excluded,EXCLUDED,418,2025-07-21,408,340,0,340,0.833,0.0,36.1,36.1,LOW,0.0,0.0,0.0,0.0
34783371,AG6,Dormant - Excluded,EXCLUDED,419,2025-06-06,453,353,0,353,0.779,0.0,36.1,36.1,LOW,0.0,0.0,0.0,0.0
34630461,AG6,Dormant - Excluded,EXCLUDED,420,2025-05-31,459,354,0,354,0.771,0.0,36.1,36.1,LOW,0.0,0.0,0.0,0.0
35843367,AG6,Dormant - Excluded,EXCLUDED,421,2025-07-21,408,339,0,339,0.831,0.0,36.0,36.0,LOW,0.0,0.0,0.0,0.0
35844082,AG6,Dormant - Excluded,EXCLUDED,422,2025-07-21,408,339,0,339,0.831,0.0,36.0,36.0,LOW,0.0,0.0,0.0,0.0
34949779,AG6,Dormant - Excluded,EXCLUDED,423,2025-06-16,443,348,0,348,0.786,0.0,36.0,36.0,LOW,0.0,0.0,0.0,0.0
34726141,AG6,Dormant - Excluded,EXCLUDED,424,2025-06-04,455,351,0,351,0.771,0.0,36.0,36.0,LOW,0.0,0.0,0.0,0.0
39047651,AG6,Dormant - Excluded,EXCLUDED,425,2025-12-30,246,226,0,226,0.919,0.0,35.8,35.8,LOW,0.0,0.0,0.0,0.0
35287161,AG6,Dormant - Excluded,EXCLUDED,426,2025-07-01,428,341,0,341,0.797,0.0,35.8,35.8,LOW,0.0,0.0,0.0,0.0
34703809,AG6,Dormant - Excluded,EXCLUDED,427,2025-06-03,456,348,0,348,0.763,0.0,35.8,35.8,LOW,0.0,0.0,0.0,0.0
35087635,AG6,Dormant - Excluded,EXCLUDED,428,2025-06-23,436,342,0,342,0.784,0.0,35.7,35.7,LOW,0.0,0.0,0.0,0.0
34949600,AG6,Dormant - Excluded,EXCLUDED,429,2025-06-16,443,343,0,343,0.774,0.0,35.7,35.7,LOW,0.0,0.0,0.0,0.0
34949840,AG6,Dormant - Excluded,EXCLUDED,430,2025-06-16,443,343,0,343,0.774,0.0,35.7,35.7,LOW,0.0,0.0,0.0,0.0
34838037,AG6,Dormant - Excluded,EXCLUDED,431,2025-06-11,448,345,0,345,0.77,0.0,35.7,35.7,LOW,0.0,0.0,0.0,0.0
34611123,AG6,Dormant - Excluded,EXCLUDED,432,2025-05-31,459,347,0,347,0.756,0.0,35.7,35.7,LOW,0.0,0.0,0.0,0.0
34704064,AG6,Dormant - Excluded,EXCLUDED,433,2025-06-03,456,347,0,347,0.761,0.0,35.7,35.7,LOW,0.0,0.0,0.0,0.0
33809316,AG6,Dormant - Excluded,EXCLUDED,434,2025-04-26,494,355,0,355,0.719,0.0,35.7,35.7,LOW,0.0,0.0,0.0,0.0
35844024,AG6,Dormant - Excluded,EXCLUDED,435,2025-07-21,408,333,0,333,0.816,0.0,35.6,35.6,LOW,0.0,0.0,0.0,0.0
35087688,AG6,Dormant - Excluded,EXCLUDED,436,2025-06-23,436,339,0,339,0.778,0.0,35.6,35.6,LOW,0.0,0.0,0.0,0.0
35287200,AG6,Dormant - Excluded,EXCLUDED,437,2025-07-01,428,339,0,339,0.792,0.0,35.6,35.6,LOW,0.0,0.0,0.0,0.0
34846807,AG6,Dormant - Excluded,EXCLUDED,438,2025-06-11,448,342,0,342,0.763,0.0,35.6,35.6,LOW,0.0,0.0,0.0,0.0
34846817,AG6,Dormant - Excluded,EXCLUDED,439,2025-06-11,448,342,0,342,0.763,0.0,35.6,35.6,LOW,0.0,0.0,0.0,0.0
34714107,AG6,Dormant - Excluded,EXCLUDED,440,2025-06-03,456,344,0,344,0.754,0.0,35.6,35.6,LOW,0.0,0.0,0.0,0.0
34630444,AG6,Dormant - Excluded,EXCLUDED,441,2025-05-31,459,345,0,345,0.752,0.0,35.6,35.6,LOW,0.0,0.0,0.0,0.0
39258875,AG6,Dormant - Excluded,EXCLUDED,442,2026-01-09,236,219,0,219,0.928,0.0,35.5,35.5,LOW,0.0,0.0,0.0,0.0
34611042,AG6,Dormant - Excluded,EXCLUDED,443,2025-05-30,460,344,0,344,0.748,0.0,35.5,35.5,LOW,0.0,0.0,0.0,0.0
34611094,AG6,Dormant - Excluded,EXCLUDED,444,2025-05-30,460,344,0,344,0.748,0.0,35.5,35.5,LOW,0.0,0.0,0.0,0.0
34611165,AG6,Dormant - Excluded,EXCLUDED,445,2025-05-30,460,344,0,344,0.748,0.0,35.5,35.5,LOW,0.0,0.0,0.0,0.0
41096489,AG6,Dormant - Excluded,EXCLUDED,446,2026-04-02,153,138,0,138,0.902,0.0,35.5,35.5,LOW,0.0,0.0,0.0,0.0
36495803,AG6,Dormant - Excluded,EXCLUDED,447,2025-08-22,376,317,0,317,0.843,0.0,35.4,35.4,LOW,0.0,0.0,0.0,0.0
35843553,AG6,Dormant - Excluded,EXCLUDED,448,2025-07-20,409,331,0,331,0.809,0.0,35.4,35.4,LOW,0.0,0.0,0.0,0.0
35087848,AG6,Dormant - Excluded,EXCLUDED,449,2025-06-23,436,337,0,337,0.773,0.0,35.4,35.4,LOW,0.0,0.0,0.0,0.0
33889853,AG6,Dormant - Excluded,EXCLUDED,450,2025-05-02,488,350,0,350,0.717,0.0,35.4,35.4,LOW,0.0,0.0,0.0,0.0
39047664,AG6,Dormant - Excluded,EXCLUDED,451,2025-12-30,246,221,0,221,0.898,0.0,35.3,35.3,LOW,0.0,0.0,0.0,0.0
35706205,AG6,Dormant - Excluded,EXCLUDED,452,2025-07-16,413,328,0,328,0.794,0.0,35.3,35.3,LOW,0.0,0.0,0.0,0.0
34846815,AG6,Dormant - Excluded,EXCLUDED,453,2025-06-11,448,338,0,338,0.754,0.0,35.3,35.3,LOW,0.0,0.0,0.0,0.0
34783322,AG6,Dormant - Excluded,EXCLUDED,454,2025-06-07,452,339,0,339,0.75,0.0,35.3,35.3,LOW,0.0,0.0,0.0,0.0
34801214,AG6,Dormant - Excluded,EXCLUDED,455,2025-06-09,450,339,0,339,0.753,0.0,35.3,35.3,LOW,0.0,0.0,0.0,0.0
34630448,AG6,Dormant - Excluded,EXCLUDED,456,2025-05-31,459,340,0,340,0.741,0.0,35.3,35.3,LOW,0.0,0.0,0.0,0.0
33845175,AG6,Dormant - Excluded,EXCLUDED,457,2025-04-29,491,349,0,349,0.711,0.0,35.3,35.3,LOW,0.0,0.0,0.0,0.0
35843780,AG6,Dormant - Excluded,EXCLUDED,458,2025-07-21,408,326,0,326,0.799,0.0,35.2,35.2,LOW,0.0,0.0,0.0,0.0
35287171,AG6,Dormant - Excluded,EXCLUDED,459,2025-07-01,428,331,0,331,0.773,0.0,35.2,35.2,LOW,0.0,0.0,0.0,0.0
35087559,AG6,Dormant - Excluded,EXCLUDED,460,2025-06-23,436,333,0,333,0.764,0.0,35.2,35.2,LOW,0.0,0.0,0.0,0.0
34704207,AG6,Dormant - Excluded,EXCLUDED,461,2025-06-03,456,338,0,338,0.741,0.0,35.2,35.2,LOW,0.0,0.0,0.0,0.0
34704235,AG6,Dormant - Excluded,EXCLUDED,462,2025-06-04,455,338,0,338,0.743,0.0,35.2,35.2,LOW,0.0,0.0,0.0,0.0
34801236,AG6,Dormant - Excluded,EXCLUDED,463,2025-06-09,450,338,0,338,0.751,0.0,35.2,35.2,LOW,0.0,0.0,0.0,0.0
35706139,AG6,Dormant - Excluded,EXCLUDED,464,2025-07-16,413,325,0,325,0.787,0.0,35.1,35.1,LOW,0.0,0.0,0.0,0.0
34801151,AG6,Dormant - Excluded,EXCLUDED,465,2025-06-09,450,334,0,334,0.742,0.0,35.1,35.1,LOW,0.0,0.0,0.0,0.0
41096506,AG6,Dormant - Excluded,EXCLUDED,466,2026-04-02,153,135,0,135,0.882,0.0,35.1,35.1,LOW,0.0,0.0,0.0,0.0
35844136,AG6,Dormant - Excluded,EXCLUDED,467,2025-07-21,408,322,0,322,0.789,0.0,35.0,35.0,LOW,0.0,0.0,0.0,0.0
35087772,AG6,Dormant - Excluded,EXCLUDED,468,2025-06-24,435,328,0,328,0.754,0.0,35.0,35.0,LOW,0.0,0.0,0.0,0.0
34838067,AG6,Dormant - Excluded,EXCLUDED,469,2025-06-11,448,333,0,333,0.743,0.0,35.0,35.0,LOW,0.0,0.0,0.0,0.0
34871060,AG6,Dormant - Excluded,EXCLUDED,470,2025-06-12,447,333,0,333,0.745,0.0,35.0,35.0,LOW,0.0,0.0,0.0,0.0
34611045,AG6,Dormant - Excluded,EXCLUDED,471,2025-05-30,460,336,0,336,0.73,0.0,35.0,35.0,LOW,0.0,0.0,0.0,0.0
36603230,AG6,Dormant - Excluded,EXCLUDED,472,2025-08-26,372,309,0,309,0.831,0.0,34.9,34.9,LOW,0.0,0.0,0.0,0.0
36495811,AG6,Dormant - Excluded,EXCLUDED,473,2025-08-22,376,311,0,311,0.827,0.0,34.9,34.9,LOW,0.0,0.0,0.0,0.0
34838036,AG6,Dormant - Excluded,EXCLUDED,474,2025-06-10,449,331,0,331,0.737,0.0,34.9,34.9,LOW,0.0,0.0,0.0,0.0
34792201,AG6,Dormant - Excluded,EXCLUDED,475,2025-06-07,452,332,0,332,0.735,0.0,34.9,34.9,LOW,0.0,0.0,0.0,0.0
34846825,AG6,Dormant - Excluded,EXCLUDED,476,2025-06-10,449,332,0,332,0.739,0.0,34.9,34.9,LOW,0.0,0.0,0.0,0.0
34704085,AG6,Dormant - Excluded,EXCLUDED,477,2025-06-03,456,333,0,333,0.73,0.0,34.9,34.9,LOW,0.0,0.0,0.0,0.0
34704238,AG6,Dormant - Excluded,EXCLUDED,478,2025-06-03,456,333,0,333,0.73,0.0,34.9,34.9,LOW,0.0,0.0,0.0,0.0
40564940,AG6,Dormant - Excluded,EXCLUDED,479,2026-03-10,176,143,0,143,0.812,0.0,34.9,34.9,LOW,0.0,0.0,0.0,0.0
35843998,AG6,Dormant - Excluded,EXCLUDED,480,2025-07-21,408,317,0,317,0.777,0.0,34.8,34.8,LOW,0.0,0.0,0.0,0.0
35334265,AG6,Dormant - Excluded,EXCLUDED,481,2025-07-04,425,322,0,322,0.758,0.0,34.8,34.8,LOW,0.0,0.0,0.0,0.0
34714115,AG6,Dormant - Excluded,EXCLUDED,482,2025-06-03,456,332,0,332,0.728,0.0,34.8,34.8,LOW,0.0,0.0,0.0,0.0
41867183,AG6,Dormant - Excluded,EXCLUDED,483,2026-05-05,120,118,0,118,0.983,0.0,34.8,34.8,LOW,0.0,0.0,0.0,0.0
39047650,AG6,Dormant - Excluded,EXCLUDED,484,2025-12-30,246,215,0,215,0.874,0.0,34.7,34.7,LOW,0.0,0.0,0.0,0.0
38142800,AG6,Dormant - Excluded,EXCLUDED,485,2025-11-21,285,227,0,227,0.796,0.0,34.7,34.7,LOW,0.0,0.0,0.0,0.0
35706191,AG6,Dormant - Excluded,EXCLUDED,486,2025-07-16,413,316,0,316,0.765,0.0,34.7,34.7,LOW,0.0,0.0,0.0,0.0
34846850,AG6,Dormant - Excluded,EXCLUDED,487,2025-06-11,448,328,0,328,0.732,0.0,34.7,34.7,LOW,0.0,0.0,0.0,0.0
34703782,AG6,Dormant - Excluded,EXCLUDED,488,2025-06-03,456,330,0,330,0.724,0.0,34.7,34.7,LOW,0.0,0.0,0.0,0.0
34801203,AG6,Dormant - Excluded,EXCLUDED,489,2025-06-07,452,330,0,330,0.73,0.0,34.7,34.7,LOW,0.0,0.0,0.0,0.0
34846853,AG6,Dormant - Excluded,EXCLUDED,490,2025-06-11,448,326,0,326,0.728,0.0,34.6,34.6,LOW,0.0,0.0,0.0,0.0
34714098,AG6,Dormant - Excluded,EXCLUDED,491,2025-06-03,456,328,0,328,0.719,0.0,34.6,34.6,LOW,0.0,0.0,0.0,0.0
39749669,AG6,Dormant - Excluded,EXCLUDED,492,2026-01-31,214,204,0,204,0.953,0.0,34.5,34.5,LOW,0.0,0.0,0.0,0.0
39587450,AG6,Dormant - Excluded,EXCLUDED,493,2026-01-23,222,207,0,207,0.932,0.0,34.5,34.5,LOW,0.0,0.0,0.0,0.0
35843635,AG6,Dormant - Excluded,EXCLUDED,494,2025-07-20,409,312,0,312,0.763,0.0,34.5,34.5,LOW,0.0,0.0,0.0,0.0
35843974,AG6,Dormant - Excluded,EXCLUDED,495,2025-07-21,408,312,0,312,0.765,0.0,34.5,34.5,LOW,0.0,0.0,0.0,0.0
35705861,AG6,Dormant - Excluded,EXCLUDED,496,2025-07-16,413,314,0,314,0.76,0.0,34.5,34.5,LOW,0.0,0.0,0.0,0.0
34726140,AG6,Dormant - Excluded,EXCLUDED,497,2025-06-04,455,326,0,326,0.716,0.0,34.5,34.5,LOW,0.0,0.0,0.0,0.0
34630375,AG6,Dormant - Excluded,EXCLUDED,498,2025-05-31,459,327,0,327,0.712,0.0,34.5,34.5,LOW,0.0,0.0,0.0,0.0
34714088,AG6,Dormant - Excluded,EXCLUDED,499,2025-06-03,456,327,0,327,0.717,0.0,34.5,34.5,LOW,0.0,0.0,0.0,0.0
40564938,AG6,Dormant - Excluded,EXCLUDED,500,2026-03-10,176,139,0,139,0.79,0.0,34.5,34.5,LOW,0.0,0.0,0.0,0.0
36804970,AG6,Dormant - Excluded,EXCLUDED,501,2025-09-06,361,242,0,242,0.67,0.0,34.4,34.4,LOW,0.0,0.0,0.0,0.0
35334681,AG6,Dormant - Excluded,EXCLUDED,502,2025-07-03,426,315,0,315,0.739,0.0,34.4,34.4,LOW,0.0,0.0,0.0,0.0
34949592,AG6,Dormant - Excluded,EXCLUDED,503,2025-06-16,443,320,0,320,0.722,0.0,34.4,34.4,LOW,0.0,0.0,0.0,0.0
34714104,AG6,Dormant - Excluded,EXCLUDED,504,2025-06-03,456,325,0,325,0.713,0.0,34.4,34.4,LOW,0.0,0.0,0.0,0.0
33809284,AG6,Dormant - Excluded,EXCLUDED,505,2025-04-26,494,337,0,337,0.682,0.0,34.4,34.4,LOW,0.0,0.0,0.0,0.0
35286887,AG6,Dormant - Excluded,EXCLUDED,506,2025-07-01,428,315,0,315,0.736,0.0,34.3,34.3,LOW,0.0,0.0,0.0,0.0
35087360,AG6,Dormant - Excluded,EXCLUDED,507,2025-06-23,436,317,0,317,0.727,0.0,34.3,34.3,LOW,0.0,0.0,0.0,0.0
34949290,AG6,Dormant - Excluded,EXCLUDED,508,2025-06-16,443,319,0,319,0.72,0.0,34.3,34.3,LOW,0.0,0.0,0.0,0.0
34703991,AG6,Dormant - Excluded,EXCLUDED,509,2025-06-03,456,323,0,323,0.708,0.0,34.3,34.3,LOW,0.0,0.0,0.0,0.0
34704049,AG6,Dormant - Excluded,EXCLUDED,510,2025-06-03,456,323,0,323,0.708,0.0,34.3,34.3,LOW,0.0,0.0,0.0,0.0
34726138,AG6,Dormant - Excluded,EXCLUDED,511,2025-06-04,455,323,0,323,0.71,0.0,34.3,34.3,LOW,0.0,0.0,0.0,0.0
34726133,AG6,Dormant - Excluded,EXCLUDED,512,2025-06-04,455,324,0,324,0.712,0.0,34.3,34.3,LOW,0.0,0.0,0.0,0.0
34949821,AG6,Dormant - Excluded,EXCLUDED,513,2025-06-16,443,317,0,317,0.716,0.0,34.2,34.2,LOW,0.0,0.0,0.0,0.0
34871015,AG6,Dormant - Excluded,EXCLUDED,514,2025-06-12,447,318,0,318,0.711,0.0,34.2,34.2,LOW,0.0,0.0,0.0,0.0
34783227,AG6,Dormant - Excluded,EXCLUDED,515,2025-06-06,453,321,0,321,0.709,0.0,34.2,34.2,LOW,0.0,0.0,0.0,0.0
35287182,AG6,Dormant - Excluded,EXCLUDED,516,2025-07-01,428,312,0,312,0.729,0.0,34.1,34.1,LOW,0.0,0.0,0.0,0.0
34704210,AG6,Dormant - Excluded,EXCLUDED,517,2025-06-03,456,319,0,319,0.7,0.0,34.1,34.1,LOW,0.0,0.0,0.0,0.0
34714117,AG6,Dormant - Excluded,EXCLUDED,518,2025-06-04,455,319,0,319,0.701,0.0,34.1,34.1,LOW,0.0,0.0,0.0,0.0
34703962,AG6,Dormant - Excluded,EXCLUDED,519,2025-06-03,456,320,0,320,0.702,0.0,34.1,34.1,LOW,0.0,0.0,0.0,0.0
34630453,AG6,Dormant - Excluded,EXCLUDED,520,2025-05-31,459,322,0,322,0.702,0.0,34.1,34.1,LOW,0.0,0.0,0.0,0.0
41096496,AG6,Dormant - Excluded,EXCLUDED,521,2026-04-02,153,128,0,128,0.837,0.0,34.1,34.1,LOW,0.0,0.0,0.0,0.0
36603267,AG6,Dormant - Excluded,EXCLUDED,522,2025-08-26,372,294,0,294,0.79,0.0,34.0,34.0,LOW,0.0,0.0,0.0,0.0
35706116,AG6,Dormant - Excluded,EXCLUDED,523,2025-07-16,413,306,0,306,0.741,0.0,34.0,34.0,LOW,0.0,0.0,0.0,0.0
34949651,AG6,Dormant - Excluded,EXCLUDED,524,2025-06-16,443,313,0,313,0.707,0.0,33.9,33.9,LOW,0.0,0.0,0.0,0.0
34726076,AG6,Dormant - Excluded,EXCLUDED,525,2025-06-04,455,316,0,316,0.695,0.0,33.9,33.9,LOW,0.0,0.0,0.0,0.0
34801167,AG6,Dormant - Excluded,EXCLUDED,526,2025-06-07,452,316,0,316,0.699,0.0,33.9,33.9,LOW,0.0,0.0,0.0,0.0
35843750,AG6,Dormant - Excluded,EXCLUDED,527,2025-07-21,408,301,0,301,0.738,0.0,33.8,33.8,LOW,0.0,0.0,0.0,0.0
34846806,AG6,Dormant - Excluded,EXCLUDED,528,2025-06-11,448,313,0,313,0.699,0.0,33.8,33.8,LOW,0.0,0.0,0.0,0.0
34703941,AG6,Dormant - Excluded,EXCLUDED,529,2025-06-03,456,314,0,314,0.689,0.0,33.8,33.8,LOW,0.0,0.0,0.0,0.0
34714100,AG6,Dormant - Excluded,EXCLUDED,530,2025-06-03,456,315,0,315,0.691,0.0,33.8,33.8,LOW,0.0,0.0,0.0,0.0
36804977,AG6,Dormant - Excluded,EXCLUDED,531,2025-09-06,361,235,0,235,0.651,0.0,33.7,33.7,LOW,0.0,0.0,0.0,0.0
35843466,AG6,Dormant - Excluded,EXCLUDED,532,2025-07-21,408,300,0,300,0.735,0.0,33.7,33.7,LOW,0.0,0.0,0.0,0.0
35843973,AG6,Dormant - Excluded,EXCLUDED,533,2025-07-21,408,300,0,300,0.735,0.0,33.7,33.7,LOW,0.0,0.0,0.0,0.0
34792348,AG6,Dormant - Excluded,EXCLUDED,534,2025-06-10,449,311,0,311,0.693,0.0,33.7,33.7,LOW,0.0,0.0,0.0,0.0
35481329,AG6,Dormant - Excluded,EXCLUDED,535,2025-07-08,421,302,0,302,0.717,0.0,33.6,33.6,LOW,0.0,0.0,0.0,0.0
35087606,AG6,Dormant - Excluded,EXCLUDED,536,2025-06-23,436,306,0,306,0.702,0.0,33.6,33.6,LOW,0.0,0.0,0.0,0.0
34838066,AG6,Dormant - Excluded,EXCLUDED,537,2025-06-11,448,309,0,309,0.69,0.0,33.6,33.6,LOW,0.0,0.0,0.0,0.0
34714166,AG6,Dormant - Excluded,EXCLUDED,538,2025-06-04,455,311,0,311,0.684,0.0,33.6,33.6,LOW,0.0,0.0,0.0,0.0
35843801,AG6,Dormant - Excluded,EXCLUDED,539,2025-07-21,408,296,0,296,0.725,0.0,33.5,33.5,LOW,0.0,0.0,0.0,0.0
35334284,AG6,Dormant - Excluded,EXCLUDED,540,2025-07-03,426,302,0,302,0.709,0.0,33.5,33.5,LOW,0.0,0.0,0.0,0.0
34846726,AG6,Dormant - Excluded,EXCLUDED,541,2025-06-11,448,308,0,308,0.688,0.0,33.5,33.5,LOW,0.0,0.0,0.0,0.0
34825519,AG6,Dormant - Excluded,EXCLUDED,542,2025-06-10,449,309,0,309,0.688,0.0,33.5,33.5,LOW,0.0,0.0,0.0,0.0
34703983,AG6,Dormant - Excluded,EXCLUDED,543,2025-06-03,456,310,0,310,0.68,0.0,33.5,33.5,LOW,0.0,0.0,0.0,0.0
34714091,AG6,Dormant - Excluded,EXCLUDED,544,2025-06-03,456,310,0,310,0.68,0.0,33.5,33.5,LOW,0.0,0.0,0.0,0.0
34801207,AG6,Dormant - Excluded,EXCLUDED,545,2025-06-07,452,310,0,310,0.686,0.0,33.5,33.5,LOW,0.0,0.0,0.0,0.0
41096507,AG6,Dormant - Excluded,EXCLUDED,546,2026-04-02,153,124,0,124,0.81,0.0,33.5,33.5,LOW,0.0,0.0,0.0,0.0
40564936,AG6,Dormant - Excluded,EXCLUDED,547,2026-03-10,176,130,0,130,0.739,0.0,33.5,33.5,LOW,0.0,0.0,0.0,0.0
39587712,AG6,Dormant - Excluded,EXCLUDED,548,2026-01-23,222,198,0,198,0.892,0.0,33.5,33.5,LOW,0.0,0.0,0.0,0.0
36603180,AG6,Dormant - Excluded,EXCLUDED,549,2025-08-26,372,286,0,286,0.769,0.0,33.4,33.4,LOW,0.0,0.0,0.0,0.0
35843838,AG6,Dormant - Excluded,EXCLUDED,550,2025-07-21,408,295,0,295,0.723,0.0,33.4,33.4,LOW,0.0,0.0,0.0,0.0
35481773,AG6,Dormant - Excluded,EXCLUDED,551,2025-07-08,421,300,0,300,0.713,0.0,33.4,33.4,LOW,0.0,0.0,0.0,0.0
34949953,AG6,Dormant - Excluded,EXCLUDED,552,2025-06-16,443,305,0,305,0.688,0.0,33.4,33.4,LOW,0.0,0.0,0.0,0.0
34871058,AG6,Dormant - Excluded,EXCLUDED,553,2025-06-12,447,306,0,306,0.685,0.0,33.4,33.4,LOW,0.0,0.0,0.0,0.0
34704164,AG6,Dormant - Excluded,EXCLUDED,554,2025-06-03,456,308,0,308,0.675,0.0,33.4,33.4,LOW,0.0,0.0,0.0,0.0
35843481,AG6,Dormant - Excluded,EXCLUDED,555,2025-07-20,409,294,0,294,0.719,0.0,33.3,33.3,LOW,0.0,0.0,0.0,0.0
35087424,AG6,Dormant - Excluded,EXCLUDED,556,2025-06-23,436,302,0,302,0.693,0.0,33.3,33.3,LOW,0.0,0.0,0.0,0.0
34949782,AG6,Dormant - Excluded,EXCLUDED,557,2025-06-16,443,304,0,304,0.686,0.0,33.3,33.3,LOW,0.0,0.0,0.0,0.0
34714052,AG6,Dormant - Excluded,EXCLUDED,558,2025-06-03,456,307,0,307,0.673,0.0,33.3,33.3,LOW,0.0,0.0,0.0,0.0
34714094,AG6,Dormant - Excluded,EXCLUDED,559,2025-06-03,456,307,0,307,0.673,0.0,33.3,33.3,LOW,0.0,0.0,0.0,0.0
36225639,AG6,Dormant - Excluded,EXCLUDED,560,2025-08-05,393,288,0,288,0.733,0.0,33.2,33.2,LOW,0.0,0.0,0.0,0.0
35844245,AG6,Dormant - Excluded,EXCLUDED,561,2025-07-21,408,293,0,293,0.718,0.0,33.2,33.2,LOW,0.0,0.0,0.0,0.0
34846778,AG6,Dormant - Excluded,EXCLUDED,562,2025-06-10,449,303,0,303,0.675,0.0,33.2,33.2,LOW,0.0,0.0,0.0,0.0
34783327,AG6,Dormant - Excluded,EXCLUDED,563,2025-06-06,453,305,0,305,0.673,0.0,33.2,33.2,LOW,0.0,0.0,0.0,0.0
34801187,AG6,Dormant - Excluded,EXCLUDED,564,2025-06-07,452,305,0,305,0.675,0.0,33.2,33.2,LOW,0.0,0.0,0.0,0.0
34704262,AG6,Dormant - Excluded,EXCLUDED,565,2025-06-03,456,306,0,306,0.671,0.0,33.2,33.2,LOW,0.0,0.0,0.0,0.0
33809311,AG6,Dormant - Excluded,EXCLUDED,566,2025-04-26,494,316,0,316,0.64,0.0,33.2,33.2,LOW,0.0,0.0,0.0,0.0
35843757,AG6,Dormant - Excluded,EXCLUDED,567,2025-07-20,409,292,0,292,0.714,0.0,33.1,33.1,LOW,0.0,0.0,0.0,0.0
34949510,AG6,Dormant - Excluded,EXCLUDED,568,2025-06-16,443,300,0,300,0.677,0.0,33.1,33.1,LOW,0.0,0.0,0.0,0.0
35706071,AG6,Dormant - Excluded,EXCLUDED,569,2025-07-16,413,292,0,292,0.707,0.0,33.0,33.0,LOW,0.0,0.0,0.0,0.0
35481458,AG6,Dormant - Excluded,EXCLUDED,570,2025-07-08,421,294,0,294,0.698,0.0,33.0,33.0,LOW,0.0,0.0,0.0,0.0
34849457,AG6,Dormant - Excluded,EXCLUDED,571,2025-06-11,448,301,0,301,0.672,0.0,33.0,33.0,LOW,0.0,0.0,0.0,0.0
34783244,AG6,Dormant - Excluded,EXCLUDED,572,2025-06-06,453,302,0,302,0.667,0.0,33.0,33.0,LOW,0.0,0.0,0.0,0.0
39749622,AG6,Dormant - Excluded,EXCLUDED,573,2026-01-31,214,192,0,192,0.897,0.0,33.0,33.0,LOW,0.0,0.0,0.0,0.0
35334366,AG6,Dormant - Excluded,EXCLUDED,574,2025-07-04,425,293,0,293,0.689,0.0,32.9,32.9,LOW,0.0,0.0,0.0,0.0
34801138,AG6,Dormant - Excluded,EXCLUDED,575,2025-06-09,450,301,0,301,0.669,0.0,32.9,32.9,LOW,0.0,0.0,0.0,0.0
34703922,AG6,Dormant - Excluded,EXCLUDED,576,2025-06-03,456,302,0,302,0.662,0.0,32.9,32.9,LOW,0.0,0.0,0.0,0.0
35087536,AG6,Dormant - Excluded,EXCLUDED,577,2025-06-23,436,294,0,294,0.674,0.0,32.8,32.8,LOW,0.0,0.0,0.0,0.0
35087828,AG6,Dormant - Excluded,EXCLUDED,578,2025-06-23,436,294,0,294,0.674,0.0,32.8,32.8,LOW,0.0,0.0,0.0,0.0
34949645,AG6,Dormant - Excluded,EXCLUDED,579,2025-06-16,443,297,0,297,0.67,0.0,32.8,32.8,LOW,0.0,0.0,0.0,0.0
34838048,AG6,Dormant - Excluded,EXCLUDED,580,2025-06-11,448,298,0,298,0.665,0.0,32.8,32.8,LOW,0.0,0.0,0.0,0.0
34846886,AG6,Dormant - Excluded,EXCLUDED,581,2025-06-11,448,299,0,299,0.667,0.0,32.8,32.8,LOW,0.0,0.0,0.0,0.0
34630367,AG6,Dormant - Excluded,EXCLUDED,582,2025-05-31,459,301,0,301,0.656,0.0,32.8,32.8,LOW,0.0,0.0,0.0,0.0
33798192,AG6,Dormant - Excluded,EXCLUDED,583,2025-04-26,494,310,0,310,0.628,0.0,32.8,32.8,LOW,0.0,0.0,0.0,0.0
40564934,AG6,Dormant - Excluded,EXCLUDED,584,2026-03-10,176,126,0,126,0.716,0.0,32.8,32.8,LOW,0.0,0.0,0.0,0.0
39587485,AG6,Dormant - Excluded,EXCLUDED,585,2026-01-23,222,192,0,192,0.865,0.0,32.8,32.8,LOW,0.0,0.0,0.0,0.0
36225580,AG6,Dormant - Excluded,EXCLUDED,586,2025-08-06,392,281,0,281,0.717,0.0,32.7,32.7,LOW,0.0,0.0,0.0,0.0
35843786,AG6,Dormant - Excluded,EXCLUDED,587,2025-07-21,408,287,0,287,0.703,0.0,32.7,32.7,LOW,0.0,0.0,0.0,0.0
35334696,AG6,Dormant - Excluded,EXCLUDED,588,2025-07-03,426,291,0,291,0.683,0.0,32.7,32.7,LOW,0.0,0.0,0.0,0.0
34801358,AG6,Dormant - Excluded,EXCLUDED,589,2025-06-09,450,297,0,297,0.66,0.0,32.7,32.7,LOW,0.0,0.0,0.0,0.0
34846835,AG6,Dormant - Excluded,EXCLUDED,590,2025-06-10,449,297,0,297,0.661,0.0,32.7,32.7,LOW,0.0,0.0,0.0,0.0
34846788,AG6,Dormant - Excluded,EXCLUDED,591,2025-06-11,448,297,0,297,0.663,0.0,32.7,32.7,LOW,0.0,0.0,0.0,0.0
34714093,AG6,Dormant - Excluded,EXCLUDED,592,2025-06-03,456,299,0,299,0.656,0.0,32.7,32.7,LOW,0.0,0.0,0.0,0.0
34704198,AG6,Dormant - Excluded,EXCLUDED,593,2025-06-03,456,300,0,300,0.658,0.0,32.7,32.7,LOW,0.0,0.0,0.0,0.0
40564930,AG6,Dormant - Excluded,EXCLUDED,594,2026-03-10,176,125,0,125,0.71,0.0,32.7,32.7,LOW,0.0,0.0,0.0,0.0
35087349,AG6,Dormant - Excluded,EXCLUDED,595,2025-06-23,436,292,0,292,0.67,0.0,32.6,32.6,LOW,0.0,0.0,0.0,0.0
34801158,AG6,Dormant - Excluded,EXCLUDED,596,2025-06-09,450,296,0,296,0.658,0.0,32.6,32.6,LOW,0.0,0.0,0.0,0.0
36253962,AG6,Dormant - Excluded,EXCLUDED,597,2025-08-06,392,279,0,279,0.712,0.0,32.5,32.5,LOW,0.0,0.0,0.0,0.0
34949590,AG6,Dormant - Excluded,EXCLUDED,598,2025-06-16,443,293,0,293,0.661,0.0,32.5,32.5,LOW,0.0,0.0,0.0,0.0
34714077,AG6,Dormant - Excluded,EXCLUDED,599,2025-06-04,455,295,0,295,0.648,0.0,32.5,32.5,LOW,0.0,0.0,0.0,0.0
35087495,AG6,Dormant - Excluded,EXCLUDED,600,2025-06-23,436,290,0,290,0.665,0.0,32.4,32.4,LOW,0.0,0.0,0.0,0.0
35087821,AG6,Dormant - Excluded,EXCLUDED,601,2025-06-23,436,290,0,290,0.665,0.0,32.4,32.4,LOW,0.0,0.0,0.0,0.0
34838053,AG6,Dormant - Excluded,EXCLUDED,602,2025-06-11,448,293,0,293,0.654,0.0,32.4,32.4,LOW,0.0,0.0,0.0,0.0
34792177,AG6,Dormant - Excluded,EXCLUDED,603,2025-06-06,453,294,0,294,0.649,0.0,32.4,32.4,LOW,0.0,0.0,0.0,0.0
36225678,AG6,Dormant - Excluded,EXCLUDED,604,2025-08-05,393,277,0,277,0.705,0.0,32.3,32.3,LOW,0.0,0.0,0.0,0.0
35843843,AG6,Dormant - Excluded,EXCLUDED,605,2025-07-21,408,280,0,280,0.686,0.0,32.3,32.3,LOW,0.0,0.0,0.0,0.0
34869068,AG6,Dormant - Excluded,EXCLUDED,606,2025-06-16,443,291,0,291,0.657,0.0,32.3,32.3,LOW,0.0,0.0,0.0,0.0
33798182,AG6,Dormant - Excluded,EXCLUDED,607,2025-04-26,494,302,0,302,0.611,0.0,32.3,32.3,LOW,0.0,0.0,0.0,0.0
33798191,AG6,Dormant - Excluded,EXCLUDED,608,2025-04-26,494,302,0,302,0.611,0.0,32.3,32.3,LOW,0.0,0.0,0.0,0.0
34838050,AG6,Dormant - Excluded,EXCLUDED,609,2025-06-11,448,289,0,289,0.645,0.0,32.2,32.2,LOW,0.0,0.0,0.0,0.0
34801231,AG6,Dormant - Excluded,EXCLUDED,610,2025-06-09,450,290,0,290,0.644,0.0,32.2,32.2,LOW,0.0,0.0,0.0,0.0
34846779,AG6,Dormant - Excluded,EXCLUDED,611,2025-06-11,448,290,0,290,0.647,0.0,32.2,32.2,LOW,0.0,0.0,0.0,0.0
34704202,AG6,Dormant - Excluded,EXCLUDED,612,2025-06-03,456,292,0,292,0.64,0.0,32.2,32.2,LOW,0.0,0.0,0.0,0.0
34726132,AG6,Dormant - Excluded,EXCLUDED,613,2025-06-04,455,292,0,292,0.642,0.0,32.2,32.2,LOW,0.0,0.0,0.0,0.0
33809323,AG6,Dormant - Excluded,EXCLUDED,614,2025-04-26,494,300,0,300,0.607,0.0,32.1,32.1,LOW,0.0,0.0,0.0,0.0
36225635,AG6,Dormant - Excluded,EXCLUDED,615,2025-08-05,393,272,0,272,0.692,0.0,32.0,32.0,LOW,0.0,0.0,0.0,0.0
35287059,AG6,Dormant - Excluded,EXCLUDED,616,2025-07-01,428,282,0,282,0.659,0.0,32.0,32.0,LOW,0.0,0.0,0.0,0.0
35087398,AG6,Dormant - Excluded,EXCLUDED,617,2025-06-23,436,285,0,285,0.654,0.0,32.0,32.0,LOW,0.0,0.0,0.0,0.0
34846770,AG6,Dormant - Excluded,EXCLUDED,618,2025-06-11,448,287,0,287,0.641,0.0,32.0,32.0,LOW,0.0,0.0,0.0,0.0
34801211,AG6,Dormant - Excluded,EXCLUDED,619,2025-06-07,452,288,0,288,0.637,0.0,32.0,32.0,LOW,0.0,0.0,0.0,0.0
34838039,AG6,Dormant - Excluded,EXCLUDED,620,2025-06-11,448,288,0,288,0.643,0.0,32.0,32.0,LOW,0.0,0.0,0.0,0.0
34783308,AG6,Dormant - Excluded,EXCLUDED,621,2025-06-07,452,289,0,289,0.639,0.0,32.0,32.0,LOW,0.0,0.0,0.0,0.0
34714096,AG6,Dormant - Excluded,EXCLUDED,622,2025-06-03,456,290,0,290,0.636,0.0,32.0,32.0,LOW,0.0,0.0,0.0,0.0
35843900,AG6,Dormant - Excluded,EXCLUDED,623,2025-07-21,408,275,0,275,0.674,0.0,31.9,31.9,LOW,0.0,0.0,0.0,0.0
35334623,AG6,Dormant - Excluded,EXCLUDED,624,2025-07-04,425,280,0,280,0.659,0.0,31.9,31.9,LOW,0.0,0.0,0.0,0.0
34949593,AG6,Dormant - Excluded,EXCLUDED,625,2025-06-16,443,285,0,285,0.643,0.0,31.9,31.9,LOW,0.0,0.0,0.0,0.0
34704138,AG6,Dormant - Excluded,EXCLUDED,626,2025-06-03,456,287,0,287,0.629,0.0,31.9,31.9,LOW,0.0,0.0,0.0,0.0
34726136,AG6,Dormant - Excluded,EXCLUDED,627,2025-06-04,455,287,0,287,0.631,0.0,31.9,31.9,LOW,0.0,0.0,0.0,0.0
34846780,AG6,Dormant - Excluded,EXCLUDED,628,2025-06-10,449,287,0,287,0.639,0.0,31.9,31.9,LOW,0.0,0.0,0.0,0.0
34611055,AG6,Dormant - Excluded,EXCLUDED,629,2025-05-30,460,289,0,289,0.628,0.0,31.9,31.9,LOW,0.0,0.0,0.0,0.0
35843928,AG6,Dormant - Excluded,EXCLUDED,630,2025-07-21,408,274,0,274,0.672,0.0,31.8,31.8,LOW,0.0,0.0,0.0,0.0
35087410,AG6,Dormant - Excluded,EXCLUDED,631,2025-06-23,436,281,0,281,0.644,0.0,31.8,31.8,LOW,0.0,0.0,0.0,0.0
35087490,AG6,Dormant - Excluded,EXCLUDED,632,2025-06-23,436,281,0,281,0.644,0.0,31.8,31.8,LOW,0.0,0.0,0.0,0.0
34846737,AG6,Dormant - Excluded,EXCLUDED,633,2025-06-11,448,285,0,285,0.636,0.0,31.8,31.8,LOW,0.0,0.0,0.0,0.0
34846822,AG6,Dormant - Excluded,EXCLUDED,634,2025-06-11,448,285,0,285,0.636,0.0,31.8,31.8,LOW,0.0,0.0,0.0,0.0
34704143,AG6,Dormant - Excluded,EXCLUDED,635,2025-06-03,456,286,0,286,0.627,0.0,31.8,31.8,LOW,0.0,0.0,0.0,0.0
35844108,AG6,Dormant - Excluded,EXCLUDED,636,2025-07-21,408,272,0,272,0.667,0.0,31.7,31.7,LOW,0.0,0.0,0.0,0.0
35843775,AG6,Dormant - Excluded,EXCLUDED,637,2025-07-21,408,273,0,273,0.669,0.0,31.7,31.7,LOW,0.0,0.0,0.0,0.0
34801217,AG6,Dormant - Excluded,EXCLUDED,638,2025-06-07,452,284,0,284,0.628,0.0,31.7,31.7,LOW,0.0,0.0,0.0,0.0
34704179,AG6,Dormant - Excluded,EXCLUDED,639,2025-06-03,456,285,0,285,0.625,0.0,31.7,31.7,LOW,0.0,0.0,0.0,0.0
39587679,AG6,Dormant - Excluded,EXCLUDED,640,2026-01-24,221,183,0,183,0.828,0.0,31.7,31.7,LOW,0.0,0.0,0.0,0.0
36225671,AG6,Dormant - Excluded,EXCLUDED,641,2025-08-06,392,267,0,267,0.681,0.0,31.6,31.6,LOW,0.0,0.0,0.0,0.0
34748960,AG6,Dormant - Excluded,EXCLUDED,642,2025-06-06,453,283,0,283,0.625,0.0,31.6,31.6,LOW,0.0,0.0,0.0,0.0
34783228,AG6,Dormant - Excluded,EXCLUDED,643,2025-06-06,453,283,0,283,0.625,0.0,31.6,31.6,LOW,0.0,0.0,0.0,0.0
34704367,AG6,Dormant - Excluded,EXCLUDED,644,2025-06-03,456,284,0,284,0.623,0.0,31.6,31.6,LOW,0.0,0.0,0.0,0.0
36225673,AG6,Dormant - Excluded,EXCLUDED,645,2025-08-05,393,266,0,266,0.677,0.0,31.5,31.5,LOW,0.0,0.0,0.0,0.0
34783271,AG6,Dormant - Excluded,EXCLUDED,646,2025-06-10,449,281,0,281,0.626,0.0,31.5,31.5,LOW,0.0,0.0,0.0,0.0
34704186,AG6,Dormant - Excluded,EXCLUDED,647,2025-06-03,456,282,0,282,0.618,0.0,31.5,31.5,LOW,0.0,0.0,0.0,0.0
34714112,AG6,Dormant - Excluded,EXCLUDED,648,2025-06-03,456,283,0,283,0.621,0.0,31.5,31.5,LOW,0.0,0.0,0.0,0.0
40564907,AG6,Dormant - Excluded,EXCLUDED,649,2026-03-10,176,117,0,117,0.665,0.0,31.5,31.5,LOW,0.0,0.0,0.0,0.0
35843971,AG6,Dormant - Excluded,EXCLUDED,650,2025-07-21,408,269,0,269,0.659,0.0,31.4,31.4,LOW,0.0,0.0,0.0,0.0
34949636,AG6,Dormant - Excluded,EXCLUDED,651,2025-06-16,443,277,0,277,0.625,0.0,31.4,31.4,LOW,0.0,0.0,0.0,0.0
34783326,AG6,Dormant - Excluded,EXCLUDED,652,2025-06-10,449,279,0,279,0.621,0.0,31.4,31.4,LOW,0.0,0.0,0.0,0.0
34838056,AG6,Dormant - Excluded,EXCLUDED,653,2025-06-11,448,279,0,279,0.623,0.0,31.4,31.4,LOW,0.0,0.0,0.0,0.0
35843651,AG6,Dormant - Excluded,EXCLUDED,654,2025-07-20,409,268,0,268,0.655,0.0,31.3,31.3,LOW,0.0,0.0,0.0,0.0
35481324,AG6,Dormant - Excluded,EXCLUDED,655,2025-07-08,421,271,0,271,0.644,0.0,31.3,31.3,LOW,0.0,0.0,0.0,0.0
34949317,AG6,Dormant - Excluded,EXCLUDED,656,2025-06-16,443,276,0,276,0.623,0.0,31.3,31.3,LOW,0.0,0.0,0.0,0.0
34846714,AG6,Dormant - Excluded,EXCLUDED,657,2025-06-11,448,277,0,277,0.618,0.0,31.3,31.3,LOW,0.0,0.0,0.0,0.0
34714086,AG6,Dormant - Excluded,EXCLUDED,658,2025-06-04,455,279,0,279,0.613,0.0,31.3,31.3,LOW,0.0,0.0,0.0,0.0
33809315,AG6,Dormant - Excluded,EXCLUDED,659,2025-04-26,494,289,0,289,0.585,0.0,31.3,31.3,LOW,0.0,0.0,0.0,0.0
40564924,AG6,Dormant - Excluded,EXCLUDED,660,2026-03-10,176,116,0,116,0.659,0.0,31.3,31.3,LOW,0.0,0.0,0.0,0.0
40564932,AG6,Dormant - Excluded,EXCLUDED,661,2026-03-10,176,116,0,116,0.659,0.0,31.3,31.3,LOW,0.0,0.0,0.0,0.0
35087426,AG6,Dormant - Excluded,EXCLUDED,662,2025-06-23,436,273,0,273,0.626,0.0,31.2,31.2,LOW,0.0,0.0,0.0,0.0
34838013,AG6,Dormant - Excluded,EXCLUDED,663,2025-06-11,448,276,0,276,0.616,0.0,31.2,31.2,LOW,0.0,0.0,0.0,0.0
34783272,AG6,Dormant - Excluded,EXCLUDED,664,2025-06-06,453,278,0,278,0.614,0.0,31.2,31.2,LOW,0.0,0.0,0.0,0.0
34704165,AG6,Dormant - Excluded,EXCLUDED,665,2025-06-03,456,279,0,279,0.612,0.0,31.2,31.2,LOW,0.0,0.0,0.0,0.0
35706084,AG6,Dormant - Excluded,EXCLUDED,666,2025-07-16,413,266,0,266,0.644,0.0,31.0,31.0,LOW,0.0,0.0,0.0,0.0
35706302,AG6,Dormant - Excluded,EXCLUDED,667,2025-07-16,413,266,0,266,0.644,0.0,31.0,31.0,LOW,0.0,0.0,0.0,0.0
34949561,AG6,Dormant - Excluded,EXCLUDED,668,2025-06-16,443,272,0,272,0.614,0.0,31.0,31.0,LOW,0.0,0.0,0.0,0.0
34704369,AG6,Dormant - Excluded,EXCLUDED,669,2025-06-03,456,276,0,276,0.605,0.0,31.0,31.0,LOW,0.0,0.0,0.0,0.0
35087918,AG6,Dormant - Excluded,EXCLUDED,670,2025-06-23,436,269,0,269,0.617,0.0,30.9,30.9,LOW,0.0,0.0,0.0,0.0
34703867,AG6,Dormant - Excluded,EXCLUDED,671,2025-06-03,456,273,0,273,0.599,0.0,30.9,30.9,LOW,0.0,0.0,0.0,0.0
34611082,AG6,Dormant - Excluded,EXCLUDED,672,2025-05-30,460,275,0,275,0.598,0.0,30.9,30.9,LOW,0.0,0.0,0.0,0.0
36804983,AG6,Dormant - Excluded,EXCLUDED,673,2025-09-06,361,209,0,209,0.579,0.0,30.8,30.8,LOW,0.0,0.0,0.0,0.0
36225638,AG6,Dormant - Excluded,EXCLUDED,674,2025-08-05,393,260,0,260,0.662,0.0,30.8,30.8,LOW,0.0,0.0,0.0,0.0
35843254,AG6,Dormant - Excluded,EXCLUDED,675,2025-07-21,408,263,0,263,0.645,0.0,30.8,30.8,LOW,0.0,0.0,0.0,0.0
35843950,AG6,Dormant - Excluded,EXCLUDED,676,2025-07-21,408,263,0,263,0.645,0.0,30.8,30.8,LOW,0.0,0.0,0.0,0.0
35706043,AG6,Dormant - Excluded,EXCLUDED,677,2025-07-16,413,263,0,263,0.637,0.0,30.7,30.7,LOW,0.0,0.0,0.0,0.0
35087375,AG6,Dormant - Excluded,EXCLUDED,678,2025-06-23,436,267,0,267,0.612,0.0,30.7,30.7,LOW,0.0,0.0,0.0,0.0
35087399,AG6,Dormant - Excluded,EXCLUDED,679,2025-06-23,436,267,0,267,0.612,0.0,30.7,30.7,LOW,0.0,0.0,0.0,0.0
34949915,AG6,Dormant - Excluded,EXCLUDED,680,2025-06-16,443,269,0,269,0.607,0.0,30.7,30.7,LOW,0.0,0.0,0.0,0.0
34783230,AG6,Dormant - Excluded,EXCLUDED,681,2025-06-06,453,270,0,270,0.596,0.0,30.7,30.7,LOW,0.0,0.0,0.0,0.0
34704172,AG6,Dormant - Excluded,EXCLUDED,682,2025-06-03,456,271,0,271,0.594,0.0,30.7,30.7,LOW,0.0,0.0,0.0,0.0
34726129,AG6,Dormant - Excluded,EXCLUDED,683,2025-06-04,455,271,0,271,0.596,0.0,30.7,30.7,LOW,0.0,0.0,0.0,0.0
34611070,AG6,Dormant - Excluded,EXCLUDED,684,2025-05-31,459,272,0,272,0.593,0.0,30.7,30.7,LOW,0.0,0.0,0.0,0.0
34714055,AG6,Dormant - Excluded,EXCLUDED,685,2025-06-04,455,269,0,269,0.591,0.0,30.6,30.6,LOW,0.0,0.0,0.0,0.0
34783235,AG6,Dormant - Excluded,EXCLUDED,686,2025-06-07,452,269,0,269,0.595,0.0,30.6,30.6,LOW,0.0,0.0,0.0,0.0
34611087,AG6,Dormant - Excluded,EXCLUDED,687,2025-05-30,460,271,0,271,0.589,0.0,30.6,30.6,LOW,0.0,0.0,0.0,0.0
33798179,AG6,Dormant - Excluded,EXCLUDED,688,2025-04-27,493,280,0,280,0.568,0.0,30.6,30.6,LOW,0.0,0.0,0.0,0.0
34704386,AG6,Dormant - Excluded,EXCLUDED,689,2025-06-03,456,269,0,269,0.59,0.0,30.5,30.5,LOW,0.0,0.0,0.0,0.0
34611054,AG6,Dormant - Excluded,EXCLUDED,690,2025-05-30,460,270,0,270,0.587,0.0,30.5,30.5,LOW,0.0,0.0,0.0,0.0
35706262,AG6,Dormant - Excluded,EXCLUDED,691,2025-07-16,413,259,0,259,0.627,0.0,30.4,30.4,LOW,0.0,0.0,0.0,0.0
35087389,AG6,Dormant - Excluded,EXCLUDED,692,2025-06-23,436,264,0,264,0.606,0.0,30.4,30.4,LOW,0.0,0.0,0.0,0.0
35087544,AG6,Dormant - Excluded,EXCLUDED,693,2025-06-23,436,264,0,264,0.606,0.0,30.4,30.4,LOW,0.0,0.0,0.0,0.0
34949370,AG6,Dormant - Excluded,EXCLUDED,694,2025-06-16,443,265,0,265,0.598,0.0,30.4,30.4,LOW,0.0,0.0,0.0,0.0
33798193,AG6,Dormant - Excluded,EXCLUDED,695,2025-04-26,494,277,0,277,0.561,0.0,30.4,30.4,LOW,0.0,0.0,0.0,0.0
34825605,AG6,Dormant - Excluded,EXCLUDED,696,2025-06-10,449,265,0,265,0.59,0.0,30.3,30.3,LOW,0.0,0.0,0.0,0.0
35843613,AG6,Dormant - Excluded,EXCLUDED,697,2025-07-20,409,256,0,256,0.626,0.0,30.2,30.2,LOW,0.0,0.0,0.0,0.0
35286974,AG6,Dormant - Excluded,EXCLUDED,698,2025-07-01,428,260,0,260,0.607,0.0,30.2,30.2,LOW,0.0,0.0,0.0,0.0
35087975,AG6,Dormant - Excluded,EXCLUDED,699,2025-06-23,436,262,0,262,0.601,0.0,30.2,30.2,LOW,0.0,0.0,0.0,0.0
34849462,AG6,Dormant - Excluded,EXCLUDED,700,2025-06-11,448,264,0,264,0.589,0.0,30.2,30.2,LOW,0.0,0.0,0.0,0.0
34703899,AG6,Dormant - Excluded,EXCLUDED,701,2025-06-03,456,266,0,266,0.583,0.0,30.2,30.2,LOW,0.0,0.0,0.0,0.0
34704135,AG6,Dormant - Excluded,EXCLUDED,702,2025-06-03,456,266,0,266,0.583,0.0,30.2,30.2,LOW,0.0,0.0,0.0,0.0
35843790,AG6,Dormant - Excluded,EXCLUDED,703,2025-07-21,408,255,0,255,0.625,0.0,30.1,30.1,LOW,0.0,0.0,0.0,0.0
35706022,AG6,Dormant - Excluded,EXCLUDED,704,2025-07-16,413,256,0,256,0.62,0.0,30.1,30.1,LOW,0.0,0.0,0.0,0.0
34949870,AG6,Dormant - Excluded,EXCLUDED,705,2025-06-16,443,263,0,263,0.594,0.0,30.1,30.1,LOW,0.0,0.0,0.0,0.0
34825631,AG6,Dormant - Excluded,EXCLUDED,706,2025-06-09,450,264,0,264,0.587,0.0,30.1,30.1,LOW,0.0,0.0,0.0,0.0
35843824,AG6,Dormant - Excluded,EXCLUDED,707,2025-07-21,408,253,0,253,0.62,0.0,30.0,30.0,LOW,0.0,0.0,0.0,0.0
35706253,AG6,Dormant - Excluded,EXCLUDED,708,2025-07-16,413,255,0,255,0.617,0.0,30.0,30.0,LOW,0.0,0.0,0.0,0.0
34801284,AG6,Dormant - Excluded,EXCLUDED,709,2025-06-09,450,263,0,263,0.584,0.0,30.0,30.0,LOW,0.0,0.0,0.0,0.0
34726111,AG6,Dormant - Excluded,EXCLUDED,710,2025-06-04,455,264,0,264,0.58,0.0,30.0,30.0,LOW,0.0,0.0,0.0,0.0
34630441,AG6,Dormant - Excluded,EXCLUDED,711,2025-05-31,459,265,0,265,0.577,0.0,30.0,30.0,LOW,0.0,0.0,0.0,0.0
36805016,AG6,Dormant - Excluded,EXCLUDED,712,2025-09-06,361,201,0,201,0.557,0.0,30.0,30.0,LOW,0.0,0.0,0.0,0.0
34801185,AG6,Dormant - Excluded,EXCLUDED,713,2025-06-07,452,263,0,263,0.582,0.0,29.9,29.9,LOW,0.0,0.0,0.0,0.0
35844131,AG6,Dormant - Excluded,EXCLUDED,714,2025-07-21,408,251,0,251,0.615,0.0,29.8,29.8,LOW,0.0,0.0,0.0,0.0
34949540,AG6,Dormant - Excluded,EXCLUDED,715,2025-06-16,443,259,0,259,0.585,0.0,29.8,29.8,LOW,0.0,0.0,0.0,0.0
34949901,AG6,Dormant - Excluded,EXCLUDED,716,2025-06-16,443,259,0,259,0.585,0.0,29.8,29.8,LOW,0.0,0.0,0.0,0.0
34846801,AG6,Dormant - Excluded,EXCLUDED,717,2025-06-11,448,261,0,261,0.583,0.0,29.8,29.8,LOW,0.0,0.0,0.0,0.0
34704111,AG6,Dormant - Excluded,EXCLUDED,718,2025-06-04,455,263,0,263,0.578,0.0,29.8,29.8,LOW,0.0,0.0,0.0,0.0
34611010,AG6,Dormant - Excluded,EXCLUDED,719,2025-05-30,460,264,0,264,0.574,0.0,29.8,29.8,LOW,0.0,0.0,0.0,0.0
33847418,AG6,Dormant - Excluded,EXCLUDED,720,2025-04-29,491,269,0,269,0.548,0.0,29.8,29.8,LOW,0.0,0.0,0.0,0.0
34703858,AG6,Dormant - Excluded,EXCLUDED,721,2025-06-03,456,262,0,262,0.575,0.0,29.7,29.7,LOW,0.0,0.0,0.0,0.0
35706418,AG6,Dormant - Excluded,EXCLUDED,722,2025-07-16,413,250,0,250,0.605,0.0,29.6,29.6,LOW,0.0,0.0,0.0,0.0
34783346,AG6,Dormant - Excluded,EXCLUDED,723,2025-06-06,453,260,0,260,0.574,0.0,29.6,29.6,LOW,0.0,0.0,0.0,0.0
34801365,AG6,Dormant - Excluded,EXCLUDED,724,2025-06-09,450,260,0,260,0.578,0.0,29.6,29.6,LOW,0.0,0.0,0.0,0.0
34783319,AG6,Dormant - Excluded,EXCLUDED,725,2025-06-06,453,261,0,261,0.576,0.0,29.6,29.6,LOW,0.0,0.0,0.0,0.0
33798178,AG6,Dormant - Excluded,EXCLUDED,726,2025-04-26,494,268,0,268,0.543,0.0,29.6,29.6,LOW,0.0,0.0,0.0,0.0
35706025,AG6,Dormant - Excluded,EXCLUDED,727,2025-07-16,413,249,0,249,0.603,0.0,29.5,29.5,LOW,0.0,0.0,0.0,0.0
35087383,AG6,Dormant - Excluded,EXCLUDED,728,2025-06-23,436,254,0,254,0.583,0.0,29.5,29.5,LOW,0.0,0.0,0.0,0.0
34949469,AG6,Dormant - Excluded,EXCLUDED,729,2025-06-16,443,257,0,257,0.58,0.0,29.5,29.5,LOW,0.0,0.0,0.0,0.0
34949904,AG6,Dormant - Excluded,EXCLUDED,730,2025-06-16,443,257,0,257,0.58,0.0,29.5,29.5,LOW,0.0,0.0,0.0,0.0
34704160,AG6,Dormant - Excluded,EXCLUDED,731,2025-06-03,456,260,0,260,0.57,0.0,29.5,29.5,LOW,0.0,0.0,0.0,0.0
33847411,AG6,Dormant - Excluded,EXCLUDED,732,2025-04-29,491,266,0,266,0.542,0.0,29.5,29.5,LOW,0.0,0.0,0.0,0.0
39749636,AG6,Dormant - Excluded,EXCLUDED,733,2026-01-31,214,160,0,160,0.748,0.0,29.5,29.5,LOW,0.0,0.0,0.0,0.0
39749668,AG6,Dormant - Excluded,EXCLUDED,734,2026-01-31,214,160,0,160,0.748,0.0,29.5,29.5,LOW,0.0,0.0,0.0,0.0
35287067,AG6,Dormant - Excluded,EXCLUDED,735,2025-07-01,428,251,0,251,0.586,0.0,29.4,29.4,LOW,0.0,0.0,0.0,0.0
34846784,AG6,Dormant - Excluded,EXCLUDED,736,2025-06-11,448,257,0,257,0.574,0.0,29.4,29.4,LOW,0.0,0.0,0.0,0.0
34745795,AG6,Dormant - Excluded,EXCLUDED,737,2025-06-05,454,258,0,258,0.568,0.0,29.4,29.4,LOW,0.0,0.0,0.0,0.0
34611072,AG6,Dormant - Excluded,EXCLUDED,738,2025-05-30,460,259,0,259,0.563,0.0,29.4,29.4,LOW,0.0,0.0,0.0,0.0
36409584,AG6,Dormant - Excluded,EXCLUDED,739,2025-08-16,382,240,0,240,0.628,0.0,29.3,29.3,LOW,0.0,0.0,0.0,0.0
35843709,AG6,Dormant - Excluded,EXCLUDED,740,2025-07-21,408,245,0,245,0.6,0.0,29.3,29.3,LOW,0.0,0.0,0.0,0.0
35705962,AG6,Dormant - Excluded,EXCLUDED,741,2025-07-16,413,246,0,246,0.596,0.0,29.3,29.3,LOW,0.0,0.0,0.0,0.0
35481387,AG6,Dormant - Excluded,EXCLUDED,742,2025-07-08,421,248,0,248,0.589,0.0,29.3,29.3,LOW,0.0,0.0,0.0,0.0
34703776,AG6,Dormant - Excluded,EXCLUDED,743,2025-06-03,456,257,0,257,0.564,0.0,29.3,29.3,LOW,0.0,0.0,0.0,0.0
40564920,AG6,Dormant - Excluded,EXCLUDED,744,2026-03-10,176,104,0,104,0.591,0.0,29.3,29.3,LOW,0.0,0.0,0.0,0.0
35087987,AG6,Dormant - Excluded,EXCLUDED,745,2025-06-23,436,252,0,252,0.578,0.0,29.2,29.2,LOW,0.0,0.0,0.0,0.0
34801139,AG6,Dormant - Excluded,EXCLUDED,746,2025-06-09,450,254,0,254,0.564,0.0,29.2,29.2,LOW,0.0,0.0,0.0,0.0
34846867,AG6,Dormant - Excluded,EXCLUDED,747,2025-06-11,448,254,0,254,0.567,0.0,29.2,29.2,LOW,0.0,0.0,0.0,0.0
34748955,AG6,Dormant - Excluded,EXCLUDED,748,2025-06-05,454,256,0,256,0.564,0.0,29.2,29.2,LOW,0.0,0.0,0.0,0.0
35843918,AG6,Dormant - Excluded,EXCLUDED,749,2025-07-21,408,243,0,243,0.596,0.0,29.1,29.1,LOW,0.0,0.0,0.0,0.0
35706617,AG6,Dormant - Excluded,EXCLUDED,750,2025-07-16,413,244,0,244,0.591,0.0,29.1,29.1,LOW,0.0,0.0,0.0,0.0
34949934,AG6,Dormant - Excluded,EXCLUDED,751,2025-06-14,445,252,0,252,0.566,0.0,29.1,29.1,LOW,0.0,0.0,0.0,0.0
34838032,AG6,Dormant - Excluded,EXCLUDED,752,2025-06-11,448,253,0,253,0.565,0.0,29.1,29.1,LOW,0.0,0.0,0.0,0.0
34849429,AG6,Dormant - Excluded,EXCLUDED,753,2025-06-11,448,253,0,253,0.565,0.0,29.1,29.1,LOW,0.0,0.0,0.0,0.0
35286960,AG6,Dormant - Excluded,EXCLUDED,754,2025-07-01,428,248,0,248,0.579,0.0,29.0,29.0,LOW,0.0,0.0,0.0,0.0
34949892,AG6,Dormant - Excluded,EXCLUDED,755,2025-06-16,443,250,0,250,0.564,0.0,29.0,29.0,LOW,0.0,0.0,0.0,0.0
34783323,AG6,Dormant - Excluded,EXCLUDED,756,2025-06-06,453,253,0,253,0.558,0.0,29.0,29.0,LOW,0.0,0.0,0.0,0.0
34801327,AG6,Dormant - Excluded,EXCLUDED,757,2025-06-09,450,253,0,253,0.562,0.0,29.0,29.0,LOW,0.0,0.0,0.0,0.0
33798190,AG6,Dormant - Excluded,EXCLUDED,758,2025-04-26,494,263,0,263,0.532,0.0,29.0,29.0,LOW,0.0,0.0,0.0,0.0
35843289,AG6,Dormant - Excluded,EXCLUDED,759,2025-07-21,408,241,0,241,0.591,0.0,28.9,28.9,LOW,0.0,0.0,0.0,0.0
35286948,AG6,Dormant - Excluded,EXCLUDED,760,2025-07-01,428,247,0,247,0.577,0.0,28.9,28.9,LOW,0.0,0.0,0.0,0.0
34611085,AG6,Dormant - Excluded,EXCLUDED,761,2025-05-30,460,253,0,253,0.55,0.0,28.9,28.9,LOW,0.0,0.0,0.0,0.0
33847404,AG6,Dormant - Excluded,EXCLUDED,762,2025-04-29,491,262,0,262,0.534,0.0,28.9,28.9,LOW,0.0,0.0,0.0,0.0
35482133,AG6,Dormant - Excluded,EXCLUDED,763,2025-07-08,421,244,0,244,0.58,0.0,28.8,28.8,LOW,0.0,0.0,0.0,0.0
39587496,AG6,Dormant - Excluded,EXCLUDED,764,2026-01-23,222,156,0,156,0.703,0.0,28.8,28.8,LOW,0.0,0.0,0.0,0.0
35843765,AG6,Dormant - Excluded,EXCLUDED,765,2025-07-21,408,240,0,240,0.588,0.0,28.7,28.7,LOW,0.0,0.0,0.0,0.0
34783280,AG6,Dormant - Excluded,EXCLUDED,766,2025-06-06,453,249,0,249,0.55,0.0,28.7,28.7,LOW,0.0,0.0,0.0,0.0
34783296,AG6,Dormant - Excluded,EXCLUDED,767,2025-06-06,453,249,0,249,0.55,0.0,28.7,28.7,LOW,0.0,0.0,0.0,0.0
35088055,AG6,Dormant - Excluded,EXCLUDED,768,2025-06-23,436,245,0,245,0.562,0.0,28.6,28.6,LOW,0.0,0.0,0.0,0.0
34949485,AG6,Dormant - Excluded,EXCLUDED,769,2025-06-16,443,246,0,246,0.555,0.0,28.6,28.6,LOW,0.0,0.0,0.0,0.0
34846717,AG6,Dormant - Excluded,EXCLUDED,770,2025-06-11,448,247,0,247,0.551,0.0,28.6,28.6,LOW,0.0,0.0,0.0,0.0
34837968,AG6,Dormant - Excluded,EXCLUDED,771,2025-06-11,448,248,0,248,0.554,0.0,28.6,28.6,LOW,0.0,0.0,0.0,0.0
34726059,AG6,Dormant - Excluded,EXCLUDED,772,2025-06-04,455,249,0,249,0.547,0.0,28.6,28.6,LOW,0.0,0.0,0.0,0.0
34749006,AG6,Dormant - Excluded,EXCLUDED,773,2025-06-05,454,249,0,249,0.548,0.0,28.6,28.6,LOW,0.0,0.0,0.0,0.0
39749629,AG6,Dormant - Excluded,EXCLUDED,774,2026-01-31,214,152,0,152,0.71,0.0,28.6,28.6,LOW,0.0,0.0,0.0,0.0
35843274,AG6,Dormant - Excluded,EXCLUDED,775,2025-07-21,408,238,0,238,0.583,0.0,28.5,28.5,LOW,0.0,0.0,0.0,0.0
35843628,AG6,Dormant - Excluded,EXCLUDED,776,2025-07-21,408,238,0,238,0.583,0.0,28.5,28.5,LOW,0.0,0.0,0.0,0.0
35843779,AG6,Dormant - Excluded,EXCLUDED,777,2025-07-21,408,238,0,238,0.583,0.0,28.5,28.5,LOW,0.0,0.0,0.0,0.0
34704090,AG6,Dormant - Excluded,EXCLUDED,778,2025-06-03,456,248,0,248,0.544,0.0,28.5,28.5,LOW,0.0,0.0,0.0,0.0
34481768,AG6,Dormant - Excluded,EXCLUDED,779,2025-05-26,464,250,0,250,0.539,0.0,28.5,28.5,LOW,0.0,0.0,0.0,0.0
33871252,AG6,Dormant - Excluded,EXCLUDED,780,2025-04-30,490,256,0,256,0.522,0.0,28.5,28.5,LOW,0.0,0.0,0.0,0.0
33798181,AG6,Dormant - Excluded,EXCLUDED,781,2025-04-26,494,258,0,258,0.522,0.0,28.5,28.5,LOW,0.0,0.0,0.0,0.0
35843483,AG6,Dormant - Excluded,EXCLUDED,782,2025-07-20,409,238,0,238,0.582,0.0,28.4,28.4,LOW,0.0,0.0,0.0,0.0
35087805,AG6,Dormant - Excluded,EXCLUDED,783,2025-06-24,435,243,0,243,0.559,0.0,28.4,28.4,LOW,0.0,0.0,0.0,0.0
34846746,AG6,Dormant - Excluded,EXCLUDED,784,2025-06-10,449,246,0,246,0.548,0.0,28.4,28.4,LOW,0.0,0.0,0.0,0.0
34726098,AG6,Dormant - Excluded,EXCLUDED,785,2025-06-04,455,247,0,247,0.543,0.0,28.4,28.4,LOW,0.0,0.0,0.0,0.0
35843936,AG6,Dormant - Excluded,EXCLUDED,786,2025-07-21,408,237,0,237,0.581,0.0,28.3,28.3,LOW,0.0,0.0,0.0,0.0
35087724,AG6,Dormant - Excluded,EXCLUDED,787,2025-06-23,436,242,0,242,0.555,0.0,28.3,28.3,LOW,0.0,0.0,0.0,0.0
34838001,AG6,Dormant - Excluded,EXCLUDED,788,2025-06-11,448,244,0,244,0.545,0.0,28.3,28.3,LOW,0.0,0.0,0.0,0.0
34846752,AG6,Dormant - Excluded,EXCLUDED,789,2025-06-10,449,245,0,245,0.546,0.0,28.3,28.3,LOW,0.0,0.0,0.0,0.0
34611073,AG6,Dormant - Excluded,EXCLUDED,790,2025-05-31,459,247,0,247,0.538,0.0,28.3,28.3,LOW,0.0,0.0,0.0,0.0
34703778,AG6,Dormant - Excluded,EXCLUDED,791,2025-06-03,456,247,0,247,0.542,0.0,28.3,28.3,LOW,0.0,0.0,0.0,0.0
34704081,AG6,Dormant - Excluded,EXCLUDED,792,2025-06-03,456,247,0,247,0.542,0.0,28.3,28.3,LOW,0.0,0.0,0.0,0.0
36603273,AG6,Dormant - Excluded,EXCLUDED,793,2025-08-26,372,228,0,228,0.613,0.0,28.2,28.2,LOW,0.0,0.0,0.0,0.0
34846863,AG6,Dormant - Excluded,EXCLUDED,794,2025-06-10,449,244,0,244,0.543,0.0,28.2,28.2,LOW,0.0,0.0,0.0,0.0
34704107,AG6,Dormant - Excluded,EXCLUDED,795,2025-06-03,456,246,0,246,0.539,0.0,28.2,28.2,LOW,0.0,0.0,0.0,0.0
36603172,AG6,Dormant - Excluded,EXCLUDED,796,2025-08-26,372,227,0,227,0.61,0.0,28.1,28.1,LOW,0.0,0.0,0.0,0.0
35844090,AG6,Dormant - Excluded,EXCLUDED,797,2025-07-21,408,235,0,235,0.576,0.0,28.1,28.1,LOW,0.0,0.0,0.0,0.0
35287007,AG6,Dormant - Excluded,EXCLUDED,798,2025-07-01,428,239,0,239,0.558,0.0,28.1,28.1,LOW,0.0,0.0,0.0,0.0
34949444,AG6,Dormant - Excluded,EXCLUDED,799,2025-06-16,443,241,0,241,0.544,0.0,28.1,28.1,LOW,0.0,0.0,0.0,0.0
34869054,AG6,Dormant - Excluded,EXCLUDED,800,2025-06-16,443,242,0,242,0.546,0.0,28.1,28.1,LOW,0.0,0.0,0.0,0.0
34846776,AG6,Dormant - Excluded,EXCLUDED,801,2025-06-11,448,243,0,243,0.542,0.0,28.1,28.1,LOW,0.0,0.0,0.0,0.0
39587524,AG6,Dormant - Excluded,EXCLUDED,802,2026-01-23,222,150,0,150,0.676,0.0,28.1,28.1,LOW,0.0,0.0,0.0,0.0
36495781,AG6,Dormant - Excluded,EXCLUDED,803,2025-08-22,376,227,0,227,0.604,0.0,28.0,28.0,LOW,0.0,0.0,0.0,0.0
34846785,AG6,Dormant - Excluded,EXCLUDED,804,2025-06-11,448,242,0,242,0.54,0.0,28.0,28.0,LOW,0.0,0.0,0.0,0.0
34792226,AG6,Dormant - Excluded,EXCLUDED,805,2025-06-07,452,243,0,243,0.538,0.0,28.0,28.0,LOW,0.0,0.0,0.0,0.0
34801264,AG6,Dormant - Excluded,EXCLUDED,806,2025-06-07,452,243,0,243,0.538,0.0,28.0,28.0,LOW,0.0,0.0,0.0,0.0
33847408,AG6,Dormant - Excluded,EXCLUDED,807,2025-04-29,491,251,0,251,0.511,0.0,28.0,28.0,LOW,0.0,0.0,0.0,0.0
40564916,AG6,Dormant - Excluded,EXCLUDED,808,2026-03-10,176,97,0,97,0.551,0.0,28.0,28.0,LOW,0.0,0.0,0.0,0.0
35334276,AG6,Dormant - Excluded,EXCLUDED,809,2025-07-04,425,236,0,236,0.555,0.0,27.9,27.9,LOW,0.0,0.0,0.0,0.0
34949878,AG6,Dormant - Excluded,EXCLUDED,810,2025-06-16,443,240,0,240,0.542,0.0,27.9,27.9,LOW,0.0,0.0,0.0,0.0
34801316,AG6,Dormant - Excluded,EXCLUDED,811,2025-06-09,450,241,0,241,0.536,0.0,27.9,27.9,LOW,0.0,0.0,0.0,0.0
34714156,AG6,Dormant - Excluded,EXCLUDED,812,2025-06-04,455,243,0,243,0.534,0.0,27.9,27.9,LOW,0.0,0.0,0.0,0.0
33798173,AG6,Dormant - Excluded,EXCLUDED,813,2025-04-26,494,250,0,250,0.506,0.0,27.9,27.9,LOW,0.0,0.0,0.0,0.0
35844051,AG6,Dormant - Excluded,EXCLUDED,814,2025-07-21,408,232,0,232,0.569,0.0,27.8,27.8,LOW,0.0,0.0,0.0,0.0
35334362,AG6,Dormant - Excluded,EXCLUDED,815,2025-07-03,426,236,0,236,0.554,0.0,27.8,27.8,LOW,0.0,0.0,0.0,0.0
34849377,AG6,Dormant - Excluded,EXCLUDED,816,2025-06-11,448,240,0,240,0.536,0.0,27.8,27.8,LOW,0.0,0.0,0.0,0.0
35843516,AG6,Dormant - Excluded,EXCLUDED,817,2025-07-21,408,231,0,231,0.566,0.0,27.7,27.7,LOW,0.0,0.0,0.0,0.0
35705901,AG6,Dormant - Excluded,EXCLUDED,818,2025-07-16,413,232,0,232,0.562,0.0,27.7,27.7,LOW,0.0,0.0,0.0,0.0
35286978,AG6,Dormant - Excluded,EXCLUDED,819,2025-07-01,428,235,0,235,0.549,0.0,27.7,27.7,LOW,0.0,0.0,0.0,0.0
34745794,AG6,Dormant - Excluded,EXCLUDED,820,2025-06-05,454,240,0,240,0.529,0.0,27.7,27.7,LOW,0.0,0.0,0.0,0.0
34792190,AG6,Dormant - Excluded,EXCLUDED,821,2025-06-07,452,240,0,240,0.531,0.0,27.7,27.7,LOW,0.0,0.0,0.0,0.0
33798188,AG6,Dormant - Excluded,EXCLUDED,822,2025-04-26,494,249,0,249,0.504,0.0,27.7,27.7,LOW,0.0,0.0,0.0,0.0
38142780,AG6,Dormant - Excluded,EXCLUDED,823,2025-11-21,285,166,0,166,0.582,0.0,27.7,27.7,LOW,0.0,0.0,0.0,0.0
35843262,AG6,Dormant - Excluded,EXCLUDED,824,2025-07-21,408,230,0,230,0.564,0.0,27.6,27.6,LOW,0.0,0.0,0.0,0.0
34745786,AG6,Dormant - Excluded,EXCLUDED,825,2025-06-06,453,239,0,239,0.528,0.0,27.6,27.6,LOW,0.0,0.0,0.0,0.0
34838040,AG6,Dormant - Excluded,EXCLUDED,826,2025-06-11,448,239,0,239,0.533,0.0,27.6,27.6,LOW,0.0,0.0,0.0,0.0
34703781,AG6,Dormant - Excluded,EXCLUDED,827,2025-06-03,456,240,0,240,0.526,0.0,27.6,27.6,LOW,0.0,0.0,0.0,0.0
34703970,AG6,Dormant - Excluded,EXCLUDED,828,2025-06-03,456,240,0,240,0.526,0.0,27.6,27.6,LOW,0.0,0.0,0.0,0.0
34726063,AG6,Dormant - Excluded,EXCLUDED,829,2025-06-04,455,240,0,240,0.527,0.0,27.6,27.6,LOW,0.0,0.0,0.0,0.0
34726126,AG6,Dormant - Excluded,EXCLUDED,830,2025-06-04,455,240,0,240,0.527,0.0,27.6,27.6,LOW,0.0,0.0,0.0,0.0
39749591,AG6,Dormant - Excluded,EXCLUDED,831,2026-01-31,214,144,0,144,0.673,0.0,27.6,27.6,LOW,0.0,0.0,0.0,0.0
35706390,AG6,Dormant - Excluded,EXCLUDED,832,2025-07-16,413,230,0,230,0.557,0.0,27.5,27.5,LOW,0.0,0.0,0.0,0.0
34869162,AG6,Dormant - Excluded,EXCLUDED,833,2025-06-12,447,238,0,238,0.532,0.0,27.5,27.5,LOW,0.0,0.0,0.0,0.0
35287003,AG6,Dormant - Excluded,EXCLUDED,834,2025-07-01,428,232,0,232,0.542,0.0,27.4,27.4,LOW,0.0,0.0,0.0,0.0
35334289,AG6,Dormant - Excluded,EXCLUDED,835,2025-07-03,426,232,0,232,0.545,0.0,27.4,27.4,LOW,0.0,0.0,0.0,0.0
34837945,AG6,Dormant - Excluded,EXCLUDED,836,2025-06-11,448,237,0,237,0.529,0.0,27.4,27.4,LOW,0.0,0.0,0.0,0.0
34783287,AG6,Dormant - Excluded,EXCLUDED,837,2025-06-06,453,238,0,238,0.525,0.0,27.4,27.4,LOW,0.0,0.0,0.0,0.0
34792106,AG6,Dormant - Excluded,EXCLUDED,838,2025-06-07,452,238,0,238,0.527,0.0,27.4,27.4,LOW,0.0,0.0,0.0,0.0
40564913,AG6,Dormant - Excluded,EXCLUDED,839,2026-03-10,176,94,0,94,0.534,0.0,27.4,27.4,LOW,0.0,0.0,0.0,0.0
36603264,AG6,Dormant - Excluded,EXCLUDED,840,2025-08-26,372,219,0,219,0.589,0.0,27.3,27.3,LOW,0.0,0.0,0.0,0.0
36225684,AG6,Dormant - Excluded,EXCLUDED,841,2025-08-05,393,225,0,225,0.573,0.0,27.3,27.3,LOW,0.0,0.0,0.0,0.0
35482343,AG6,Dormant - Excluded,EXCLUDED,842,2025-07-08,421,230,0,230,0.546,0.0,27.3,27.3,LOW,0.0,0.0,0.0,0.0
34838003,AG6,Dormant - Excluded,EXCLUDED,843,2025-06-11,448,236,0,236,0.527,0.0,27.3,27.3,LOW,0.0,0.0,0.0,0.0
34846749,AG6,Dormant - Excluded,EXCLUDED,844,2025-06-11,448,236,0,236,0.527,0.0,27.3,27.3,LOW,0.0,0.0,0.0,0.0
38142810,AG6,Dormant - Excluded,EXCLUDED,845,2025-11-21,285,162,0,162,0.568,0.0,27.3,27.3,LOW,0.0,0.0,0.0,0.0
34801311,AG6,Dormant - Excluded,EXCLUDED,846,2025-06-09,450,236,0,236,0.524,0.0,27.2,27.2,LOW,0.0,0.0,0.0,0.0
34703836,AG6,Dormant - Excluded,EXCLUDED,847,2025-06-03,456,237,0,237,0.52,0.0,27.2,27.2,LOW,0.0,0.0,0.0,0.0
34704161,AG6,Dormant - Excluded,EXCLUDED,848,2025-06-03,456,237,0,237,0.52,0.0,27.2,27.2,LOW,0.0,0.0,0.0,0.0
35843322,AG6,Dormant - Excluded,EXCLUDED,849,2025-07-21,408,226,0,226,0.554,0.0,27.1,27.1,LOW,0.0,0.0,0.0,0.0
35844029,AG6,Dormant - Excluded,EXCLUDED,850,2025-07-21,408,226,0,226,0.554,0.0,27.1,27.1,LOW,0.0,0.0,0.0,0.0
35087507,AG6,Dormant - Excluded,EXCLUDED,851,2025-06-23,436,232,0,232,0.532,0.0,27.1,27.1,LOW,0.0,0.0,0.0,0.0
35088178,AG6,Dormant - Excluded,EXCLUDED,852,2025-06-23,436,232,0,232,0.532,0.0,27.1,27.1,LOW,0.0,0.0,0.0,0.0
34849389,AG6,Dormant - Excluded,EXCLUDED,853,2025-06-11,448,234,0,234,0.522,0.0,27.1,27.1,LOW,0.0,0.0,0.0,0.0
34869154,AG6,Dormant - Excluded,EXCLUDED,854,2025-06-12,447,234,0,234,0.523,0.0,27.1,27.1,LOW,0.0,0.0,0.0,0.0
40564906,AG6,Dormant - Excluded,EXCLUDED,855,2026-03-10,176,92,0,92,0.523,0.0,27.1,27.1,LOW,0.0,0.0,0.0,0.0
39749652,AG6,Dormant - Excluded,EXCLUDED,856,2026-01-31,214,140,0,140,0.654,0.0,27.1,27.1,LOW,0.0,0.0,0.0,0.0
36225667,AG6,Dormant - Excluded,EXCLUDED,857,2025-08-05,393,221,0,221,0.562,0.0,27.0,27.0,LOW,0.0,0.0,0.0,0.0
35843511,AG6,Dormant - Excluded,EXCLUDED,858,2025-07-21,408,225,0,225,0.551,0.0,27.0,27.0,LOW,0.0,0.0,0.0,0.0
35334606,AG6,Dormant - Excluded,EXCLUDED,859,2025-07-03,426,229,0,229,0.538,0.0,27.0,27.0,LOW,0.0,0.0,0.0,0.0
34846877,AG6,Dormant - Excluded,EXCLUDED,860,2025-06-11,448,233,0,233,0.52,0.0,27.0,27.0,LOW,0.0,0.0,0.0,0.0
34726057,AG6,Dormant - Excluded,EXCLUDED,861,2025-06-04,455,235,0,235,0.516,0.0,27.0,27.0,LOW,0.0,0.0,0.0,0.0
35843878,AG6,Dormant - Excluded,EXCLUDED,862,2025-07-21,408,224,0,224,0.549,0.0,26.9,26.9,LOW,0.0,0.0,0.0,0.0
35843986,AG6,Dormant - Excluded,EXCLUDED,863,2025-07-21,408,224,0,224,0.549,0.0,26.9,26.9,LOW,0.0,0.0,0.0,0.0
34748958,AG6,Dormant - Excluded,EXCLUDED,864,2025-06-06,453,233,0,233,0.514,0.0,26.9,26.9,LOW,0.0,0.0,0.0,0.0
34783268,AG6,Dormant - Excluded,EXCLUDED,865,2025-06-06,453,233,0,233,0.514,0.0,26.9,26.9,LOW,0.0,0.0,0.0,0.0
34783288,AG6,Dormant - Excluded,EXCLUDED,866,2025-06-06,453,233,0,233,0.514,0.0,26.9,26.9,LOW,0.0,0.0,0.0,0.0
34801368,AG6,Dormant - Excluded,EXCLUDED,867,2025-06-09,450,233,0,233,0.518,0.0,26.9,26.9,LOW,0.0,0.0,0.0,0.0
34825617,AG6,Dormant - Excluded,EXCLUDED,868,2025-06-09,450,233,0,233,0.518,0.0,26.9,26.9,LOW,0.0,0.0,0.0,0.0
35843401,AG6,Dormant - Excluded,EXCLUDED,869,2025-07-21,408,223,0,223,0.547,0.0,26.8,26.8,LOW,0.0,0.0,0.0,0.0
34949818,AG6,Dormant - Excluded,EXCLUDED,870,2025-06-16,443,231,0,231,0.521,0.0,26.8,26.8,LOW,0.0,0.0,0.0,0.0
34949903,AG6,Dormant - Excluded,EXCLUDED,871,2025-06-16,443,231,0,231,0.521,0.0,26.8,26.8,LOW,0.0,0.0,0.0,0.0
34838000,AG6,Dormant - Excluded,EXCLUDED,872,2025-06-11,448,232,0,232,0.518,0.0,26.8,26.8,LOW,0.0,0.0,0.0,0.0
34726038,AG6,Dormant - Excluded,EXCLUDED,873,2025-06-04,455,233,0,233,0.512,0.0,26.8,26.8,LOW,0.0,0.0,0.0,0.0
36225636,AG6,Dormant - Excluded,EXCLUDED,874,2025-08-05,393,218,0,218,0.555,0.0,26.7,26.7,LOW,0.0,0.0,0.0,0.0
34838023,AG6,Dormant - Excluded,EXCLUDED,875,2025-06-11,448,231,0,231,0.516,0.0,26.7,26.7,LOW,0.0,0.0,0.0,0.0
34849362,AG6,Dormant - Excluded,EXCLUDED,876,2025-06-11,448,231,0,231,0.516,0.0,26.7,26.7,LOW,0.0,0.0,0.0,0.0
34726070,AG6,Dormant - Excluded,EXCLUDED,877,2025-06-04,455,232,0,232,0.51,0.0,26.7,26.7,LOW,0.0,0.0,0.0,0.0
34783267,AG6,Dormant - Excluded,EXCLUDED,878,2025-06-07,452,232,0,232,0.513,0.0,26.7,26.7,LOW,0.0,0.0,0.0,0.0
39047623,AG6,Dormant - Excluded,EXCLUDED,879,2025-12-30,246,146,0,146,0.593,0.0,26.7,26.7,LOW,0.0,0.0,0.0,0.0
36603169,AG6,Dormant - Excluded,EXCLUDED,880,2025-08-26,372,213,0,213,0.573,0.0,26.6,26.6,LOW,0.0,0.0,0.0,0.0
34801275,AG6,Dormant - Excluded,EXCLUDED,881,2025-06-07,452,231,0,231,0.511,0.0,26.6,26.6,LOW,0.0,0.0,0.0,0.0
34630397,AG6,Dormant - Excluded,EXCLUDED,882,2025-05-31,459,232,0,232,0.505,0.0,26.6,26.6,LOW,0.0,0.0,0.0,0.0
35705858,AG6,Dormant - Excluded,EXCLUDED,883,2025-07-16,413,221,0,221,0.535,0.0,26.5,26.5,LOW,0.0,0.0,0.0,0.0
34949803,AG6,Dormant - Excluded,EXCLUDED,884,2025-06-16,443,228,0,228,0.515,0.0,26.5,26.5,LOW,0.0,0.0,0.0,0.0
40564911,AG6,Dormant - Excluded,EXCLUDED,885,2026-03-10,176,89,0,89,0.506,0.0,26.5,26.5,LOW,0.0,0.0,0.0,0.0
35087473,AG6,Dormant - Excluded,EXCLUDED,886,2025-06-23,436,226,0,226,0.518,0.0,26.4,26.4,LOW,0.0,0.0,0.0,0.0
34748971,AG6,Dormant - Excluded,EXCLUDED,887,2025-06-05,454,229,0,229,0.504,0.0,26.4,26.4,LOW,0.0,0.0,0.0,0.0
34703875,AG6,Dormant - Excluded,EXCLUDED,888,2025-06-03,456,230,0,230,0.504,0.0,26.4,26.4,LOW,0.0,0.0,0.0,0.0
34704104,AG6,Dormant - Excluded,EXCLUDED,889,2025-06-03,456,230,0,230,0.504,0.0,26.4,26.4,LOW,0.0,0.0,0.0,0.0
34704120,AG6,Dormant - Excluded,EXCLUDED,890,2025-06-04,455,230,0,230,0.505,0.0,26.4,26.4,LOW,0.0,0.0,0.0,0.0
35843773,AG6,Dormant - Excluded,EXCLUDED,891,2025-07-21,408,218,0,218,0.534,0.0,26.3,26.3,LOW,0.0,0.0,0.0,0.0
38142796,AG6,Dormant - Excluded,EXCLUDED,892,2025-11-21,285,154,0,154,0.54,0.0,26.3,26.3,LOW,0.0,0.0,0.0,0.0
35481504,AG6,Dormant - Excluded,EXCLUDED,893,2025-07-08,421,220,0,220,0.523,0.0,26.2,26.2,LOW,0.0,0.0,0.0,0.0
34726026,AG6,Dormant - Excluded,EXCLUDED,894,2025-06-04,455,228,0,228,0.501,0.0,26.2,26.2,LOW,0.0,0.0,0.0,0.0
35898436,AG6,Dormant - Excluded,EXCLUDED,895,2025-07-23,406,216,0,216,0.532,0.0,26.1,26.1,LOW,0.0,0.0,0.0,0.0
35286862,AG6,Dormant - Excluded,EXCLUDED,896,2025-07-01,428,221,0,221,0.516,0.0,26.1,26.1,LOW,0.0,0.0,0.0,0.0
34801134,AG6,Dormant - Excluded,EXCLUDED,897,2025-06-09,450,226,0,226,0.502,0.0,26.1,26.1,LOW,0.0,0.0,0.0,0.0
34801262,AG6,Dormant - Excluded,EXCLUDED,898,2025-06-09,450,226,0,226,0.502,0.0,26.1,26.1,LOW,0.0,0.0,0.0,0.0
34849406,AG6,Dormant - Excluded,EXCLUDED,899,2025-06-11,448,226,0,226,0.504,0.0,26.1,26.1,LOW,0.0,0.0,0.0,0.0
34726122,AG6,Dormant - Excluded,EXCLUDED,900,2025-06-04,455,227,0,227,0.499,0.0,26.1,26.1,LOW,0.0,0.0,0.0,0.0
34630388,AG6,Dormant - Excluded,EXCLUDED,901,2025-05-31,459,228,0,228,0.497,0.0,26.1,26.1,LOW,0.0,0.0,0.0,0.0
39749657,AG6,Dormant - Excluded,EXCLUDED,902,2026-01-31,214,132,0,132,0.617,0.0,26.1,26.1,LOW,0.0,0.0,0.0,0.0
34783226,AG6,Dormant - Excluded,EXCLUDED,903,2025-06-06,453,226,0,226,0.499,0.0,26.0,26.0,LOW,0.0,0.0,0.0,0.0
34849365,AG6,Dormant - Excluded,EXCLUDED,904,2025-06-10,449,225,0,225,0.501,0.0,25.9,25.9,LOW,0.0,0.0,0.0,0.0
34849475,AG6,Dormant - Excluded,EXCLUDED,905,2025-06-10,449,225,0,225,0.501,0.0,25.9,25.9,LOW,0.0,0.0,0.0,0.0
34714159,AG6,Dormant - Excluded,EXCLUDED,906,2025-06-04,455,226,0,226,0.497,0.0,25.9,25.9,LOW,0.0,0.0,0.0,0.0
33864452,AG6,Dormant - Excluded,EXCLUDED,907,2025-04-30,490,231,0,231,0.471,0.0,25.9,25.9,LOW,0.0,0.0,0.0,0.0
35705881,AG6,Dormant - Excluded,EXCLUDED,908,2025-07-16,413,215,0,215,0.521,0.0,25.8,25.8,LOW,0.0,0.0,0.0,0.0
34801271,AG6,Dormant - Excluded,EXCLUDED,909,2025-06-09,450,224,0,224,0.498,0.0,25.8,25.8,LOW,0.0,0.0,0.0,0.0
34846927,AG6,Dormant - Excluded,EXCLUDED,910,2025-06-10,449,224,0,224,0.499,0.0,25.8,25.8,LOW,0.0,0.0,0.0,0.0
34630369,AG6,Dormant - Excluded,EXCLUDED,911,2025-05-31,459,225,0,225,0.49,0.0,25.8,25.8,LOW,0.0,0.0,0.0,0.0
34704004,AG6,Dormant - Excluded,EXCLUDED,912,2025-06-03,456,225,0,225,0.493,0.0,25.8,25.8,LOW,0.0,0.0,0.0,0.0
41345557,AG6,Dormant - Excluded,EXCLUDED,913,2026-04-13,142,74,0,74,0.521,0.0,25.8,25.8,LOW,0.0,0.0,0.0,0.0
34714137,AG6,Dormant - Excluded,EXCLUDED,914,2025-06-04,455,223,0,223,0.49,0.0,25.7,25.7,LOW,0.0,0.0,0.0,0.0
36805060,AG6,Dormant - Excluded,EXCLUDED,915,2025-09-06,361,169,0,169,0.468,0.0,25.7,25.7,LOW,0.0,0.0,0.0,0.0
35286861,AG6,Dormant - Excluded,EXCLUDED,916,2025-07-01,428,216,0,216,0.505,0.0,25.6,25.6,LOW,0.0,0.0,0.0,0.0
35087440,AG6,Dormant - Excluded,EXCLUDED,917,2025-06-23,436,218,0,218,0.5,0.0,25.6,25.6,LOW,0.0,0.0,0.0,0.0
34801360,AG6,Dormant - Excluded,EXCLUDED,918,2025-06-09,450,221,0,221,0.491,0.0,25.6,25.6,LOW,0.0,0.0,0.0,0.0
34726029,AG6,Dormant - Excluded,EXCLUDED,919,2025-06-04,455,222,0,222,0.488,0.0,25.6,25.6,LOW,0.0,0.0,0.0,0.0
34726033,AG6,Dormant - Excluded,EXCLUDED,920,2025-06-04,455,222,0,222,0.488,0.0,25.6,25.6,LOW,0.0,0.0,0.0,0.0
34792075,AG6,Dormant - Excluded,EXCLUDED,921,2025-06-06,453,222,0,222,0.49,0.0,25.6,25.6,LOW,0.0,0.0,0.0,0.0
35843461,AG6,Dormant - Excluded,EXCLUDED,922,2025-07-21,408,212,0,212,0.52,0.0,25.5,25.5,LOW,0.0,0.0,0.0,0.0
35843846,AG6,Dormant - Excluded,EXCLUDED,923,2025-07-21,408,212,0,212,0.52,0.0,25.5,25.5,LOW,0.0,0.0,0.0,0.0
35706560,AG6,Dormant - Excluded,EXCLUDED,924,2025-07-16,413,213,0,213,0.516,0.0,25.5,25.5,LOW,0.0,0.0,0.0,0.0
34949484,AG6,Dormant - Excluded,EXCLUDED,925,2025-06-16,443,219,0,219,0.494,0.0,25.5,25.5,LOW,0.0,0.0,0.0,0.0
34714175,AG6,Dormant - Excluded,EXCLUDED,926,2025-06-03,456,221,0,221,0.485,0.0,25.5,25.5,LOW,0.0,0.0,0.0,0.0
36225619,AG6,Dormant - Excluded,EXCLUDED,927,2025-08-05,393,208,0,208,0.529,0.0,25.4,25.4,LOW,0.0,0.0,0.0,0.0
35482030,AG6,Dormant - Excluded,EXCLUDED,928,2025-07-08,421,213,0,213,0.506,0.0,25.4,25.4,LOW,0.0,0.0,0.0,0.0
34949900,AG6,Dormant - Excluded,EXCLUDED,929,2025-06-16,443,218,0,218,0.492,0.0,25.4,25.4,LOW,0.0,0.0,0.0,0.0
34825568,AG6,Dormant - Excluded,EXCLUDED,930,2025-06-10,449,219,0,219,0.488,0.0,25.4,25.4,LOW,0.0,0.0,0.0,0.0
33798176,AG6,Dormant - Excluded,EXCLUDED,931,2025-04-26,494,228,0,228,0.462,0.0,25.4,25.4,LOW,0.0,0.0,0.0,0.0
34801280,AG6,Dormant - Excluded,EXCLUDED,932,2025-06-09,450,218,0,218,0.484,0.0,25.3,25.3,LOW,0.0,0.0,0.0,0.0
34849347,AG6,Dormant - Excluded,EXCLUDED,933,2025-06-11,448,218,0,218,0.487,0.0,25.3,25.3,LOW,0.0,0.0,0.0,0.0
34726036,AG6,Dormant - Excluded,EXCLUDED,934,2025-06-04,455,219,0,219,0.481,0.0,25.3,25.3,LOW,0.0,0.0,0.0,0.0
34726112,AG6,Dormant - Excluded,EXCLUDED,935,2025-06-04,455,219,0,219,0.481,0.0,25.3,25.3,LOW,0.0,0.0,0.0,0.0
38141284,AG6,Dormant - Excluded,EXCLUDED,936,2025-11-21,285,147,0,147,0.516,0.0,25.3,25.3,LOW,0.0,0.0,0.0,0.0
35843873,AG6,Dormant - Excluded,EXCLUDED,937,2025-07-21,408,210,0,210,0.515,0.0,25.2,25.2,LOW,0.0,0.0,0.0,0.0
35287020,AG6,Dormant - Excluded,EXCLUDED,938,2025-07-01,428,213,0,213,0.498,0.0,25.2,25.2,LOW,0.0,0.0,0.0,0.0
34801198,AG6,Dormant - Excluded,EXCLUDED,939,2025-06-09,450,217,0,217,0.482,0.0,25.2,25.2,LOW,0.0,0.0,0.0,0.0
33868740,AG6,Dormant - Excluded,EXCLUDED,940,2025-04-30,490,226,0,226,0.461,0.0,25.2,25.2,LOW,0.0,0.0,0.0,0.0
35843911,AG6,Dormant - Excluded,EXCLUDED,941,2025-07-21,408,209,0,209,0.512,0.0,25.1,25.1,LOW,0.0,0.0,0.0,0.0
34869075,AG6,Dormant - Excluded,EXCLUDED,942,2025-06-16,443,215,0,215,0.485,0.0,25.1,25.1,LOW,0.0,0.0,0.0,0.0
34801172,AG6,Dormant - Excluded,EXCLUDED,943,2025-06-09,450,216,0,216,0.48,0.0,25.1,25.1,LOW,0.0,0.0,0.0,0.0
34703845,AG6,Dormant - Excluded,EXCLUDED,944,2025-06-03,456,217,0,217,0.476,0.0,25.1,25.1,LOW,0.0,0.0,0.0,0.0
34704215,AG6,Dormant - Excluded,EXCLUDED,945,2025-06-03,456,217,0,217,0.476,0.0,25.1,25.1,LOW,0.0,0.0,0.0,0.0
34714125,AG6,Dormant - Excluded,EXCLUDED,946,2025-06-04,455,217,0,217,0.477,0.0,25.1,25.1,LOW,0.0,0.0,0.0,0.0
33798185,AG6,Dormant - Excluded,EXCLUDED,947,2025-04-26,494,226,0,226,0.457,0.0,25.1,25.1,LOW,0.0,0.0,0.0,0.0
33798189,AG6,Dormant - Excluded,EXCLUDED,948,2025-04-26,494,226,0,226,0.457,0.0,25.1,25.1,LOW,0.0,0.0,0.0,0.0
39749599,AG6,Dormant - Excluded,EXCLUDED,949,2026-01-31,214,125,0,125,0.584,0.0,25.1,25.1,LOW,0.0,0.0,0.0,0.0
36804963,AG6,Dormant - Excluded,EXCLUDED,950,2025-09-06,361,164,0,164,0.454,0.0,25.1,25.1,LOW,0.0,0.0,0.0,0.0
36603189,AG6,Dormant - Excluded,EXCLUDED,951,2025-08-26,372,201,0,201,0.54,0.0,25.1,25.1,LOW,0.0,0.0,0.0,0.0
35334363,AG6,Dormant - Excluded,EXCLUDED,952,2025-07-03,426,212,0,212,0.498,0.0,25.0,25.0,LOW,0.0,0.0,0.0,0.0
36226442,AG6,Dormant - Excluded,EXCLUDED,953,2025-08-05,393,204,0,204,0.519,0.0,24.9,24.9,LOW,0.0,0.0,0.0,0.0
34748924,AG6,Dormant - Excluded,EXCLUDED,954,2025-06-05,454,215,0,215,0.474,0.0,24.9,24.9,LOW,0.0,0.0,0.0,0.0
34749003,AG6,Dormant - Excluded,EXCLUDED,955,2025-06-05,454,215,0,215,0.474,0.0,24.9,24.9,LOW,0.0,0.0,0.0,0.0
34748961,AG6,Dormant - Excluded,EXCLUDED,956,2025-06-06,453,215,0,215,0.475,0.0,24.9,24.9,LOW,0.0,0.0,0.0,0.0
34783258,AG6,Dormant - Excluded,EXCLUDED,957,2025-06-06,453,215,0,215,0.475,0.0,24.9,24.9,LOW,0.0,0.0,0.0,0.0
34783339,AG6,Dormant - Excluded,EXCLUDED,958,2025-06-06,453,215,0,215,0.475,0.0,24.9,24.9,LOW,0.0,0.0,0.0,0.0
41345573,AG6,Dormant - Excluded,EXCLUDED,959,2026-04-13,142,69,0,69,0.486,0.0,24.9,24.9,LOW,0.0,0.0,0.0,0.0
39047662,AG6,Dormant - Excluded,EXCLUDED,960,2025-12-30,246,133,0,133,0.541,0.0,24.9,24.9,LOW,0.0,0.0,0.0,0.0
35843863,AG6,Dormant - Excluded,EXCLUDED,961,2025-07-21,408,207,0,207,0.507,0.0,24.8,24.8,LOW,0.0,0.0,0.0,0.0
35087492,AG6,Dormant - Excluded,EXCLUDED,962,2025-06-23,436,212,0,212,0.486,0.0,24.8,24.8,LOW,0.0,0.0,0.0,0.0
34849405,AG6,Dormant - Excluded,EXCLUDED,963,2025-06-11,448,213,0,213,0.475,0.0,24.8,24.8,LOW,0.0,0.0,0.0,0.0
34726134,AG6,Dormant - Excluded,EXCLUDED,964,2025-06-04,455,214,0,214,0.47,0.0,24.8,24.8,LOW,0.0,0.0,0.0,0.0
35843544,AG6,Dormant - Excluded,EXCLUDED,965,2025-07-20,409,206,0,206,0.504,0.0,24.7,24.7,LOW,0.0,0.0,0.0,0.0
34949525,AG6,Dormant - Excluded,EXCLUDED,966,2025-06-16,443,212,0,212,0.479,0.0,24.7,24.7,LOW,0.0,0.0,0.0,0.0
34825651,AG6,Dormant - Excluded,EXCLUDED,967,2025-06-10,449,213,0,213,0.474,0.0,24.7,24.7,LOW,0.0,0.0,0.0,0.0
34849468,AG6,Dormant - Excluded,EXCLUDED,968,2025-06-10,449,213,0,213,0.474,0.0,24.7,24.7,LOW,0.0,0.0,0.0,0.0
34469693,AG6,Dormant - Excluded,EXCLUDED,969,2025-05-26,464,216,0,216,0.466,0.0,24.7,24.7,LOW,0.0,0.0,0.0,0.0
35843656,AG6,Dormant - Excluded,EXCLUDED,970,2025-07-20,409,205,0,205,0.501,0.0,24.6,24.6,LOW,0.0,0.0,0.0,0.0
34726041,AG6,Dormant - Excluded,EXCLUDED,971,2025-06-04,455,213,0,213,0.468,0.0,24.6,24.6,LOW,0.0,0.0,0.0,0.0
34726101,AG6,Dormant - Excluded,EXCLUDED,972,2025-06-04,455,213,0,213,0.468,0.0,24.6,24.6,LOW,0.0,0.0,0.0,0.0
34745756,AG6,Dormant - Excluded,EXCLUDED,973,2025-06-05,454,213,0,213,0.469,0.0,24.6,24.6,LOW,0.0,0.0,0.0,0.0
34745725,AG6,Dormant - Excluded,EXCLUDED,974,2025-06-06,453,213,0,213,0.47,0.0,24.6,24.6,LOW,0.0,0.0,0.0,0.0
34745755,AG6,Dormant - Excluded,EXCLUDED,975,2025-06-06,453,213,0,213,0.47,0.0,24.6,24.6,LOW,0.0,0.0,0.0,0.0
34630425,AG6,Dormant - Excluded,EXCLUDED,976,2025-05-31,459,214,0,214,0.466,0.0,24.6,24.6,LOW,0.0,0.0,0.0,0.0
36225655,AG6,Dormant - Excluded,EXCLUDED,977,2025-08-05,393,201,0,201,0.511,0.0,24.6,24.6,LOW,0.0,0.0,0.0,0.0
35843528,AG6,Dormant - Excluded,EXCLUDED,978,2025-07-21,408,204,0,204,0.5,0.0,24.5,24.5,LOW,0.0,0.0,0.0,0.0
35705930,AG6,Dormant - Excluded,EXCLUDED,979,2025-07-16,413,205,0,205,0.496,0.0,24.5,24.5,LOW,0.0,0.0,0.0,0.0
34801361,AG6,Dormant - Excluded,EXCLUDED,980,2025-06-07,452,212,0,212,0.469,0.0,24.5,24.5,LOW,0.0,0.0,0.0,0.0
34745679,AG6,Dormant - Excluded,EXCLUDED,981,2025-06-05,454,212,0,212,0.467,0.0,24.4,24.4,LOW,0.0,0.0,0.0,0.0
34742585,AG6,Dormant - Excluded,EXCLUDED,982,2025-06-06,453,212,0,212,0.468,0.0,24.4,24.4,LOW,0.0,0.0,0.0,0.0
33798187,AG6,Dormant - Excluded,EXCLUDED,983,2025-04-26,494,218,0,218,0.441,0.0,24.4,24.4,LOW,0.0,0.0,0.0,0.0
39587515,AG6,Dormant - Excluded,EXCLUDED,984,2026-01-24,221,123,0,123,0.557,0.0,24.4,24.4,LOW,0.0,0.0,0.0,0.0
35706082,AG6,Dormant - Excluded,EXCLUDED,985,2025-07-16,413,203,0,203,0.492,0.0,24.3,24.3,LOW,0.0,0.0,0.0,0.0
34846761,AG6,Dormant - Excluded,EXCLUDED,986,2025-06-11,448,210,0,210,0.469,0.0,24.3,24.3,LOW,0.0,0.0,0.0,0.0
34849487,AG6,Dormant - Excluded,EXCLUDED,987,2025-06-11,448,210,0,210,0.469,0.0,24.3,24.3,LOW,0.0,0.0,0.0,0.0
34745678,AG6,Dormant - Excluded,EXCLUDED,988,2025-06-06,453,211,0,211,0.466,0.0,24.3,24.3,LOW,0.0,0.0,0.0,0.0
34703818,AG6,Dormant - Excluded,EXCLUDED,989,2025-06-03,456,212,0,212,0.465,0.0,24.3,24.3,LOW,0.0,0.0,0.0,0.0
34703937,AG6,Dormant - Excluded,EXCLUDED,990,2025-06-03,456,212,0,212,0.465,0.0,24.3,24.3,LOW,0.0,0.0,0.0,0.0
35481332,AG6,Dormant - Excluded,EXCLUDED,991,2025-07-08,421,204,0,204,0.485,0.0,24.2,24.2,LOW,0.0,0.0,0.0,0.0
34949330,AG6,Dormant - Excluded,EXCLUDED,992,2025-06-16,443,208,0,208,0.47,0.0,24.2,24.2,LOW,0.0,0.0,0.0,0.0
34869092,AG6,Dormant - Excluded,EXCLUDED,993,2025-06-12,447,209,0,209,0.468,0.0,24.2,24.2,LOW,0.0,0.0,0.0,0.0
34825544,AG6,Dormant - Excluded,EXCLUDED,994,2025-06-09,450,210,0,210,0.467,0.0,24.2,24.2,LOW,0.0,0.0,0.0,0.0
34481786,AG6,Dormant - Excluded,EXCLUDED,995,2025-05-28,462,212,0,212,0.459,0.0,24.2,24.2,LOW,0.0,0.0,0.0,0.0
36225590,AG6,Dormant - Excluded,EXCLUDED,996,2025-08-05,393,198,0,198,0.504,0.0,24.2,24.2,LOW,0.0,0.0,0.0,0.0
36225632,AG6,Dormant - Excluded,EXCLUDED,997,2025-08-05,393,198,0,198,0.504,0.0,24.2,24.2,LOW,0.0,0.0,0.0,0.0
35843880,AG6,Dormant - Excluded,EXCLUDED,998,2025-07-21,408,201,0,201,0.493,0.0,24.2,24.2,LOW,0.0,0.0,0.0,0.0
35334545,AG6,Dormant - Excluded,EXCLUDED,999,2025-07-03,426,204,0,204,0.479,0.0,24.1,24.1,LOW,0.0,0.0,0.0,0.0
34846758,AG6,Dormant - Excluded,EXCLUDED,1000,2025-06-11,448,209,0,209,0.467,0.0,24.1,24.1,LOW,0.0,0.0,0.0,0.0
34745748,AG6,Dormant - Excluded,EXCLUDED,1001,2025-06-05,454,210,0,210,0.463,0.0,24.1,24.1,LOW,0.0,0.0,0.0,0.0
34611025,AG6,Dormant - Excluded,EXCLUDED,1002,2025-05-30,460,211,0,211,0.459,0.0,24.1,24.1,LOW,0.0,0.0,0.0,0.0
34611065,AG6,Dormant - Excluded,EXCLUDED,1003,2025-05-31,459,211,0,211,0.46,0.0,24.1,24.1,LOW,0.0,0.0,0.0,0.0
34949860,AG6,Dormant - Excluded,EXCLUDED,1004,2025-06-16,443,207,0,207,0.467,0.0,24.0,24.0,LOW,0.0,0.0,0.0,0.0
34825615,AG6,Dormant - Excluded,EXCLUDED,1005,2025-06-10,449,208,0,208,0.463,0.0,24.0,24.0,LOW,0.0,0.0,0.0,0.0
34726024,AG6,Dormant - Excluded,EXCLUDED,1006,2025-06-04,455,209,0,209,0.459,0.0,24.0,24.0,LOW,0.0,0.0,0.0,0.0
34792299,AG6,Dormant - Excluded,EXCLUDED,1007,2025-06-07,452,209,0,209,0.462,0.0,24.0,24.0,LOW,0.0,0.0,0.0,0.0
34801155,AG6,Dormant - Excluded,EXCLUDED,1008,2025-06-07,452,209,0,209,0.462,0.0,24.0,24.0,LOW,0.0,0.0,0.0,0.0
33798167,AG6,Dormant - Excluded,EXCLUDED,1009,2025-04-26,494,214,0,214,0.433,0.0,24.0,24.0,LOW,0.0,0.0,0.0,0.0
35705887,AG6,Dormant - Excluded,EXCLUDED,1010,2025-07-16,413,200,0,200,0.484,0.0,24.0,24.0,LOW,0.0,0.0,0.0,0.0
34949668,AG6,Dormant - Excluded,EXCLUDED,1011,2025-06-16,443,206,0,206,0.465,0.0,23.9,23.9,LOW,0.0,0.0,0.0,0.0
34838017,AG6,Dormant - Excluded,EXCLUDED,1012,2025-06-11,448,207,0,207,0.462,0.0,23.9,23.9,LOW,0.0,0.0,0.0,0.0
34611101,AG6,Dormant - Excluded,EXCLUDED,1013,2025-05-30,460,209,0,209,0.454,0.0,23.9,23.9,LOW,0.0,0.0,0.0,0.0
38142799,AG6,Dormant - Excluded,EXCLUDED,1014,2025-11-21,285,136,0,136,0.477,0.0,23.9,23.9,LOW,0.0,0.0,0.0,0.0
36225669,AG6,Dormant - Excluded,EXCLUDED,1015,2025-08-05,393,196,0,196,0.499,0.0,23.9,23.9,LOW,0.0,0.0,0.0,0.0
34783239,AG6,Dormant - Excluded,EXCLUDED,1016,2025-06-10,449,206,0,206,0.459,0.0,23.8,23.8,LOW,0.0,0.0,0.0,0.0
34792339,AG6,Dormant - Excluded,EXCLUDED,1017,2025-06-07,452,207,0,207,0.458,0.0,23.8,23.8,LOW,0.0,0.0,0.0,0.0
34630399,AG6,Dormant - Excluded,EXCLUDED,1018,2025-05-31,459,208,0,208,0.453,0.0,23.8,23.8,LOW,0.0,0.0,0.0,0.0
34704050,AG6,Dormant - Excluded,EXCLUDED,1019,2025-06-03,456,208,0,208,0.456,0.0,23.8,23.8,LOW,0.0,0.0,0.0,0.0
34714126,AG6,Dormant - Excluded,EXCLUDED,1020,2025-06-04,455,208,0,208,0.457,0.0,23.8,23.8,LOW,0.0,0.0,0.0,0.0
35843894,AG6,Dormant - Excluded,EXCLUDED,1021,2025-07-20,409,198,0,198,0.484,0.0,23.8,23.8,LOW,0.0,0.0,0.0,0.0
35843229,AG6,Dormant - Excluded,EXCLUDED,1022,2025-07-21,408,198,0,198,0.485,0.0,23.8,23.8,LOW,0.0,0.0,0.0,0.0
34949654,AG6,Dormant - Excluded,EXCLUDED,1023,2025-06-16,443,204,0,204,0.46,0.0,23.7,23.7,LOW,0.0,0.0,0.0,0.0
34846767,AG6,Dormant - Excluded,EXCLUDED,1024,2025-06-11,448,205,0,205,0.458,0.0,23.7,23.7,LOW,0.0,0.0,0.0,0.0
36225582,AG6,Dormant - Excluded,EXCLUDED,1025,2025-08-05,393,195,0,195,0.496,0.0,23.7,23.7,LOW,0.0,0.0,0.0,0.0
35843207,AG6,Dormant - Excluded,EXCLUDED,1026,2025-07-20,409,197,0,197,0.482,0.0,23.7,23.7,LOW,0.0,0.0,0.0,0.0
35843610,AG6,Dormant - Excluded,EXCLUDED,1027,2025-07-21,408,197,0,197,0.483,0.0,23.7,23.7,LOW,0.0,0.0,0.0,0.0
35705992,AG6,Dormant - Excluded,EXCLUDED,1028,2025-07-16,413,198,0,198,0.479,0.0,23.7,23.7,LOW,0.0,0.0,0.0,0.0
35334332,AG6,Dormant - Excluded,EXCLUDED,1029,2025-07-03,426,200,0,200,0.469,0.0,23.7,23.7,LOW,0.0,0.0,0.0,0.0
34783300,AG6,Dormant - Excluded,EXCLUDED,1030,2025-06-06,453,205,0,205,0.453,0.0,23.6,23.6,LOW,0.0,0.0,0.0,0.0
34703792,AG6,Dormant - Excluded,EXCLUDED,1031,2025-06-03,456,206,0,206,0.452,0.0,23.6,23.6,LOW,0.0,0.0,0.0,0.0
36764705,AG6,Dormant - Excluded,EXCLUDED,1032,2025-09-04,363,152,0,152,0.419,0.0,23.6,23.6,LOW,0.0,0.0,0.0,0.0
35843372,AG6,Dormant - Excluded,EXCLUDED,1033,2025-07-21,408,196,0,196,0.48,0.0,23.6,23.6,LOW,0.0,0.0,0.0,0.0
35706230,AG6,Dormant - Excluded,EXCLUDED,1034,2025-07-16,413,197,0,197,0.477,0.0,23.6,23.6,LOW,0.0,0.0,0.0,0.0
34869090,AG6,Dormant - Excluded,EXCLUDED,1035,2025-06-12,447,203,0,203,0.454,0.0,23.5,23.5,LOW,0.0,0.0,0.0,0.0
34949854,AG6,Dormant - Excluded,EXCLUDED,1036,2025-06-16,443,203,0,203,0.458,0.0,23.5,23.5,LOW,0.0,0.0,0.0,0.0
36603268,AG6,Dormant - Excluded,EXCLUDED,1037,2025-08-26,372,189,0,189,0.508,0.0,23.5,23.5,LOW,0.0,0.0,0.0,0.0
35334348,AG6,Dormant - Excluded,EXCLUDED,1038,2025-07-03,426,199,0,199,0.467,0.0,23.5,23.5,LOW,0.0,0.0,0.0,0.0
34846946,AG6,Dormant - Excluded,EXCLUDED,1039,2025-06-10,449,203,0,203,0.452,0.0,23.4,23.4,LOW,0.0,0.0,0.0,0.0
34703815,AG6,Dormant - Excluded,EXCLUDED,1040,2025-06-03,456,204,0,204,0.447,0.0,23.4,23.4,LOW,0.0,0.0,0.0,0.0
33868735,AG6,Dormant - Excluded,EXCLUDED,1041,2025-04-30,490,209,0,209,0.427,0.0,23.4,23.4,LOW,0.0,0.0,0.0,0.0
35843264,AG6,Dormant - Excluded,EXCLUDED,1042,2025-07-20,409,195,0,195,0.477,0.0,23.4,23.4,LOW,0.0,0.0,0.0,0.0
35843694,AG6,Dormant - Excluded,EXCLUDED,1043,2025-07-21,408,195,0,195,0.478,0.0,23.4,23.4,LOW,0.0,0.0,0.0,0.0
35843882,AG6,Dormant - Excluded,EXCLUDED,1044,2025-07-21,408,195,0,195,0.478,0.0,23.4,23.4,LOW,0.0,0.0,0.0,0.0
34846772,AG6,Dormant - Excluded,EXCLUDED,1045,2025-06-11,448,202,0,202,0.451,0.0,23.3,23.3,LOW,0.0,0.0,0.0,0.0
34849401,AG6,Dormant - Excluded,EXCLUDED,1046,2025-06-11,448,202,0,202,0.451,0.0,23.3,23.3,LOW,0.0,0.0,0.0,0.0
34611021,AG6,Dormant - Excluded,EXCLUDED,1047,2025-05-30,460,203,0,203,0.441,0.0,23.3,23.3,LOW,0.0,0.0,0.0,0.0
36225579,AG6,Dormant - Excluded,EXCLUDED,1048,2025-08-06,392,192,0,192,0.49,0.0,23.3,23.3,LOW,0.0,0.0,0.0,0.0
36225606,AG6,Dormant - Excluded,EXCLUDED,1049,2025-08-06,392,192,0,192,0.49,0.0,23.3,23.3,LOW,0.0,0.0,0.0,0.0
36764488,AG6,Dormant - Excluded,EXCLUDED,1050,2025-09-04,363,148,0,148,0.408,0.0,23.2,23.2,LOW,0.0,0.0,0.0,0.0
34949620,AG6,Dormant - Excluded,EXCLUDED,1051,2025-06-16,443,199,0,199,0.449,0.0,23.2,23.2,LOW,0.0,0.0,0.0,0.0
38142808,AG6,Dormant - Excluded,EXCLUDED,1052,2025-11-21,285,131,0,131,0.46,0.0,23.1,23.1,LOW,0.0,0.0,0.0,0.0
35843683,AG6,Dormant - Excluded,EXCLUDED,1053,2025-07-21,408,193,0,193,0.473,0.0,23.1,23.1,LOW,0.0,0.0,0.0,0.0
35843862,AG6,Dormant - Excluded,EXCLUDED,1054,2025-07-21,408,193,0,193,0.473,0.0,23.1,23.1,LOW,0.0,0.0,0.0,0.0
34846740,AG6,Dormant - Excluded,EXCLUDED,1055,2025-06-11,448,199,0,199,0.444,0.0,23.1,23.1,LOW,0.0,0.0,0.0,0.0
34869058,AG6,Dormant - Excluded,EXCLUDED,1056,2025-06-12,447,199,0,199,0.445,0.0,23.1,23.1,LOW,0.0,0.0,0.0,0.0
34869126,AG6,Dormant - Excluded,EXCLUDED,1057,2025-06-12,447,199,0,199,0.445,0.0,23.1,23.1,LOW,0.0,0.0,0.0,0.0
34704349,AG6,Dormant - Excluded,EXCLUDED,1058,2025-06-03,456,201,0,201,0.441,0.0,23.1,23.1,LOW,0.0,0.0,0.0,0.0
35843279,AG6,Dormant - Excluded,EXCLUDED,1059,2025-07-21,408,192,0,192,0.471,0.0,23.0,23.0,LOW,0.0,0.0,0.0,0.0
34949816,AG6,Dormant - Excluded,EXCLUDED,1060,2025-06-16,443,198,0,198,0.447,0.0,23.0,23.0,LOW,0.0,0.0,0.0,0.0
34949886,AG6,Dormant - Excluded,EXCLUDED,1061,2025-06-16,443,198,0,198,0.447,0.0,23.0,23.0,LOW,0.0,0.0,0.0,0.0
34703921,AG6,Dormant - Excluded,EXCLUDED,1062,2025-06-03,456,199,0,199,0.436,0.0,23.0,23.0,LOW,0.0,0.0,0.0,0.0
38142703,AG6,Dormant - Excluded,EXCLUDED,1063,2025-11-21,285,130,0,130,0.456,0.0,22.9,22.9,LOW,0.0,0.0,0.0,0.0
34801195,AG6,Dormant - Excluded,EXCLUDED,1064,2025-06-09,450,198,0,198,0.44,0.0,22.9,22.9,LOW,0.0,0.0,0.0,0.0
34630405,AG6,Dormant - Excluded,EXCLUDED,1065,2025-05-31,459,199,0,199,0.434,0.0,22.9,22.9,LOW,0.0,0.0,0.0,0.0
34726019,AG6,Dormant - Excluded,EXCLUDED,1066,2025-06-04,455,198,0,198,0.435,0.0,22.8,22.8,LOW,0.0,0.0,0.0,0.0
34783294,AG6,Dormant - Excluded,EXCLUDED,1067,2025-06-06,453,198,0,198,0.437,0.0,22.8,22.8,LOW,0.0,0.0,0.0,0.0
36804984,AG6,Dormant - Excluded,EXCLUDED,1068,2025-09-06,361,145,0,145,0.402,0.0,22.7,22.7,LOW,0.0,0.0,0.0,0.0
35087886,AG6,Dormant - Excluded,EXCLUDED,1069,2025-06-23,436,195,0,195,0.447,0.0,22.7,22.7,LOW,0.0,0.0,0.0,0.0
38142771,AG6,Dormant - Excluded,EXCLUDED,1070,2025-11-21,285,128,0,128,0.449,0.0,22.6,22.6,LOW,0.0,0.0,0.0,0.0
36225628,AG6,Dormant - Excluded,EXCLUDED,1071,2025-08-05,393,186,0,186,0.473,0.0,22.6,22.6,LOW,0.0,0.0,0.0,0.0
34846727,AG6,Dormant - Excluded,EXCLUDED,1072,2025-06-11,448,195,0,195,0.435,0.0,22.6,22.6,LOW,0.0,0.0,0.0,0.0
34949853,AG6,Dormant - Excluded,EXCLUDED,1073,2025-06-16,443,195,0,195,0.44,0.0,22.6,22.6,LOW,0.0,0.0,0.0,0.0
34745764,AG6,Dormant - Excluded,EXCLUDED,1074,2025-06-06,453,196,0,196,0.433,0.0,22.6,22.6,LOW,0.0,0.0,0.0,0.0
34783251,AG6,Dormant - Excluded,EXCLUDED,1075,2025-06-07,452,196,0,196,0.434,0.0,22.6,22.6,LOW,0.0,0.0,0.0,0.0
34792345,AG6,Dormant - Excluded,EXCLUDED,1076,2025-06-07,452,196,0,196,0.434,0.0,22.6,22.6,LOW,0.0,0.0,0.0,0.0
35843592,AG6,Dormant - Excluded,EXCLUDED,1077,2025-07-21,408,189,0,189,0.463,0.0,22.5,22.5,LOW,0.0,0.0,0.0,0.0
35087578,AG6,Dormant - Excluded,EXCLUDED,1078,2025-06-23,436,193,0,193,0.443,0.0,22.5,22.5,LOW,0.0,0.0,0.0,0.0
34481762,AG6,Dormant - Excluded,EXCLUDED,1079,2025-05-28,462,197,0,197,0.426,0.0,22.5,22.5,LOW,0.0,0.0,0.0,0.0
34481765,AG6,Dormant - Excluded,EXCLUDED,1080,2025-05-28,462,197,0,197,0.426,0.0,22.5,22.5,LOW,0.0,0.0,0.0,0.0
36225617,AG6,Dormant - Excluded,EXCLUDED,1081,2025-08-06,392,184,0,184,0.469,0.0,22.4,22.4,LOW,0.0,0.0,0.0,0.0
34703898,AG6,Dormant - Excluded,EXCLUDED,1082,2025-06-03,456,195,0,195,0.428,0.0,22.4,22.4,LOW,0.0,0.0,0.0,0.0
34703934,AG6,Dormant - Excluded,EXCLUDED,1083,2025-06-03,456,195,0,195,0.428,0.0,22.4,22.4,LOW,0.0,0.0,0.0,0.0
34726016,AG6,Dormant - Excluded,EXCLUDED,1084,2025-06-04,455,195,0,195,0.429,0.0,22.4,22.4,LOW,0.0,0.0,0.0,0.0
34726017,AG6,Dormant - Excluded,EXCLUDED,1085,2025-06-04,455,195,0,195,0.429,0.0,22.4,22.4,LOW,0.0,0.0,0.0,0.0
39749630,AG6,Dormant - Excluded,EXCLUDED,1086,2026-01-31,214,110,0,110,0.514,0.0,22.3,22.3,LOW,0.0,0.0,0.0,0.0
35843335,AG6,Dormant - Excluded,EXCLUDED,1087,2025-07-21,408,187,0,187,0.458,0.0,22.3,22.3,LOW,0.0,0.0,0.0,0.0
35481923,AG6,Dormant - Excluded,EXCLUDED,1088,2025-07-08,421,189,0,189,0.449,0.0,22.3,22.3,LOW,0.0,0.0,0.0,0.0
34801186,AG6,Dormant - Excluded,EXCLUDED,1089,2025-06-09,450,194,0,194,0.431,0.0,22.3,22.3,LOW,0.0,0.0,0.0,0.0
34949802,AG6,Dormant - Excluded,EXCLUDED,1090,2025-06-16,443,192,0,192,0.433,0.0,22.2,22.2,LOW,0.0,0.0,0.0,0.0
34846747,AG6,Dormant - Excluded,EXCLUDED,1091,2025-06-11,448,193,0,193,0.431,0.0,22.2,22.2,LOW,0.0,0.0,0.0,0.0
34704123,AG6,Dormant - Excluded,EXCLUDED,1092,2025-06-03,456,194,0,194,0.425,0.0,22.2,22.2,LOW,0.0,0.0,0.0,0.0
34704258,AG6,Dormant - Excluded,EXCLUDED,1093,2025-06-03,456,194,0,194,0.425,0.0,22.2,22.2,LOW,0.0,0.0,0.0,0.0
34714173,AG6,Dormant - Excluded,EXCLUDED,1094,2025-06-04,455,194,0,194,0.426,0.0,22.2,22.2,LOW,0.0,0.0,0.0,0.0
34726014,AG6,Dormant - Excluded,EXCLUDED,1095,2025-06-04,455,194,0,194,0.426,0.0,22.2,22.2,LOW,0.0,0.0,0.0,0.0
34745720,AG6,Dormant - Excluded,EXCLUDED,1096,2025-06-05,454,194,0,194,0.427,0.0,22.2,22.2,LOW,0.0,0.0,0.0,0.0
33798170,AG6,Dormant - Excluded,EXCLUDED,1097,2025-04-26,494,200,0,200,0.405,0.0,22.2,22.2,LOW,0.0,0.0,0.0,0.0
35843815,AG6,Dormant - Excluded,EXCLUDED,1098,2025-07-21,408,185,0,185,0.453,0.0,22.1,22.1,LOW,0.0,0.0,0.0,0.0
34949215,AG6,Dormant - Excluded,EXCLUDED,1099,2025-06-16,443,191,0,191,0.431,0.0,22.1,22.1,LOW,0.0,0.0,0.0,0.0
34949502,AG6,Dormant - Excluded,EXCLUDED,1100,2025-06-16,443,191,0,191,0.431,0.0,22.1,22.1,LOW,0.0,0.0,0.0,0.0
34949836,AG6,Dormant - Excluded,EXCLUDED,1101,2025-06-16,443,191,0,191,0.431,0.0,22.1,22.1,LOW,0.0,0.0,0.0,0.0
34837987,AG6,Dormant - Excluded,EXCLUDED,1102,2025-06-11,448,192,0,192,0.429,0.0,22.1,22.1,LOW,0.0,0.0,0.0,0.0
34726015,AG6,Dormant - Excluded,EXCLUDED,1103,2025-06-04,455,193,0,193,0.424,0.0,22.1,22.1,LOW,0.0,0.0,0.0,0.0
34630394,AG6,Dormant - Excluded,EXCLUDED,1104,2025-05-31,459,194,0,194,0.423,0.0,22.1,22.1,LOW,0.0,0.0,0.0,0.0
35334694,AG6,Dormant - Excluded,EXCLUDED,1105,2025-07-04,425,187,0,187,0.44,0.0,22.0,22.0,LOW,0.0,0.0,0.0,0.0
35482055,AG6,Dormant - Excluded,EXCLUDED,1106,2025-07-08,421,187,0,187,0.444,0.0,22.0,22.0,LOW,0.0,0.0,0.0,0.0
34703812,AG6,Dormant - Excluded,EXCLUDED,1107,2025-06-03,456,193,0,193,0.423,0.0,22.0,22.0,LOW,0.0,0.0,0.0,0.0
34704328,AG6,Dormant - Excluded,EXCLUDED,1108,2025-06-03,456,193,0,193,0.423,0.0,22.0,22.0,LOW,0.0,0.0,0.0,0.0
35843547,AG6,Dormant - Excluded,EXCLUDED,1109,2025-07-21,408,184,0,184,0.451,0.0,21.9,21.9,LOW,0.0,0.0,0.0,0.0
35087550,AG6,Dormant - Excluded,EXCLUDED,1110,2025-06-23,436,188,0,188,0.431,0.0,21.9,21.9,LOW,0.0,0.0,0.0,0.0
34949843,AG6,Dormant - Excluded,EXCLUDED,1111,2025-06-16,443,189,0,189,0.427,0.0,21.9,21.9,LOW,0.0,0.0,0.0,0.0
34825545,AG6,Dormant - Excluded,EXCLUDED,1112,2025-06-10,449,191,0,191,0.425,0.0,21.9,21.9,LOW,0.0,0.0,0.0,0.0
34704224,AG6,Dormant - Excluded,EXCLUDED,1113,2025-06-03,456,192,0,192,0.421,0.0,21.9,21.9,LOW,0.0,0.0,0.0,0.0
34714064,AG6,Dormant - Excluded,EXCLUDED,1114,2025-06-03,456,192,0,192,0.421,0.0,21.9,21.9,LOW,0.0,0.0,0.0,0.0
34745771,AG6,Dormant - Excluded,EXCLUDED,1115,2025-06-06,453,192,0,192,0.424,0.0,21.9,21.9,LOW,0.0,0.0,0.0,0.0
34783229,AG6,Dormant - Excluded,EXCLUDED,1116,2025-06-06,453,192,0,192,0.424,0.0,21.9,21.9,LOW,0.0,0.0,0.0,0.0
34838031,AG6,Dormant - Excluded,EXCLUDED,1117,2025-06-11,448,190,0,190,0.424,0.0,21.8,21.8,LOW,0.0,0.0,0.0,0.0
34792175,AG6,Dormant - Excluded,EXCLUDED,1118,2025-06-06,453,191,0,191,0.422,0.0,21.8,21.8,LOW,0.0,0.0,0.0,0.0
35843837,AG6,Dormant - Excluded,EXCLUDED,1119,2025-07-21,408,182,0,182,0.446,0.0,21.7,21.7,LOW,0.0,0.0,0.0,0.0
34838033,AG6,Dormant - Excluded,EXCLUDED,1120,2025-06-11,448,189,0,189,0.422,0.0,21.7,21.7,LOW,0.0,0.0,0.0,0.0
34838054,AG6,Dormant - Excluded,EXCLUDED,1121,2025-06-11,448,189,0,189,0.422,0.0,21.7,21.7,LOW,0.0,0.0,0.0,0.0
35481340,AG6,Dormant - Excluded,EXCLUDED,1122,2025-07-08,421,183,0,183,0.435,0.0,21.6,21.6,LOW,0.0,0.0,0.0,0.0
35087425,AG6,Dormant - Excluded,EXCLUDED,1123,2025-06-23,436,186,0,186,0.427,0.0,21.6,21.6,LOW,0.0,0.0,0.0,0.0
34726018,AG6,Dormant - Excluded,EXCLUDED,1124,2025-06-04,455,189,0,189,0.415,0.0,21.6,21.6,LOW,0.0,0.0,0.0,0.0
34849447,AG6,Dormant - Excluded,EXCLUDED,1125,2025-06-10,449,189,0,189,0.421,0.0,21.6,21.6,LOW,0.0,0.0,0.0,0.0
33798168,AG6,Dormant - Excluded,EXCLUDED,1126,2025-04-26,494,195,0,195,0.395,0.0,21.6,21.6,LOW,0.0,0.0,0.0,0.0
35843539,AG6,Dormant - Excluded,EXCLUDED,1127,2025-07-20,409,180,0,180,0.44,0.0,21.5,21.5,LOW,0.0,0.0,0.0,0.0
34849395,AG6,Dormant - Excluded,EXCLUDED,1128,2025-06-11,448,187,0,187,0.417,0.0,21.5,21.5,LOW,0.0,0.0,0.0,0.0
34745724,AG6,Dormant - Excluded,EXCLUDED,1129,2025-06-06,453,188,0,188,0.415,0.0,21.5,21.5,LOW,0.0,0.0,0.0,0.0
34801285,AG6,Dormant - Excluded,EXCLUDED,1130,2025-06-07,452,188,0,188,0.416,0.0,21.5,21.5,LOW,0.0,0.0,0.0,0.0
34801180,AG6,Dormant - Excluded,EXCLUDED,1131,2025-06-09,450,188,0,188,0.418,0.0,21.5,21.5,LOW,0.0,0.0,0.0,0.0
34849390,AG6,Dormant - Excluded,EXCLUDED,1132,2025-06-11,448,188,0,188,0.42,0.0,21.5,21.5,LOW,0.0,0.0,0.0,0.0
34703885,AG6,Dormant - Excluded,EXCLUDED,1133,2025-06-03,456,189,0,189,0.414,0.0,21.5,21.5,LOW,0.0,0.0,0.0,0.0
41345551,AG6,Dormant - Excluded,EXCLUDED,1134,2026-04-13,142,51,0,51,0.359,0.0,21.4,21.4,LOW,0.0,0.0,0.0,0.0
35898416,AG6,Dormant - Excluded,EXCLUDED,1135,2025-07-24,405,179,0,179,0.442,0.0,21.4,21.4,LOW,0.0,0.0,0.0,0.0
34846756,AG6,Dormant - Excluded,EXCLUDED,1136,2025-06-11,448,186,0,186,0.415,0.0,21.4,21.4,LOW,0.0,0.0,0.0,0.0
34846759,AG6,Dormant - Excluded,EXCLUDED,1137,2025-06-11,448,186,0,186,0.415,0.0,21.4,21.4,LOW,0.0,0.0,0.0,0.0
34846765,AG6,Dormant - Excluded,EXCLUDED,1138,2025-06-11,448,186,0,186,0.415,0.0,21.4,21.4,LOW,0.0,0.0,0.0,0.0
39587462,AG6,Dormant - Excluded,EXCLUDED,1139,2026-01-23,222,106,0,106,0.477,0.0,21.3,21.3,LOW,0.0,0.0,0.0,0.0
35843427,AG6,Dormant - Excluded,EXCLUDED,1140,2025-07-21,408,179,0,179,0.439,0.0,21.3,21.3,LOW,0.0,0.0,0.0,0.0
35843464,AG6,Dormant - Excluded,EXCLUDED,1141,2025-07-21,408,179,0,179,0.439,0.0,21.3,21.3,LOW,0.0,0.0,0.0,0.0
34714170,AG6,Dormant - Excluded,EXCLUDED,1142,2025-06-04,455,187,0,187,0.411,0.0,21.3,21.3,LOW,0.0,0.0,0.0,0.0
35843492,AG6,Dormant - Excluded,EXCLUDED,1143,2025-07-21,408,177,0,177,0.434,0.0,21.2,21.2,LOW,0.0,0.0,0.0,0.0
34825614,AG6,Dormant - Excluded,EXCLUDED,1144,2025-06-09,450,185,0,185,0.411,0.0,21.2,21.2,LOW,0.0,0.0,0.0,0.0
34825590,AG6,Dormant - Excluded,EXCLUDED,1145,2025-06-10,449,185,0,185,0.412,0.0,21.2,21.2,LOW,0.0,0.0,0.0,0.0
34837933,AG6,Dormant - Excluded,EXCLUDED,1146,2025-06-11,448,185,0,185,0.413,0.0,21.2,21.2,LOW,0.0,0.0,0.0,0.0
34849393,AG6,Dormant - Excluded,EXCLUDED,1147,2025-06-11,448,185,0,185,0.413,0.0,21.2,21.2,LOW,0.0,0.0,0.0,0.0
34726020,AG6,Dormant - Excluded,EXCLUDED,1148,2025-06-04,455,185,0,185,0.407,0.0,21.1,21.1,LOW,0.0,0.0,0.0,0.0
34745715,AG6,Dormant - Excluded,EXCLUDED,1149,2025-06-06,453,185,0,185,0.408,0.0,21.1,21.1,LOW,0.0,0.0,0.0,0.0
34846922,AG6,Dormant - Excluded,EXCLUDED,1150,2025-06-10,449,183,0,183,0.408,0.0,21.0,21.0,LOW,0.0,0.0,0.0,0.0
34869116,AG6,Dormant - Excluded,EXCLUDED,1151,2025-06-12,447,183,0,183,0.409,0.0,21.0,21.0,LOW,0.0,0.0,0.0,0.0
35843756,AG6,Dormant - Excluded,EXCLUDED,1152,2025-07-21,408,175,0,175,0.429,0.0,20.9,20.9,LOW,0.0,0.0,0.0,0.0
35898407,AG6,Dormant - Excluded,EXCLUDED,1153,2025-07-23,406,175,0,175,0.431,0.0,20.9,20.9,LOW,0.0,0.0,0.0,0.0
35341416,AG6,Dormant - Excluded,EXCLUDED,1154,2025-07-03,426,179,0,179,0.42,0.0,20.9,20.9,LOW,0.0,0.0,0.0,0.0
34869119,AG6,Dormant - Excluded,EXCLUDED,1155,2025-06-12,447,182,0,182,0.407,0.0,20.9,20.9,LOW,0.0,0.0,0.0,0.0
34801305,AG6,Dormant - Excluded,EXCLUDED,1156,2025-06-07,452,183,0,183,0.405,0.0,20.9,20.9,LOW,0.0,0.0,0.0,0.0
34630401,AG6,Dormant - Excluded,EXCLUDED,1157,2025-05-31,459,184,0,184,0.401,0.0,20.9,20.9,LOW,0.0,0.0,0.0,0.0
34745727,AG6,Dormant - Excluded,EXCLUDED,1158,2025-06-05,454,184,0,184,0.405,0.0,20.9,20.9,LOW,0.0,0.0,0.0,0.0
41345567,AG6,Dormant - Excluded,EXCLUDED,1159,2026-04-13,142,47,0,47,0.331,0.0,20.8,20.8,LOW,0.0,0.0,0.0,0.0
34849392,AG6,Dormant - Excluded,EXCLUDED,1160,2025-06-10,449,182,0,182,0.405,0.0,20.8,20.8,LOW,0.0,0.0,0.0,0.0
34837984,AG6,Dormant - Excluded,EXCLUDED,1161,2025-06-11,448,182,0,182,0.406,0.0,20.8,20.8,LOW,0.0,0.0,0.0,0.0
34838025,AG6,Dormant - Excluded,EXCLUDED,1162,2025-06-11,448,182,0,182,0.406,0.0,20.8,20.8,LOW,0.0,0.0,0.0,0.0
34846728,AG6,Dormant - Excluded,EXCLUDED,1163,2025-06-11,448,182,0,182,0.406,0.0,20.8,20.8,LOW,0.0,0.0,0.0,0.0
34704173,AG6,Dormant - Excluded,EXCLUDED,1164,2025-06-03,456,183,0,183,0.401,0.0,20.8,20.8,LOW,0.0,0.0,0.0,0.0
34748985,AG6,Dormant - Excluded,EXCLUDED,1165,2025-06-06,453,183,0,183,0.404,0.0,20.8,20.8,LOW,0.0,0.0,0.0,0.0
35843590,AG6,Dormant - Excluded,EXCLUDED,1166,2025-07-21,408,174,0,174,0.426,0.0,20.7,20.7,LOW,0.0,0.0,0.0,0.0
35706238,AG6,Dormant - Excluded,EXCLUDED,1167,2025-07-16,413,175,0,175,0.424,0.0,20.7,20.7,LOW,0.0,0.0,0.0,0.0
34949471,AG6,Dormant - Excluded,EXCLUDED,1168,2025-06-16,443,180,0,180,0.406,0.0,20.7,20.7,LOW,0.0,0.0,0.0,0.0
34838030,AG6,Dormant - Excluded,EXCLUDED,1169,2025-06-11,448,181,0,181,0.404,0.0,20.7,20.7,LOW,0.0,0.0,0.0,0.0
34869111,AG6,Dormant - Excluded,EXCLUDED,1170,2025-06-12,447,181,0,181,0.405,0.0,20.7,20.7,LOW,0.0,0.0,0.0,0.0
35898426,AG6,Dormant - Excluded,EXCLUDED,1171,2025-07-24,405,172,0,172,0.425,0.0,20.6,20.6,LOW,0.0,0.0,0.0,0.0
35843782,AG6,Dormant - Excluded,EXCLUDED,1172,2025-07-21,408,173,0,173,0.424,0.0,20.6,20.6,LOW,0.0,0.0,0.0,0.0
35087423,AG6,Dormant - Excluded,EXCLUDED,1173,2025-06-23,436,178,0,178,0.408,0.0,20.6,20.6,LOW,0.0,0.0,0.0,0.0
34703861,AG6,Dormant - Excluded,EXCLUDED,1174,2025-06-03,456,181,0,181,0.397,0.0,20.6,20.6,LOW,0.0,0.0,0.0,0.0
34703956,AG6,Dormant - Excluded,EXCLUDED,1175,2025-06-04,455,181,0,181,0.398,0.0,20.6,20.6,LOW,0.0,0.0,0.0,0.0
36603185,AG6,Dormant - Excluded,EXCLUDED,1176,2025-08-26,372,165,0,165,0.444,0.0,20.5,20.5,LOW,0.0,0.0,0.0,0.0
34714146,AG6,Dormant - Excluded,EXCLUDED,1177,2025-06-04,455,180,0,180,0.396,0.0,20.5,20.5,LOW,0.0,0.0,0.0,0.0
34714160,AG6,Dormant - Excluded,EXCLUDED,1178,2025-06-04,455,180,0,180,0.396,0.0,20.5,20.5,LOW,0.0,0.0,0.0,0.0
36225650,AG6,Dormant - Excluded,EXCLUDED,1179,2025-08-05,393,168,0,168,0.427,0.0,20.4,20.4,LOW,0.0,0.0,0.0,0.0
34783273,AG6,Dormant - Excluded,EXCLUDED,1180,2025-06-06,453,179,0,179,0.395,0.0,20.4,20.4,LOW,0.0,0.0,0.0,0.0
34801296,AG6,Dormant - Excluded,EXCLUDED,1181,2025-06-07,452,179,0,179,0.396,0.0,20.4,20.4,LOW,0.0,0.0,0.0,0.0
34703790,AG6,Dormant - Excluded,EXCLUDED,1182,2025-06-03,456,180,0,180,0.395,0.0,20.4,20.4,LOW,0.0,0.0,0.0,0.0
34704217,AG6,Dormant - Excluded,EXCLUDED,1183,2025-06-03,456,180,0,180,0.395,0.0,20.4,20.4,LOW,0.0,0.0,0.0,0.0
35334493,AG6,Dormant - Excluded,EXCLUDED,1184,2025-07-03,426,174,0,174,0.408,0.0,20.3,20.3,LOW,0.0,0.0,0.0,0.0
35087617,AG6,Dormant - Excluded,EXCLUDED,1185,2025-06-23,436,176,0,176,0.404,0.0,20.3,20.3,LOW,0.0,0.0,0.0,0.0
34869101,AG6,Dormant - Excluded,EXCLUDED,1186,2025-06-11,448,178,0,178,0.397,0.0,20.3,20.3,LOW,0.0,0.0,0.0,0.0
34630386,AG6,Dormant - Excluded,EXCLUDED,1187,2025-05-31,459,179,0,179,0.39,0.0,20.3,20.3,LOW,0.0,0.0,0.0,0.0
34704051,AG6,Dormant - Excluded,EXCLUDED,1188,2025-06-03,456,179,0,179,0.393,0.0,20.3,20.3,LOW,0.0,0.0,0.0,0.0
34469736,AG6,Dormant - Excluded,EXCLUDED,1189,2025-05-26,464,180,0,180,0.388,0.0,20.3,20.3,LOW,0.0,0.0,0.0,0.0
35843687,AG6,Dormant - Excluded,EXCLUDED,1190,2025-07-21,408,170,0,170,0.417,0.0,20.2,20.2,LOW,0.0,0.0,0.0,0.0
35843764,AG6,Dormant - Excluded,EXCLUDED,1191,2025-07-21,408,170,0,170,0.417,0.0,20.2,20.2,LOW,0.0,0.0,0.0,0.0
34869086,AG6,Dormant - Excluded,EXCLUDED,1192,2025-06-12,447,176,0,176,0.394,0.0,20.2,20.2,LOW,0.0,0.0,0.0,0.0
34745743,AG6,Dormant - Excluded,EXCLUDED,1193,2025-06-05,454,178,0,178,0.392,0.0,20.2,20.2,LOW,0.0,0.0,0.0,0.0
34783232,AG6,Dormant - Excluded,EXCLUDED,1194,2025-06-06,453,178,0,178,0.393,0.0,20.2,20.2,LOW,0.0,0.0,0.0,0.0
36603196,AG6,Dormant - Excluded,EXCLUDED,1195,2025-08-26,372,161,0,161,0.433,0.0,20.1,20.1,LOW,0.0,0.0,0.0,0.0
35706452,AG6,Dormant - Excluded,EXCLUDED,1196,2025-07-16,413,170,0,170,0.412,0.0,20.1,20.1,LOW,0.0,0.0,0.0,0.0
35087342,AG6,Dormant - Excluded,EXCLUDED,1197,2025-06-23,436,174,0,174,0.399,0.0,20.1,20.1,LOW,0.0,0.0,0.0,0.0
35087989,AG6,Dormant - Excluded,EXCLUDED,1198,2025-06-23,436,174,0,174,0.399,0.0,20.1,20.1,LOW,0.0,0.0,0.0,0.0
34869103,AG6,Dormant - Excluded,EXCLUDED,1199,2025-06-11,448,176,0,176,0.393,0.0,20.1,20.1,LOW,0.0,0.0,0.0,0.0
34704320,AG6,Dormant - Excluded,EXCLUDED,1200,2025-06-03,456,177,0,177,0.388,0.0,20.1,20.1,LOW,0.0,0.0,0.0,0.0
34726091,AG6,Dormant - Excluded,EXCLUDED,1201,2025-06-04,455,177,0,177,0.389,0.0,20.1,20.1,LOW,0.0,0.0,0.0,0.0
34745784,AG6,Dormant - Excluded,EXCLUDED,1202,2025-06-06,453,177,0,177,0.391,0.0,20.1,20.1,LOW,0.0,0.0,0.0,0.0
34630395,AG6,Dormant - Excluded,EXCLUDED,1203,2025-05-31,459,178,0,178,0.388,0.0,20.1,20.1,LOW,0.0,0.0,0.0,0.0
35843637,AG6,Dormant - Excluded,EXCLUDED,1204,2025-07-21,408,168,0,168,0.412,0.0,20.0,20.0,LOW,0.0,0.0,0.0,0.0
34949273,AG6,Dormant - Excluded,EXCLUDED,1205,2025-06-16,443,174,0,174,0.393,0.0,20.0,20.0,LOW,0.0,0.0,0.0,0.0
34825664,AG6,Dormant - Excluded,EXCLUDED,1206,2025-06-10,449,175,0,175,0.39,0.0,20.0,20.0,LOW,0.0,0.0,0.0,0.0
34869107,AG6,Dormant - Excluded,EXCLUDED,1207,2025-06-12,447,175,0,175,0.391,0.0,20.0,20.0,LOW,0.0,0.0,0.0,0.0
36226441,AG6,Dormant - Excluded,EXCLUDED,1208,2025-08-05,393,165,0,165,0.42,0.0,19.9,19.9,LOW,0.0,0.0,0.0,0.0
35843770,AG6,Dormant - Excluded,EXCLUDED,1209,2025-07-21,408,167,0,167,0.409,0.0,19.9,19.9,LOW,0.0,0.0,0.0,0.0
35482000,AG6,Dormant - Excluded,EXCLUDED,1210,2025-07-08,421,170,0,170,0.404,0.0,19.9,19.9,LOW,0.0,0.0,0.0,0.0
34611051,AG6,Dormant - Excluded,EXCLUDED,1211,2025-05-31,459,176,0,176,0.383,0.0,19.9,19.9,LOW,0.0,0.0,0.0,0.0
35087951,AG6,Dormant - Excluded,EXCLUDED,1212,2025-06-23,436,171,0,171,0.392,0.0,19.8,19.8,LOW,0.0,0.0,0.0,0.0
34745746,AG6,Dormant - Excluded,EXCLUDED,1213,2025-06-05,454,174,0,174,0.383,0.0,19.8,19.8,LOW,0.0,0.0,0.0,0.0
34846856,AG6,Dormant - Excluded,EXCLUDED,1214,2025-06-10,449,174,0,174,0.388,0.0,19.8,19.8,LOW,0.0,0.0,0.0,0.0
34481779,AG6,Dormant - Excluded,EXCLUDED,1215,2025-05-28,462,175,0,175,0.379,0.0,19.8,19.8,LOW,0.0,0.0,0.0,0.0
35843710,AG6,Dormant - Excluded,EXCLUDED,1216,2025-07-21,408,166,0,166,0.407,0.0,19.7,19.7,LOW,0.0,0.0,0.0,0.0
35843895,AG6,Dormant - Excluded,EXCLUDED,1217,2025-07-21,408,166,0,166,0.407,0.0,19.7,19.7,LOW,0.0,0.0,0.0,0.0
35705880,AG6,Dormant - Excluded,EXCLUDED,1218,2025-07-16,413,167,0,167,0.404,0.0,19.7,19.7,LOW,0.0,0.0,0.0,0.0
35334450,AG6,Dormant - Excluded,EXCLUDED,1219,2025-07-03,426,169,0,169,0.397,0.0,19.7,19.7,LOW,0.0,0.0,0.0,0.0
34837986,AG6,Dormant - Excluded,EXCLUDED,1220,2025-06-11,448,172,0,172,0.384,0.0,19.7,19.7,LOW,0.0,0.0,0.0,0.0
34949761,AG6,Dormant - Excluded,EXCLUDED,1221,2025-06-16,443,172,0,172,0.388,0.0,19.7,19.7,LOW,0.0,0.0,0.0,0.0
34846845,AG6,Dormant - Excluded,EXCLUDED,1222,2025-06-10,449,173,0,173,0.385,0.0,19.7,19.7,LOW,0.0,0.0,0.0,0.0
34703951,AG6,Dormant - Excluded,EXCLUDED,1223,2025-06-03,456,174,0,174,0.382,0.0,19.7,19.7,LOW,0.0,0.0,0.0,0.0
34869081,AG6,Dormant - Excluded,EXCLUDED,1224,2025-06-12,447,171,0,171,0.383,0.0,19.6,19.6,LOW,0.0,0.0,0.0,0.0
34949560,AG6,Dormant - Excluded,EXCLUDED,1225,2025-06-16,443,171,0,171,0.386,0.0,19.6,19.6,LOW,0.0,0.0,0.0,0.0
34745718,AG6,Dormant - Excluded,EXCLUDED,1226,2025-06-05,454,172,0,172,0.379,0.0,19.6,19.6,LOW,0.0,0.0,0.0,0.0
34849479,AG6,Dormant - Excluded,EXCLUDED,1227,2025-06-10,449,172,0,172,0.383,0.0,19.6,19.6,LOW,0.0,0.0,0.0,0.0
34703893,AG6,Dormant - Excluded,EXCLUDED,1228,2025-06-03,456,173,0,173,0.379,0.0,19.6,19.6,LOW,0.0,0.0,0.0,0.0
41345549,AG6,Dormant - Excluded,EXCLUDED,1229,2026-04-13,142,40,0,40,0.282,0.0,19.5,19.5,LOW,0.0,0.0,0.0,0.0
35843429,AG6,Dormant - Excluded,EXCLUDED,1230,2025-07-21,408,164,0,164,0.402,0.0,19.5,19.5,LOW,0.0,0.0,0.0,0.0
35087903,AG6,Dormant - Excluded,EXCLUDED,1231,2025-06-23,436,169,0,169,0.388,0.0,19.5,19.5,LOW,0.0,0.0,0.0,0.0
34949266,AG6,Dormant - Excluded,EXCLUDED,1232,2025-06-16,443,170,0,170,0.384,0.0,19.5,19.5,LOW,0.0,0.0,0.0,0.0
34745761,AG6,Dormant - Excluded,EXCLUDED,1233,2025-06-05,454,171,0,171,0.377,0.0,19.5,19.5,LOW,0.0,0.0,0.0,0.0
36225653,AG6,Dormant - Excluded,EXCLUDED,1234,2025-08-05,393,160,0,160,0.407,0.0,19.4,19.4,LOW,0.0,0.0,0.0,0.0
35843670,AG6,Dormant - Excluded,EXCLUDED,1235,2025-07-21,408,163,0,163,0.4,0.0,19.4,19.4,LOW,0.0,0.0,0.0,0.0
34825598,AG6,Dormant - Excluded,EXCLUDED,1236,2025-06-10,449,170,0,170,0.379,0.0,19.4,19.4,LOW,0.0,0.0,0.0,0.0
34837953,AG6,Dormant - Excluded,EXCLUDED,1237,2025-06-11,448,170,0,170,0.379,0.0,19.4,19.4,LOW,0.0,0.0,0.0,0.0
34837975,AG6,Dormant - Excluded,EXCLUDED,1238,2025-06-11,448,170,0,170,0.379,0.0,19.4,19.4,LOW,0.0,0.0,0.0,0.0
34838027,AG6,Dormant - Excluded,EXCLUDED,1239,2025-06-11,448,170,0,170,0.379,0.0,19.4,19.4,LOW,0.0,0.0,0.0,0.0
34481772,AG6,Dormant - Excluded,EXCLUDED,1240,2025-05-28,462,171,0,171,0.37,0.0,19.4,19.4,LOW,0.0,0.0,0.0,0.0
34825606,AG6,Dormant - Excluded,EXCLUDED,1241,2025-06-10,449,169,0,169,0.376,0.0,19.3,19.3,LOW,0.0,0.0,0.0,0.0
34704243,AG6,Dormant - Excluded,EXCLUDED,1242,2025-06-03,456,170,0,170,0.373,0.0,19.3,19.3,LOW,0.0,0.0,0.0,0.0
34745740,AG6,Dormant - Excluded,EXCLUDED,1243,2025-06-05,454,170,0,170,0.374,0.0,19.3,19.3,LOW,0.0,0.0,0.0,0.0
35087419,AG6,Dormant - Excluded,EXCLUDED,1244,2025-06-23,436,166,0,166,0.381,0.0,19.2,19.2,LOW,0.0,0.0,0.0,0.0
34949556,AG6,Dormant - Excluded,EXCLUDED,1245,2025-06-16,443,167,0,167,0.377,0.0,19.2,19.2,LOW,0.0,0.0,0.0,0.0
34837959,AG6,Dormant - Excluded,EXCLUDED,1246,2025-06-11,448,168,0,168,0.375,0.0,19.2,19.2,LOW,0.0,0.0,0.0,0.0
33809286,AG6,Dormant - Excluded,EXCLUDED,1247,2025-04-26,494,172,0,172,0.348,0.0,19.2,19.2,LOW,0.0,0.0,0.0,0.0
35334439,AG6,Dormant - Excluded,EXCLUDED,1248,2025-07-03,426,163,0,163,0.383,0.0,19.0,19.0,LOW,0.0,0.0,0.0,0.0
34745736,AG6,Dormant - Excluded,EXCLUDED,1249,2025-06-06,453,166,0,166,0.366,0.0,19.0,19.0,LOW,0.0,0.0,0.0,0.0
34703876,AG6,Dormant - Excluded,EXCLUDED,1250,2025-06-03,456,167,0,167,0.366,0.0,19.0,19.0,LOW,0.0,0.0,0.0,0.0
36603236,AG6,Dormant - Excluded,EXCLUDED,1251,2025-08-26,372,152,0,152,0.409,0.0,18.9,18.9,LOW,0.0,0.0,0.0,0.0
35843681,AG6,Dormant - Excluded,EXCLUDED,1252,2025-07-21,408,159,0,159,0.39,0.0,18.9,18.9,LOW,0.0,0.0,0.0,0.0
34949699,AG6,Dormant - Excluded,EXCLUDED,1253,2025-06-16,443,164,0,164,0.37,0.0,18.9,18.9,LOW,0.0,0.0,0.0,0.0
34704103,AG6,Dormant - Excluded,EXCLUDED,1254,2025-06-03,456,166,0,166,0.364,0.0,18.9,18.9,LOW,0.0,0.0,0.0,0.0
36764593,AG6,Dormant - Excluded,EXCLUDED,1255,2025-09-04,363,113,0,113,0.311,0.0,18.8,18.8,LOW,0.0,0.0,0.0,0.0
34949269,AG6,Dormant - Excluded,EXCLUDED,1256,2025-06-16,443,163,0,163,0.368,0.0,18.8,18.8,LOW,0.0,0.0,0.0,0.0
34949527,AG6,Dormant - Excluded,EXCLUDED,1257,2025-06-16,443,163,0,163,0.368,0.0,18.8,18.8,LOW,0.0,0.0,0.0,0.0
34704277,AG6,Dormant - Excluded,EXCLUDED,1258,2025-06-03,456,164,0,164,0.36,0.0,18.8,18.8,LOW,0.0,0.0,0.0,0.0
34703866,AG6,Dormant - Excluded,EXCLUDED,1259,2025-06-03,456,165,0,165,0.362,0.0,18.8,18.8,LOW,0.0,0.0,0.0,0.0
34714114,AG6,Dormant - Excluded,EXCLUDED,1260,2025-06-04,455,165,0,165,0.363,0.0,18.8,18.8,LOW,0.0,0.0,0.0,0.0
36225615,AG6,Dormant - Excluded,EXCLUDED,1261,2025-08-06,392,154,0,154,0.393,0.0,18.7,18.7,LOW,0.0,0.0,0.0,0.0
35843731,AG6,Dormant - Excluded,EXCLUDED,1262,2025-07-21,408,157,0,157,0.385,0.0,18.7,18.7,LOW,0.0,0.0,0.0,0.0
35706255,AG6,Dormant - Excluded,EXCLUDED,1263,2025-07-16,413,158,0,158,0.383,0.0,18.7,18.7,LOW,0.0,0.0,0.0,0.0
35334525,AG6,Dormant - Excluded,EXCLUDED,1264,2025-07-04,425,159,0,159,0.374,0.0,18.7,18.7,LOW,0.0,0.0,0.0,0.0
35087783,AG6,Dormant - Excluded,EXCLUDED,1265,2025-06-23,436,161,0,161,0.369,0.0,18.7,18.7,LOW,0.0,0.0,0.0,0.0
34704079,AG6,Dormant - Excluded,EXCLUDED,1266,2025-06-04,455,163,0,163,0.358,0.0,18.7,18.7,LOW,0.0,0.0,0.0,0.0
34714111,AG6,Dormant - Excluded,EXCLUDED,1267,2025-06-04,455,163,0,163,0.358,0.0,18.7,18.7,LOW,0.0,0.0,0.0,0.0
34726092,AG6,Dormant - Excluded,EXCLUDED,1268,2025-06-04,455,163,0,163,0.358,0.0,18.7,18.7,LOW,0.0,0.0,0.0,0.0
36225623,AG6,Dormant - Excluded,EXCLUDED,1269,2025-08-05,393,153,0,153,0.389,0.0,18.6,18.6,LOW,0.0,0.0,0.0,0.0
36225625,AG6,Dormant - Excluded,EXCLUDED,1270,2025-08-05,393,153,0,153,0.389,0.0,18.6,18.6,LOW,0.0,0.0,0.0,0.0
35843552,AG6,Dormant - Excluded,EXCLUDED,1271,2025-07-21,408,155,0,155,0.38,0.0,18.6,18.6,LOW,0.0,0.0,0.0,0.0
34949588,AG6,Dormant - Excluded,EXCLUDED,1272,2025-06-16,443,161,0,161,0.363,0.0,18.6,18.6,LOW,0.0,0.0,0.0,0.0
34703829,AG6,Dormant - Excluded,EXCLUDED,1273,2025-06-03,456,162,0,162,0.355,0.0,18.6,18.6,LOW,0.0,0.0,0.0,0.0
34745726,AG6,Dormant - Excluded,EXCLUDED,1274,2025-06-06,453,162,0,162,0.358,0.0,18.6,18.6,LOW,0.0,0.0,0.0,0.0
34846751,AG6,Dormant - Excluded,EXCLUDED,1275,2025-06-10,449,162,0,162,0.361,0.0,18.6,18.6,LOW,0.0,0.0,0.0,0.0
34838018,AG6,Dormant - Excluded,EXCLUDED,1276,2025-06-11,448,160,0,160,0.357,0.0,18.5,18.5,LOW,0.0,0.0,0.0,0.0
34869114,AG6,Dormant - Excluded,EXCLUDED,1277,2025-06-11,448,160,0,160,0.357,0.0,18.5,18.5,LOW,0.0,0.0,0.0,0.0
34749017,AG6,Dormant - Excluded,EXCLUDED,1278,2025-06-06,453,161,0,161,0.355,0.0,18.5,18.5,LOW,0.0,0.0,0.0,0.0
39587438,AG6,Dormant - Excluded,EXCLUDED,1279,2026-01-23,222,90,0,90,0.405,0.0,18.4,18.4,LOW,0.0,0.0,0.0,0.0
34949633,AG6,Dormant - Excluded,EXCLUDED,1280,2025-06-16,443,158,0,158,0.357,0.0,18.4,18.4,LOW,0.0,0.0,0.0,0.0
34837944,AG6,Dormant - Excluded,EXCLUDED,1281,2025-06-11,448,159,0,159,0.355,0.0,18.4,18.4,LOW,0.0,0.0,0.0,0.0
41345539,AG6,Dormant - Excluded,EXCLUDED,1282,2026-04-13,142,34,0,34,0.239,0.0,18.3,18.3,LOW,0.0,0.0,0.0,0.0
41345572,AG6,Dormant - Excluded,EXCLUDED,1283,2026-04-13,142,34,0,34,0.239,0.0,18.3,18.3,LOW,0.0,0.0,0.0,0.0
36603216,AG6,Dormant - Excluded,EXCLUDED,1284,2025-08-26,372,147,0,147,0.395,0.0,18.3,18.3,LOW,0.0,0.0,0.0,0.0
35481401,AG6,Dormant - Excluded,EXCLUDED,1285,2025-07-08,421,154,0,154,0.366,0.0,18.3,18.3,LOW,0.0,0.0,0.0,0.0
34714147,AG6,Dormant - Excluded,EXCLUDED,1286,2025-06-04,455,158,0,158,0.347,0.0,18.3,18.3,LOW,0.0,0.0,0.0,0.0
34745737,AG6,Dormant - Excluded,EXCLUDED,1287,2025-06-05,454,158,0,158,0.348,0.0,18.3,18.3,LOW,0.0,0.0,0.0,0.0
34846730,AG6,Dormant - Excluded,EXCLUDED,1288,2025-06-11,448,158,0,158,0.353,0.0,18.3,18.3,LOW,0.0,0.0,0.0,0.0
34611017,AG6,Dormant - Excluded,EXCLUDED,1289,2025-05-30,460,159,0,159,0.346,0.0,18.3,18.3,LOW,0.0,0.0,0.0,0.0
34704206,AG6,Dormant - Excluded,EXCLUDED,1290,2025-06-04,455,159,0,159,0.349,0.0,18.3,18.3,LOW,0.0,0.0,0.0,0.0
32415567,AG6,Dormant - Excluded,EXCLUDED,1291,2025-01-21,589,174,0,174,0.295,0.0,18.3,18.3,LOW,0.0,0.0,0.0,0.0
35843530,AG6,Dormant - Excluded,EXCLUDED,1292,2025-07-21,408,152,0,152,0.373,0.0,18.2,18.2,LOW,0.0,0.0,0.0,0.0
35843866,AG6,Dormant - Excluded,EXCLUDED,1293,2025-07-21,408,152,0,152,0.373,0.0,18.2,18.2,LOW,0.0,0.0,0.0,0.0
34949594,AG6,Dormant - Excluded,EXCLUDED,1294,2025-06-16,443,155,0,155,0.35,0.0,18.2,18.2,LOW,0.0,0.0,0.0,0.0
34949617,AG6,Dormant - Excluded,EXCLUDED,1295,2025-06-16,443,155,0,155,0.35,0.0,18.2,18.2,LOW,0.0,0.0,0.0,0.0
34745739,AG6,Dormant - Excluded,EXCLUDED,1296,2025-06-05,454,157,0,157,0.346,0.0,18.2,18.2,LOW,0.0,0.0,0.0,0.0
34748996,AG6,Dormant - Excluded,EXCLUDED,1297,2025-06-06,453,155,0,155,0.342,0.0,18.1,18.1,LOW,0.0,0.0,0.0,0.0
34749015,AG6,Dormant - Excluded,EXCLUDED,1298,2025-06-06,453,155,0,155,0.342,0.0,18.1,18.1,LOW,0.0,0.0,0.0,0.0
34801295,AG6,Dormant - Excluded,EXCLUDED,1299,2025-06-09,450,155,0,155,0.344,0.0,18.1,18.1,LOW,0.0,0.0,0.0,0.0
34714051,AG6,Dormant - Excluded,EXCLUDED,1300,2025-06-03,456,156,0,156,0.342,0.0,18.1,18.1,LOW,0.0,0.0,0.0,0.0
41345553,AG6,Dormant - Excluded,EXCLUDED,1301,2026-04-13,142,32,0,32,0.225,0.0,18.0,18.0,LOW,0.0,0.0,0.0,0.0
34825621,AG6,Dormant - Excluded,EXCLUDED,1302,2025-06-10,449,154,0,154,0.343,0.0,18.0,18.0,LOW,0.0,0.0,0.0,0.0
34704082,AG6,Dormant - Excluded,EXCLUDED,1303,2025-06-03,456,155,0,155,0.34,0.0,18.0,18.0,LOW,0.0,0.0,0.0,0.0
34745723,AG6,Dormant - Excluded,EXCLUDED,1304,2025-06-05,454,155,0,155,0.341,0.0,18.0,18.0,LOW,0.0,0.0,0.0,0.0
34469782,AG6,Dormant - Excluded,EXCLUDED,1305,2025-05-26,464,156,0,156,0.336,0.0,18.0,18.0,LOW,0.0,0.0,0.0,0.0
32415563,AG6,Dormant - Excluded,EXCLUDED,1306,2025-01-22,588,171,0,171,0.291,0.0,18.0,18.0,LOW,0.0,0.0,0.0,0.0
35843671,AG6,Dormant - Excluded,EXCLUDED,1307,2025-07-21,408,149,0,149,0.365,0.0,17.9,17.9,LOW,0.0,0.0,0.0,0.0
34801344,AG6,Dormant - Excluded,EXCLUDED,1308,2025-06-09,450,153,0,153,0.34,0.0,17.9,17.9,LOW,0.0,0.0,0.0,0.0
35334337,AG6,Dormant - Excluded,EXCLUDED,1309,2025-07-02,427,150,0,150,0.351,0.0,17.8,17.8,LOW,0.0,0.0,0.0,0.0
34949857,AG6,Dormant - Excluded,EXCLUDED,1310,2025-06-16,443,152,0,152,0.343,0.0,17.8,17.8,LOW,0.0,0.0,0.0,0.0
34703832,AG6,Dormant - Excluded,EXCLUDED,1311,2025-06-03,456,153,0,153,0.336,0.0,17.8,17.8,LOW,0.0,0.0,0.0,0.0
34726095,AG6,Dormant - Excluded,EXCLUDED,1312,2025-06-04,455,153,0,153,0.336,0.0,17.8,17.8,LOW,0.0,0.0,0.0,0.0
34749012,AG6,Dormant - Excluded,EXCLUDED,1313,2025-06-05,454,153,0,153,0.337,0.0,17.8,17.8,LOW,0.0,0.0,0.0,0.0
34749013,AG6,Dormant - Excluded,EXCLUDED,1314,2025-06-05,454,153,0,153,0.337,0.0,17.8,17.8,LOW,0.0,0.0,0.0,0.0
34749009,AG6,Dormant - Excluded,EXCLUDED,1315,2025-06-06,453,153,0,153,0.338,0.0,17.8,17.8,LOW,0.0,0.0,0.0,0.0
41345550,AG6,Dormant - Excluded,EXCLUDED,1316,2026-04-13,142,31,0,31,0.218,0.0,17.7,17.7,LOW,0.0,0.0,0.0,0.0
36764513,AG6,Dormant - Excluded,EXCLUDED,1317,2025-09-04,363,106,0,106,0.292,0.0,17.7,17.7,LOW,0.0,0.0,0.0,0.0
34745710,AG6,Dormant - Excluded,EXCLUDED,1318,2025-06-05,454,152,0,152,0.335,0.0,17.7,17.7,LOW,0.0,0.0,0.0,0.0
34792105,AG6,Dormant - Excluded,EXCLUDED,1319,2025-06-06,453,152,0,152,0.336,0.0,17.7,17.7,LOW,0.0,0.0,0.0,0.0
34801337,AG6,Dormant - Excluded,EXCLUDED,1320,2025-06-09,450,152,0,152,0.338,0.0,17.7,17.7,LOW,0.0,0.0,0.0,0.0
34481787,AG6,Dormant - Excluded,EXCLUDED,1321,2025-05-26,464,153,0,153,0.33,0.0,17.7,17.7,LOW,0.0,0.0,0.0,0.0
35087988,AG6,Dormant - Excluded,EXCLUDED,1322,2025-06-23,436,149,0,149,0.342,0.0,17.6,17.6,LOW,0.0,0.0,0.0,0.0
34714140,AG6,Dormant - Excluded,EXCLUDED,1323,2025-06-04,455,151,0,151,0.332,0.0,17.6,17.6,LOW,0.0,0.0,0.0,0.0
34748980,AG6,Dormant - Excluded,EXCLUDED,1324,2025-06-05,454,151,0,151,0.333,0.0,17.6,17.6,LOW,0.0,0.0,0.0,0.0
34748988,AG6,Dormant - Excluded,EXCLUDED,1325,2025-06-05,454,151,0,151,0.333,0.0,17.6,17.6,LOW,0.0,0.0,0.0,0.0
34846719,AG6,Dormant - Excluded,EXCLUDED,1326,2025-06-11,448,151,0,151,0.337,0.0,17.6,17.6,LOW,0.0,0.0,0.0,0.0
36225589,AG6,Dormant - Excluded,EXCLUDED,1327,2025-08-06,392,143,0,143,0.365,0.0,17.5,17.5,LOW,0.0,0.0,0.0,0.0
34846907,AG6,Dormant - Excluded,EXCLUDED,1328,2025-06-10,449,149,0,149,0.332,0.0,17.5,17.5,LOW,0.0,0.0,0.0,0.0
34792254,AG6,Dormant - Excluded,EXCLUDED,1329,2025-06-07,452,150,0,150,0.332,0.0,17.5,17.5,LOW,0.0,0.0,0.0,0.0
34611075,AG6,Dormant - Excluded,EXCLUDED,1330,2025-05-31,459,151,0,151,0.329,0.0,17.5,17.5,LOW,0.0,0.0,0.0,0.0
36225626,AG6,Dormant - Excluded,EXCLUDED,1331,2025-08-05,393,143,0,143,0.364,0.0,17.4,17.4,LOW,0.0,0.0,0.0,0.0
35843339,AG6,Dormant - Excluded,EXCLUDED,1332,2025-07-20,409,144,0,144,0.352,0.0,17.4,17.4,LOW,0.0,0.0,0.0,0.0
35843545,AG6,Dormant - Excluded,EXCLUDED,1333,2025-07-21,408,144,0,144,0.353,0.0,17.4,17.4,LOW,0.0,0.0,0.0,0.0
34949751,AG6,Dormant - Excluded,EXCLUDED,1334,2025-06-16,443,147,0,147,0.332,0.0,17.3,17.3,LOW,0.0,0.0,0.0,0.0
34749005,AG6,Dormant - Excluded,EXCLUDED,1335,2025-06-05,454,148,0,148,0.326,0.0,17.3,17.3,LOW,0.0,0.0,0.0,0.0
34846936,AG6,Dormant - Excluded,EXCLUDED,1336,2025-06-10,449,148,0,148,0.33,0.0,17.3,17.3,LOW,0.0,0.0,0.0,0.0
34714057,AG6,Dormant - Excluded,EXCLUDED,1337,2025-06-03,456,149,0,149,0.327,0.0,17.3,17.3,LOW,0.0,0.0,0.0,0.0
34949641,AG6,Dormant - Excluded,EXCLUDED,1338,2025-06-16,443,146,0,146,0.33,0.0,17.2,17.2,LOW,0.0,0.0,0.0,0.0
34949674,AG6,Dormant - Excluded,EXCLUDED,1339,2025-06-16,443,146,0,146,0.33,0.0,17.2,17.2,LOW,0.0,0.0,0.0,0.0
34837965,AG6,Dormant - Excluded,EXCLUDED,1340,2025-06-10,449,147,0,147,0.327,0.0,17.2,17.2,LOW,0.0,0.0,0.0,0.0
34846743,AG6,Dormant - Excluded,EXCLUDED,1341,2025-06-11,448,147,0,147,0.328,0.0,17.2,17.2,LOW,0.0,0.0,0.0,0.0
34703827,AG6,Dormant - Excluded,EXCLUDED,1342,2025-06-03,456,148,0,148,0.325,0.0,17.2,17.2,LOW,0.0,0.0,0.0,0.0
34704188,AG6,Dormant - Excluded,EXCLUDED,1343,2025-06-03,456,148,0,148,0.325,0.0,17.2,17.2,LOW,0.0,0.0,0.0,0.0
34726078,AG6,Dormant - Excluded,EXCLUDED,1344,2025-06-04,455,148,0,148,0.325,0.0,17.2,17.2,LOW,0.0,0.0,0.0,0.0
34837982,AG6,Dormant - Excluded,EXCLUDED,1345,2025-06-11,448,146,0,146,0.326,0.0,17.1,17.1,LOW,0.0,0.0,0.0,0.0
34714141,AG6,Dormant - Excluded,EXCLUDED,1346,2025-06-04,455,147,0,147,0.323,0.0,17.1,17.1,LOW,0.0,0.0,0.0,0.0
34726085,AG6,Dormant - Excluded,EXCLUDED,1347,2025-06-04,455,147,0,147,0.323,0.0,17.1,17.1,LOW,0.0,0.0,0.0,0.0
34726102,AG6,Dormant - Excluded,EXCLUDED,1348,2025-06-04,455,147,0,147,0.323,0.0,17.1,17.1,LOW,0.0,0.0,0.0,0.0
34745709,AG6,Dormant - Excluded,EXCLUDED,1349,2025-06-05,454,147,0,147,0.324,0.0,17.1,17.1,LOW,0.0,0.0,0.0,0.0
33815643,AG6,Dormant - Excluded,EXCLUDED,1350,2025-04-26,494,152,0,152,0.308,0.0,17.1,17.1,LOW,0.0,0.0,0.0,0.0
35843512,AG6,Dormant - Excluded,EXCLUDED,1351,2025-07-21,408,140,0,140,0.343,0.0,17.0,17.0,LOW,0.0,0.0,0.0,0.0
34949208,AG6,Dormant - Excluded,EXCLUDED,1352,2025-06-16,443,145,0,145,0.327,0.0,17.0,17.0,LOW,0.0,0.0,0.0,0.0
34801332,AG6,Dormant - Excluded,EXCLUDED,1353,2025-06-09,450,146,0,146,0.324,0.0,17.0,17.0,LOW,0.0,0.0,0.0,0.0
34837942,AG6,Dormant - Excluded,EXCLUDED,1354,2025-06-10,449,146,0,146,0.325,0.0,17.0,17.0,LOW,0.0,0.0,0.0,0.0
34846738,AG6,Dormant - Excluded,EXCLUDED,1355,2025-06-10,449,145,0,145,0.323,0.0,16.9,16.9,LOW,0.0,0.0,0.0,0.0
34846919,AG6,Dormant - Excluded,EXCLUDED,1356,2025-06-10,449,145,0,145,0.323,0.0,16.9,16.9,LOW,0.0,0.0,0.0,0.0
34714163,AG6,Dormant - Excluded,EXCLUDED,1357,2025-06-04,455,146,0,146,0.321,0.0,16.9,16.9,LOW,0.0,0.0,0.0,0.0
35843805,AG6,Dormant - Excluded,EXCLUDED,1358,2025-07-21,408,138,0,138,0.338,0.0,16.8,16.8,LOW,0.0,0.0,0.0,0.0
35087695,AG6,Dormant - Excluded,EXCLUDED,1359,2025-06-23,436,142,0,142,0.326,0.0,16.8,16.8,LOW,0.0,0.0,0.0,0.0
35088043,AG6,Dormant - Excluded,EXCLUDED,1360,2025-06-23,436,142,0,142,0.326,0.0,16.8,16.8,LOW,0.0,0.0,0.0,0.0
34825557,AG6,Dormant - Excluded,EXCLUDED,1361,2025-06-10,449,144,0,144,0.321,0.0,16.8,16.8,LOW,0.0,0.0,0.0,0.0
34703788,AG6,Dormant - Excluded,EXCLUDED,1362,2025-06-03,456,145,0,145,0.318,0.0,16.8,16.8,LOW,0.0,0.0,0.0,0.0
34792183,AG6,Dormant - Excluded,EXCLUDED,1363,2025-06-07,452,145,0,145,0.321,0.0,16.8,16.8,LOW,0.0,0.0,0.0,0.0
35334243,AG6,Dormant - Excluded,EXCLUDED,1364,2025-07-02,427,140,0,140,0.328,0.0,16.7,16.7,LOW,0.0,0.0,0.0,0.0
34825627,AG6,Dormant - Excluded,EXCLUDED,1365,2025-06-10,449,143,0,143,0.318,0.0,16.7,16.7,LOW,0.0,0.0,0.0,0.0
34837947,AG6,Dormant - Excluded,EXCLUDED,1366,2025-06-11,448,143,0,143,0.319,0.0,16.7,16.7,LOW,0.0,0.0,0.0,0.0
34846734,AG6,Dormant - Excluded,EXCLUDED,1367,2025-06-11,448,143,0,143,0.319,0.0,16.7,16.7,LOW,0.0,0.0,0.0,0.0
34949677,AG6,Dormant - Excluded,EXCLUDED,1368,2025-06-16,443,143,0,143,0.323,0.0,16.7,16.7,LOW,0.0,0.0,0.0,0.0
35334324,AG6,Dormant - Excluded,EXCLUDED,1369,2025-07-02,427,139,0,139,0.326,0.0,16.6,16.6,LOW,0.0,0.0,0.0,0.0
35087403,AG6,Dormant - Excluded,EXCLUDED,1370,2025-06-23,436,140,0,140,0.321,0.0,16.6,16.6,LOW,0.0,0.0,0.0,0.0
34801321,AG6,Dormant - Excluded,EXCLUDED,1371,2025-06-09,450,142,0,142,0.316,0.0,16.6,16.6,LOW,0.0,0.0,0.0,0.0
34949763,AG6,Dormant - Excluded,EXCLUDED,1372,2025-06-16,443,142,0,142,0.321,0.0,16.6,16.6,LOW,0.0,0.0,0.0,0.0
34704147,AG6,Dormant - Excluded,EXCLUDED,1373,2025-06-03,456,143,0,143,0.314,0.0,16.6,16.6,LOW,0.0,0.0,0.0,0.0
34749001,AG6,Dormant - Excluded,EXCLUDED,1374,2025-06-05,454,143,0,143,0.315,0.0,16.6,16.6,LOW,0.0,0.0,0.0,0.0
34748954,AG6,Dormant - Excluded,EXCLUDED,1375,2025-06-05,454,142,0,142,0.313,0.0,16.5,16.5,LOW,0.0,0.0,0.0,0.0
34704251,AG6,Dormant - Excluded,EXCLUDED,1376,2025-06-03,456,141,0,141,0.309,0.0,16.4,16.4,LOW,0.0,0.0,0.0,0.0
34704265,AG6,Dormant - Excluded,EXCLUDED,1377,2025-06-03,456,141,0,141,0.309,0.0,16.4,16.4,LOW,0.0,0.0,0.0,0.0
34749014,AG6,Dormant - Excluded,EXCLUDED,1378,2025-06-05,454,141,0,141,0.311,0.0,16.4,16.4,LOW,0.0,0.0,0.0,0.0
41345518,AG6,Dormant - Excluded,EXCLUDED,1379,2026-04-13,142,22,0,22,0.155,0.0,16.3,16.3,LOW,0.0,0.0,0.0,0.0
34949433,AG6,Dormant - Excluded,EXCLUDED,1380,2025-06-16,443,138,0,138,0.312,0.0,16.3,16.3,LOW,0.0,0.0,0.0,0.0
34801282,AG6,Dormant - Excluded,EXCLUDED,1381,2025-06-09,450,139,0,139,0.309,0.0,16.3,16.3,LOW,0.0,0.0,0.0,0.0
34838052,AG6,Dormant - Excluded,EXCLUDED,1382,2025-06-11,448,139,0,139,0.31,0.0,16.3,16.3,LOW,0.0,0.0,0.0,0.0
34745682,AG6,Dormant - Excluded,EXCLUDED,1383,2025-06-06,453,140,0,140,0.309,0.0,16.3,16.3,LOW,0.0,0.0,0.0,0.0
36603262,AG6,Dormant - Excluded,EXCLUDED,1384,2025-08-26,372,128,0,128,0.344,0.0,16.2,16.2,LOW,0.0,0.0,0.0,0.0
36225612,AG6,Dormant - Excluded,EXCLUDED,1385,2025-08-06,392,130,0,130,0.332,0.0,16.2,16.2,LOW,0.0,0.0,0.0,0.0
35087948,AG6,Dormant - Excluded,EXCLUDED,1386,2025-06-23,436,136,0,136,0.312,0.0,16.2,16.2,LOW,0.0,0.0,0.0,0.0
34825675,AG6,Dormant - Excluded,EXCLUDED,1387,2025-06-10,449,138,0,138,0.307,0.0,16.2,16.2,LOW,0.0,0.0,0.0,0.0
41345527,AG6,Dormant - Excluded,EXCLUDED,1388,2026-04-13,142,21,0,21,0.148,0.0,16.1,16.1,LOW,0.0,0.0,0.0,0.0
41345528,AG6,Dormant - Excluded,EXCLUDED,1389,2026-04-13,142,21,0,21,0.148,0.0,16.1,16.1,LOW,0.0,0.0,0.0,0.0
35288113,AG6,Dormant - Excluded,EXCLUDED,1390,2025-07-01,428,134,0,134,0.313,0.0,16.1,16.1,LOW,0.0,0.0,0.0,0.0
34949637,AG6,Dormant - Excluded,EXCLUDED,1391,2025-06-16,443,136,0,136,0.307,0.0,16.1,16.1,LOW,0.0,0.0,0.0,0.0
34714105,AG6,Dormant - Excluded,EXCLUDED,1392,2025-06-04,455,137,0,137,0.301,0.0,16.1,16.1,LOW,0.0,0.0,0.0,0.0
34825703,AG6,Dormant - Excluded,EXCLUDED,1393,2025-06-10,449,137,0,137,0.305,0.0,16.1,16.1,LOW,0.0,0.0,0.0,0.0
41345517,AG6,Dormant - Excluded,EXCLUDED,1394,2026-04-13,142,20,0,20,0.141,0.0,16.0,16.0,LOW,0.0,0.0,0.0,0.0
35843266,AG6,Dormant - Excluded,EXCLUDED,1395,2025-07-21,408,131,0,131,0.321,0.0,16.0,16.0,LOW,0.0,0.0,0.0,0.0
35843280,AG6,Dormant - Excluded,EXCLUDED,1396,2025-07-21,408,131,0,131,0.321,0.0,16.0,16.0,LOW,0.0,0.0,0.0,0.0
35843389,AG6,Dormant - Excluded,EXCLUDED,1397,2025-07-21,408,131,0,131,0.321,0.0,16.0,16.0,LOW,0.0,0.0,0.0,0.0
35087421,AG6,Dormant - Excluded,EXCLUDED,1398,2025-06-23,436,135,0,135,0.31,0.0,16.0,16.0,LOW,0.0,0.0,0.0,0.0
34825549,AG6,Dormant - Excluded,EXCLUDED,1399,2025-06-10,449,136,0,136,0.303,0.0,16.0,16.0,LOW,0.0,0.0,0.0,0.0
34825566,AG6,Dormant - Excluded,EXCLUDED,1400,2025-06-10,449,136,0,136,0.303,0.0,16.0,16.0,LOW,0.0,0.0,0.0,0.0
34825715,AG6,Dormant - Excluded,EXCLUDED,1401,2025-06-10,449,136,0,136,0.303,0.0,16.0,16.0,LOW,0.0,0.0,0.0,0.0
34837938,AG6,Dormant - Excluded,EXCLUDED,1402,2025-06-11,448,136,0,136,0.304,0.0,16.0,16.0,LOW,0.0,0.0,0.0,0.0
34703882,AG6,Dormant - Excluded,EXCLUDED,1403,2025-06-03,456,137,0,137,0.3,0.0,16.0,16.0,LOW,0.0,0.0,0.0,0.0
34714079,AG6,Dormant - Excluded,EXCLUDED,1404,2025-06-03,456,137,0,137,0.3,0.0,16.0,16.0,LOW,0.0,0.0,0.0,0.0
34846741,AG6,Dormant - Excluded,EXCLUDED,1405,2025-06-10,449,135,0,135,0.301,0.0,15.9,15.9,LOW,0.0,0.0,0.0,0.0
34714121,AG6,Dormant - Excluded,EXCLUDED,1406,2025-06-04,455,136,0,136,0.299,0.0,15.9,15.9,LOW,0.0,0.0,0.0,0.0
34714128,AG6,Dormant - Excluded,EXCLUDED,1407,2025-06-04,455,136,0,136,0.299,0.0,15.9,15.9,LOW,0.0,0.0,0.0,0.0
34745708,AG6,Dormant - Excluded,EXCLUDED,1408,2025-06-06,453,136,0,136,0.3,0.0,15.9,15.9,LOW,0.0,0.0,0.0,0.0
34846888,AG6,Dormant - Excluded,EXCLUDED,1409,2025-06-11,448,134,0,134,0.299,0.0,15.8,15.8,LOW,0.0,0.0,0.0,0.0
34949434,AG6,Dormant - Excluded,EXCLUDED,1410,2025-06-16,443,134,0,134,0.302,0.0,15.8,15.8,LOW,0.0,0.0,0.0,0.0
34703800,AG6,Dormant - Excluded,EXCLUDED,1411,2025-06-03,456,135,0,135,0.296,0.0,15.8,15.8,LOW,0.0,0.0,0.0,0.0
34704076,AG6,Dormant - Excluded,EXCLUDED,1412,2025-06-03,456,135,0,135,0.296,0.0,15.8,15.8,LOW,0.0,0.0,0.0,0.0
34801278,AG6,Dormant - Excluded,EXCLUDED,1413,2025-06-09,450,135,0,135,0.3,0.0,15.8,15.8,LOW,0.0,0.0,0.0,0.0
38142738,AG6,Dormant - Excluded,EXCLUDED,1414,2025-11-21,285,82,0,82,0.288,0.0,15.7,15.7,LOW,0.0,0.0,0.0,0.0
35705849,AG6,Dormant - Excluded,EXCLUDED,1415,2025-07-16,413,129,0,129,0.312,0.0,15.7,15.7,LOW,0.0,0.0,0.0,0.0
34846895,AG6,Dormant - Excluded,EXCLUDED,1416,2025-06-10,449,133,0,133,0.296,0.0,15.7,15.7,LOW,0.0,0.0,0.0,0.0
34825650,AG6,Dormant - Excluded,EXCLUDED,1417,2025-06-09,450,134,0,134,0.298,0.0,15.7,15.7,LOW,0.0,0.0,0.0,0.0
34825636,AG6,Dormant - Excluded,EXCLUDED,1418,2025-06-10,449,134,0,134,0.298,0.0,15.7,15.7,LOW,0.0,0.0,0.0,0.0
34849463,AG6,Dormant - Excluded,EXCLUDED,1419,2025-06-10,449,132,0,132,0.294,0.0,15.6,15.6,LOW,0.0,0.0,0.0,0.0
34704285,AG6,Dormant - Excluded,EXCLUDED,1420,2025-06-03,456,133,0,133,0.292,0.0,15.6,15.6,LOW,0.0,0.0,0.0,0.0
34745699,AG6,Dormant - Excluded,EXCLUDED,1421,2025-06-06,453,133,0,133,0.294,0.0,15.6,15.6,LOW,0.0,0.0,0.0,0.0
36603194,AG6,Dormant - Excluded,EXCLUDED,1422,2025-08-26,372,123,0,123,0.331,0.0,15.5,15.5,LOW,0.0,0.0,0.0,0.0
35843535,AG6,Dormant - Excluded,EXCLUDED,1423,2025-07-21,408,127,0,127,0.311,0.0,15.5,15.5,LOW,0.0,0.0,0.0,0.0
35706226,AG6,Dormant - Excluded,EXCLUDED,1424,2025-07-16,413,128,0,128,0.31,0.0,15.5,15.5,LOW,0.0,0.0,0.0,0.0
35287036,AG6,Dormant - Excluded,EXCLUDED,1425,2025-07-01,428,129,0,129,0.301,0.0,15.5,15.5,LOW,0.0,0.0,0.0,0.0
34949432,AG6,Dormant - Excluded,EXCLUDED,1426,2025-06-16,443,131,0,131,0.296,0.0,15.5,15.5,LOW,0.0,0.0,0.0,0.0
34704032,AG6,Dormant - Excluded,EXCLUDED,1427,2025-06-03,456,132,0,132,0.289,0.0,15.5,15.5,LOW,0.0,0.0,0.0,0.0
34801204,AG6,Dormant - Excluded,EXCLUDED,1428,2025-06-09,450,132,0,132,0.293,0.0,15.5,15.5,LOW,0.0,0.0,0.0,0.0
36764483,AG6,Dormant - Excluded,EXCLUDED,1429,2025-09-04,363,90,0,90,0.248,0.0,15.4,15.4,LOW,0.0,0.0,0.0,0.0
34949688,AG6,Dormant - Excluded,EXCLUDED,1430,2025-06-16,443,130,0,130,0.293,0.0,15.4,15.4,LOW,0.0,0.0,0.0,0.0
34714152,AG6,Dormant - Excluded,EXCLUDED,1431,2025-06-04,455,131,0,131,0.288,0.0,15.4,15.4,LOW,0.0,0.0,0.0,0.0
35705903,AG6,Dormant - Excluded,EXCLUDED,1432,2025-07-16,413,126,0,126,0.305,0.0,15.3,15.3,LOW,0.0,0.0,0.0,0.0
35843325,AG6,Dormant - Excluded,EXCLUDED,1433,2025-07-21,408,126,0,126,0.309,0.0,15.3,15.3,LOW,0.0,0.0,0.0,0.0
35334298,AG6,Dormant - Excluded,EXCLUDED,1434,2025-07-02,427,128,0,128,0.3,0.0,15.3,15.3,LOW,0.0,0.0,0.0,0.0
34801272,AG6,Dormant - Excluded,EXCLUDED,1435,2025-06-09,450,130,0,130,0.289,0.0,15.3,15.3,LOW,0.0,0.0,0.0,0.0
34825687,AG6,Dormant - Excluded,EXCLUDED,1436,2025-06-09,450,130,0,130,0.289,0.0,15.3,15.3,LOW,0.0,0.0,0.0,0.0
34837935,AG6,Dormant - Excluded,EXCLUDED,1437,2025-06-11,448,130,0,130,0.29,0.0,15.3,15.3,LOW,0.0,0.0,0.0,0.0
36764499,AG6,Dormant - Excluded,EXCLUDED,1438,2025-09-04,363,89,0,89,0.245,0.0,15.2,15.2,LOW,0.0,0.0,0.0,0.0
35843311,AG6,Dormant - Excluded,EXCLUDED,1439,2025-07-21,408,125,0,125,0.306,0.0,15.2,15.2,LOW,0.0,0.0,0.0,0.0
34949697,AG6,Dormant - Excluded,EXCLUDED,1440,2025-06-16,443,129,0,129,0.291,0.0,15.2,15.2,LOW,0.0,0.0,0.0,0.0
34704134,AG6,Dormant - Excluded,EXCLUDED,1441,2025-06-03,456,130,0,130,0.285,0.0,15.2,15.2,LOW,0.0,0.0,0.0,0.0
34704337,AG6,Dormant - Excluded,EXCLUDED,1442,2025-06-03,456,130,0,130,0.285,0.0,15.2,15.2,LOW,0.0,0.0,0.0,0.0
34704177,AG6,Dormant - Excluded,EXCLUDED,1443,2025-06-03,456,129,0,129,0.283,0.0,15.1,15.1,LOW,0.0,0.0,0.0,0.0
34714142,AG6,Dormant - Excluded,EXCLUDED,1444,2025-06-04,455,129,0,129,0.284,0.0,15.1,15.1,LOW,0.0,0.0,0.0,0.0
34801137,AG6,Dormant - Excluded,EXCLUDED,1445,2025-06-09,450,129,0,129,0.287,0.0,15.1,15.1,LOW,0.0,0.0,0.0,0.0
34825652,AG6,Dormant - Excluded,EXCLUDED,1446,2025-06-10,449,129,0,129,0.287,0.0,15.1,15.1,LOW,0.0,0.0,0.0,0.0
35334610,AG6,Dormant - Excluded,EXCLUDED,1447,2025-07-04,425,125,0,125,0.294,0.0,15.0,15.0,LOW,0.0,0.0,0.0,0.0
34801210,AG6,Dormant - Excluded,EXCLUDED,1448,2025-06-09,450,128,0,128,0.284,0.0,15.0,15.0,LOW,0.0,0.0,0.0,0.0
34849439,AG6,Dormant - Excluded,EXCLUDED,1449,2025-06-10,449,128,0,128,0.285,0.0,15.0,15.0,LOW,0.0,0.0,0.0,0.0
34801247,AG6,Dormant - Excluded,EXCLUDED,1450,2025-06-09,450,127,0,127,0.282,0.0,14.9,14.9,LOW,0.0,0.0,0.0,0.0
34801269,AG6,Dormant - Excluded,EXCLUDED,1451,2025-06-09,450,127,0,127,0.282,0.0,14.9,14.9,LOW,0.0,0.0,0.0,0.0
34469751,AG6,Dormant - Excluded,EXCLUDED,1452,2025-05-27,463,128,0,128,0.276,0.0,14.9,14.9,LOW,0.0,0.0,0.0,0.0
33847416,AG6,Dormant - Excluded,EXCLUDED,1453,2025-04-29,491,131,0,131,0.267,0.0,14.9,14.9,LOW,0.0,0.0,0.0,0.0
35843185,AG6,Dormant - Excluded,EXCLUDED,1454,2025-07-21,408,122,0,122,0.299,0.0,14.8,14.8,LOW,0.0,0.0,0.0,0.0
35334249,AG6,Dormant - Excluded,EXCLUDED,1455,2025-07-02,427,124,0,124,0.29,0.0,14.8,14.8,LOW,0.0,0.0,0.0,0.0
34825570,AG6,Dormant - Excluded,EXCLUDED,1456,2025-06-10,449,126,0,126,0.281,0.0,14.8,14.8,LOW,0.0,0.0,0.0,0.0
34838010,AG6,Dormant - Excluded,EXCLUDED,1457,2025-06-11,448,126,0,126,0.281,0.0,14.8,14.8,LOW,0.0,0.0,0.0,0.0
34949586,AG6,Dormant - Excluded,EXCLUDED,1458,2025-06-16,443,126,0,126,0.284,0.0,14.8,14.8,LOW,0.0,0.0,0.0,0.0
34714068,AG6,Dormant - Excluded,EXCLUDED,1459,2025-06-03,456,127,0,127,0.279,0.0,14.8,14.8,LOW,0.0,0.0,0.0,0.0
34748946,AG6,Dormant - Excluded,EXCLUDED,1460,2025-06-05,454,127,0,127,0.28,0.0,14.8,14.8,LOW,0.0,0.0,0.0,0.0
35087600,AG6,Dormant - Excluded,EXCLUDED,1461,2025-06-23,436,124,0,124,0.284,0.0,14.7,14.7,LOW,0.0,0.0,0.0,0.0
35843199,AG6,Dormant - Excluded,EXCLUDED,1462,2025-07-20,409,121,0,121,0.296,0.0,14.6,14.6,LOW,0.0,0.0,0.0,0.0
34949669,AG6,Dormant - Excluded,EXCLUDED,1463,2025-06-16,443,124,0,124,0.28,0.0,14.6,14.6,LOW,0.0,0.0,0.0,0.0
34703946,AG6,Dormant - Excluded,EXCLUDED,1464,2025-06-03,456,125,0,125,0.274,0.0,14.6,14.6,LOW,0.0,0.0,0.0,0.0
34801294,AG6,Dormant - Excluded,EXCLUDED,1465,2025-06-09,450,125,0,125,0.278,0.0,14.6,14.6,LOW,0.0,0.0,0.0,0.0
34949430,AG6,Dormant - Excluded,EXCLUDED,1466,2025-06-16,443,123,0,123,0.278,0.0,14.5,14.5,LOW,0.0,0.0,0.0,0.0
34745719,AG6,Dormant - Excluded,EXCLUDED,1467,2025-06-05,454,124,0,124,0.273,0.0,14.5,14.5,LOW,0.0,0.0,0.0,0.0
34846902,AG6,Dormant - Excluded,EXCLUDED,1468,2025-06-11,448,124,0,124,0.277,0.0,14.5,14.5,LOW,0.0,0.0,0.0,0.0
34825589,AG6,Dormant - Excluded,EXCLUDED,1469,2025-06-10,449,123,0,123,0.274,0.0,14.4,14.4,LOW,0.0,0.0,0.0,0.0
34825641,AG6,Dormant - Excluded,EXCLUDED,1470,2025-06-10,449,123,0,123,0.274,0.0,14.4,14.4,LOW,0.0,0.0,0.0,0.0
34825676,AG6,Dormant - Excluded,EXCLUDED,1471,2025-06-10,449,123,0,123,0.274,0.0,14.4,14.4,LOW,0.0,0.0,0.0,0.0
34838061,AG6,Dormant - Excluded,EXCLUDED,1472,2025-06-11,448,123,0,123,0.275,0.0,14.4,14.4,LOW,0.0,0.0,0.0,0.0
34704002,AG6,Dormant - Excluded,EXCLUDED,1473,2025-06-03,456,124,0,124,0.272,0.0,14.4,14.4,LOW,0.0,0.0,0.0,0.0
34704158,AG6,Dormant - Excluded,EXCLUDED,1474,2025-06-03,456,124,0,124,0.272,0.0,14.4,14.4,LOW,0.0,0.0,0.0,0.0
34949466,AG6,Dormant - Excluded,EXCLUDED,1475,2025-06-16,443,122,0,122,0.275,0.0,14.3,14.3,LOW,0.0,0.0,0.0,0.0
34745714,AG6,Dormant - Excluded,EXCLUDED,1476,2025-06-05,454,123,0,123,0.271,0.0,14.3,14.3,LOW,0.0,0.0,0.0,0.0
33847520,AG6,Dormant - Excluded,EXCLUDED,1477,2025-04-29,491,126,0,126,0.257,0.0,14.3,14.3,LOW,0.0,0.0,0.0,0.0
35843258,AG6,Dormant - Excluded,EXCLUDED,1478,2025-07-20,409,117,0,117,0.286,0.0,14.2,14.2,LOW,0.0,0.0,0.0,0.0
35843285,AG6,Dormant - Excluded,EXCLUDED,1479,2025-07-21,408,117,0,117,0.287,0.0,14.2,14.2,LOW,0.0,0.0,0.0,0.0
34949629,AG6,Dormant - Excluded,EXCLUDED,1480,2025-06-16,443,121,0,121,0.273,0.0,14.2,14.2,LOW,0.0,0.0,0.0,0.0
34745698,AG6,Dormant - Excluded,EXCLUDED,1481,2025-06-06,453,122,0,122,0.269,0.0,14.2,14.2,LOW,0.0,0.0,0.0,0.0
34792167,AG6,Dormant - Excluded,EXCLUDED,1482,2025-06-07,452,122,0,122,0.27,0.0,14.2,14.2,LOW,0.0,0.0,0.0,0.0
34801220,AG6,Dormant - Excluded,EXCLUDED,1483,2025-06-09,450,122,0,122,0.271,0.0,14.2,14.2,LOW,0.0,0.0,0.0,0.0
34825712,AG6,Dormant - Excluded,EXCLUDED,1484,2025-06-10,449,122,0,122,0.272,0.0,14.2,14.2,LOW,0.0,0.0,0.0,0.0
34846795,AG6,Dormant - Excluded,EXCLUDED,1485,2025-06-10,449,122,0,122,0.272,0.0,14.2,14.2,LOW,0.0,0.0,0.0,0.0
34469763,AG6,Dormant - Excluded,EXCLUDED,1486,2025-05-27,463,123,0,123,0.266,0.0,14.2,14.2,LOW,0.0,0.0,0.0,0.0
34949589,AG6,Dormant - Excluded,EXCLUDED,1487,2025-06-16,443,120,0,120,0.271,0.0,14.1,14.1,LOW,0.0,0.0,0.0,0.0
34726135,AG6,Dormant - Excluded,EXCLUDED,1488,2025-06-04,455,122,0,122,0.268,0.0,14.1,14.1,LOW,0.0,0.0,0.0,0.0
36603242,AG6,Dormant - Excluded,EXCLUDED,1489,2025-08-26,372,112,0,112,0.301,0.0,14.0,14.0,LOW,0.0,0.0,0.0,0.0
35334235,AG6,Dormant - Excluded,EXCLUDED,1490,2025-07-02,427,117,0,117,0.274,0.0,14.0,14.0,LOW,0.0,0.0,0.0,0.0
34825684,AG6,Dormant - Excluded,EXCLUDED,1491,2025-06-10,449,119,0,119,0.265,0.0,14.0,14.0,LOW,0.0,0.0,0.0,0.0
34748951,AG6,Dormant - Excluded,EXCLUDED,1492,2025-06-05,454,120,0,120,0.264,0.0,14.0,14.0,LOW,0.0,0.0,0.0,0.0
34748948,AG6,Dormant - Excluded,EXCLUDED,1493,2025-06-06,453,120,0,120,0.265,0.0,14.0,14.0,LOW,0.0,0.0,0.0,0.0
34846932,AG6,Dormant - Excluded,EXCLUDED,1494,2025-06-11,448,118,0,118,0.263,0.0,13.9,13.9,LOW,0.0,0.0,0.0,0.0
34949567,AG6,Dormant - Excluded,EXCLUDED,1495,2025-06-16,443,118,0,118,0.266,0.0,13.9,13.9,LOW,0.0,0.0,0.0,0.0
34949621,AG6,Dormant - Excluded,EXCLUDED,1496,2025-06-16,443,118,0,118,0.266,0.0,13.9,13.9,LOW,0.0,0.0,0.0,0.0
34748981,AG6,Dormant - Excluded,EXCLUDED,1497,2025-06-05,454,119,0,119,0.262,0.0,13.9,13.9,LOW,0.0,0.0,0.0,0.0
34748987,AG6,Dormant - Excluded,EXCLUDED,1498,2025-06-05,454,119,0,119,0.262,0.0,13.9,13.9,LOW,0.0,0.0,0.0,0.0
34801239,AG6,Dormant - Excluded,EXCLUDED,1499,2025-06-09,450,119,0,119,0.264,0.0,13.9,13.9,LOW,0.0,0.0,0.0,0.0
36603222,AG6,Dormant - Excluded,EXCLUDED,1500,2025-08-26,372,111,0,111,0.298,0.0,13.8,13.8,LOW,0.0,0.0,0.0,0.0
35843378,AG6,Dormant - Excluded,EXCLUDED,1501,2025-07-20,409,115,0,115,0.281,0.0,13.8,13.8,LOW,0.0,0.0,0.0,0.0
35087385,AG6,Dormant - Excluded,EXCLUDED,1502,2025-06-23,436,117,0,117,0.268,0.0,13.8,13.8,LOW,0.0,0.0,0.0,0.0
35087747,AG6,Dormant - Excluded,EXCLUDED,1503,2025-06-23,436,117,0,117,0.268,0.0,13.8,13.8,LOW,0.0,0.0,0.0,0.0
34801232,AG6,Dormant - Excluded,EXCLUDED,1504,2025-06-09,450,118,0,118,0.262,0.0,13.8,13.8,LOW,0.0,0.0,0.0,0.0
34825660,AG6,Dormant - Excluded,EXCLUDED,1505,2025-06-10,449,118,0,118,0.263,0.0,13.8,13.8,LOW,0.0,0.0,0.0,0.0
34846774,AG6,Dormant - Excluded,EXCLUDED,1506,2025-06-10,449,118,0,118,0.263,0.0,13.8,13.8,LOW,0.0,0.0,0.0,0.0
34846821,AG6,Dormant - Excluded,EXCLUDED,1507,2025-06-10,449,118,0,118,0.263,0.0,13.8,13.8,LOW,0.0,0.0,0.0,0.0
35481835,AG6,Dormant - Excluded,EXCLUDED,1508,2025-07-08,421,115,0,115,0.273,0.0,13.7,13.7,LOW,0.0,0.0,0.0,0.0
34825679,AG6,Dormant - Excluded,EXCLUDED,1509,2025-06-10,449,117,0,117,0.261,0.0,13.7,13.7,LOW,0.0,0.0,0.0,0.0
34949623,AG6,Dormant - Excluded,EXCLUDED,1510,2025-06-16,443,117,0,117,0.264,0.0,13.7,13.7,LOW,0.0,0.0,0.0,0.0
34745707,AG6,Dormant - Excluded,EXCLUDED,1511,2025-06-05,454,117,0,117,0.258,0.0,13.6,13.6,LOW,0.0,0.0,0.0,0.0
34748967,AG6,Dormant - Excluded,EXCLUDED,1512,2025-06-05,454,117,0,117,0.258,0.0,13.6,13.6,LOW,0.0,0.0,0.0,0.0
34801192,AG6,Dormant - Excluded,EXCLUDED,1513,2025-06-09,450,116,0,116,0.258,0.0,13.5,13.5,LOW,0.0,0.0,0.0,0.0
34801230,AG6,Dormant - Excluded,EXCLUDED,1514,2025-06-09,450,116,0,116,0.258,0.0,13.5,13.5,LOW,0.0,0.0,0.0,0.0
34825600,AG6,Dormant - Excluded,EXCLUDED,1515,2025-06-10,449,116,0,116,0.258,0.0,13.5,13.5,LOW,0.0,0.0,0.0,0.0
34846874,AG6,Dormant - Excluded,EXCLUDED,1516,2025-06-10,449,116,0,116,0.258,0.0,13.5,13.5,LOW,0.0,0.0,0.0,0.0
34714099,AG6,Dormant - Excluded,EXCLUDED,1517,2025-06-03,456,117,0,117,0.257,0.0,13.5,13.5,LOW,0.0,0.0,0.0,0.0
34714106,AG6,Dormant - Excluded,EXCLUDED,1518,2025-06-03,456,117,0,117,0.257,0.0,13.5,13.5,LOW,0.0,0.0,0.0,0.0
38142891,AG6,Dormant - Excluded,EXCLUDED,1519,2025-11-21,285,65,0,65,0.228,0.0,13.4,13.4,LOW,0.0,0.0,0.0,0.0
34949535,AG6,Dormant - Excluded,EXCLUDED,1520,2025-06-16,443,115,0,115,0.26,0.0,13.4,13.4,LOW,0.0,0.0,0.0,0.0
34949608,AG6,Dormant - Excluded,EXCLUDED,1521,2025-06-16,443,115,0,115,0.26,0.0,13.4,13.4,LOW,0.0,0.0,0.0,0.0
34703904,AG6,Dormant - Excluded,EXCLUDED,1522,2025-06-03,456,116,0,116,0.254,0.0,13.4,13.4,LOW,0.0,0.0,0.0,0.0
34714138,AG6,Dormant - Excluded,EXCLUDED,1523,2025-06-04,455,116,0,116,0.255,0.0,13.4,13.4,LOW,0.0,0.0,0.0,0.0
34726027,AG6,Dormant - Excluded,EXCLUDED,1524,2025-06-04,455,116,0,116,0.255,0.0,13.4,13.4,LOW,0.0,0.0,0.0,0.0
34792111,AG6,Dormant - Excluded,EXCLUDED,1525,2025-06-06,453,116,0,116,0.256,0.0,13.4,13.4,LOW,0.0,0.0,0.0,0.0
36603245,AG6,Dormant - Excluded,EXCLUDED,1526,2025-08-26,372,108,0,108,0.29,0.0,13.3,13.3,LOW,0.0,0.0,0.0,0.0
35087660,AG6,Dormant - Excluded,EXCLUDED,1527,2025-06-23,436,113,0,113,0.259,0.0,13.3,13.3,LOW,0.0,0.0,0.0,0.0
35087835,AG6,Dormant - Excluded,EXCLUDED,1528,2025-06-23,436,113,0,113,0.259,0.0,13.3,13.3,LOW,0.0,0.0,0.0,0.0
35087890,AG6,Dormant - Excluded,EXCLUDED,1529,2025-06-23,436,113,0,113,0.259,0.0,13.3,13.3,LOW,0.0,0.0,0.0,0.0
34825674,AG6,Dormant - Excluded,EXCLUDED,1530,2025-06-09,450,115,0,115,0.256,0.0,13.3,13.3,LOW,0.0,0.0,0.0,0.0
36603215,AG6,Dormant - Excluded,EXCLUDED,1531,2025-08-26,372,107,0,107,0.288,0.0,13.2,13.2,LOW,0.0,0.0,0.0,0.0
34949575,AG6,Dormant - Excluded,EXCLUDED,1532,2025-06-16,443,113,0,113,0.255,0.0,13.2,13.2,LOW,0.0,0.0,0.0,0.0
34949693,AG6,Dormant - Excluded,EXCLUDED,1533,2025-06-16,443,113,0,113,0.255,0.0,13.2,13.2,LOW,0.0,0.0,0.0,0.0
34726025,AG6,Dormant - Excluded,EXCLUDED,1534,2025-06-04,455,115,0,115,0.253,0.0,13.2,13.2,LOW,0.0,0.0,0.0,0.0
34749008,AG6,Dormant - Excluded,EXCLUDED,1535,2025-06-06,453,115,0,115,0.254,0.0,13.2,13.2,LOW,0.0,0.0,0.0,0.0
34846781,AG6,Dormant - Excluded,EXCLUDED,1536,2025-06-10,449,113,0,113,0.252,0.0,13.1,13.1,LOW,0.0,0.0,0.0,0.0
34704063,AG6,Dormant - Excluded,EXCLUDED,1537,2025-06-03,456,114,0,114,0.25,0.0,13.1,13.1,LOW,0.0,0.0,0.0,0.0
34714085,AG6,Dormant - Excluded,EXCLUDED,1538,2025-06-03,456,114,0,114,0.25,0.0,13.1,13.1,LOW,0.0,0.0,0.0,0.0
34469787,AG6,Dormant - Excluded,EXCLUDED,1539,2025-05-26,464,115,0,115,0.248,0.0,13.1,13.1,LOW,0.0,0.0,0.0,0.0
35334616,AG6,Dormant - Excluded,EXCLUDED,1540,2025-07-03,426,111,0,111,0.261,0.0,13.0,13.0,LOW,0.0,0.0,0.0,0.0
35334388,AG6,Dormant - Excluded,EXCLUDED,1541,2025-07-04,425,111,0,111,0.261,0.0,13.0,13.0,LOW,0.0,0.0,0.0,0.0
35334588,AG6,Dormant - Excluded,EXCLUDED,1542,2025-07-04,425,111,0,111,0.261,0.0,13.0,13.0,LOW,0.0,0.0,0.0,0.0
34949341,AG6,Dormant - Excluded,EXCLUDED,1543,2025-06-16,443,112,0,112,0.253,0.0,13.0,13.0,LOW,0.0,0.0,0.0,0.0
34949577,AG6,Dormant - Excluded,EXCLUDED,1544,2025-06-16,443,112,0,112,0.253,0.0,13.0,13.0,LOW,0.0,0.0,0.0,0.0
34714136,AG6,Dormant - Excluded,EXCLUDED,1545,2025-06-04,455,113,0,113,0.248,0.0,13.0,13.0,LOW,0.0,0.0,0.0,0.0
34748934,AG6,Dormant - Excluded,EXCLUDED,1546,2025-06-05,454,113,0,113,0.249,0.0,13.0,13.0,LOW,0.0,0.0,0.0,0.0
34801199,AG6,Dormant - Excluded,EXCLUDED,1547,2025-06-07,452,112,0,112,0.248,0.0,12.9,12.9,LOW,0.0,0.0,0.0,0.0
34801219,AG6,Dormant - Excluded,EXCLUDED,1548,2025-06-09,450,112,0,112,0.249,0.0,12.9,12.9,LOW,0.0,0.0,0.0,0.0
34825619,AG6,Dormant - Excluded,EXCLUDED,1549,2025-06-10,449,112,0,112,0.249,0.0,12.9,12.9,LOW,0.0,0.0,0.0,0.0
34846742,AG6,Dormant - Excluded,EXCLUDED,1550,2025-06-10,449,112,0,112,0.249,0.0,12.9,12.9,LOW,0.0,0.0,0.0,0.0
34838086,AG6,Dormant - Excluded,EXCLUDED,1551,2025-06-11,448,112,0,112,0.25,0.0,12.9,12.9,LOW,0.0,0.0,0.0,0.0
34704214,AG6,Dormant - Excluded,EXCLUDED,1552,2025-06-03,456,112,0,112,0.246,0.0,12.8,12.8,LOW,0.0,0.0,0.0,0.0
34748918,AG6,Dormant - Excluded,EXCLUDED,1553,2025-06-05,454,112,0,112,0.247,0.0,12.8,12.8,LOW,0.0,0.0,0.0,0.0
34825665,AG6,Dormant - Excluded,EXCLUDED,1554,2025-06-09,450,111,0,111,0.247,0.0,12.7,12.7,LOW,0.0,0.0,0.0,0.0
34825622,AG6,Dormant - Excluded,EXCLUDED,1555,2025-06-10,449,111,0,111,0.247,0.0,12.7,12.7,LOW,0.0,0.0,0.0,0.0
34825657,AG6,Dormant - Excluded,EXCLUDED,1556,2025-06-10,449,111,0,111,0.247,0.0,12.7,12.7,LOW,0.0,0.0,0.0,0.0
34825702,AG6,Dormant - Excluded,EXCLUDED,1557,2025-06-10,449,111,0,111,0.247,0.0,12.7,12.7,LOW,0.0,0.0,0.0,0.0
34846718,AG6,Dormant - Excluded,EXCLUDED,1558,2025-06-10,449,111,0,111,0.247,0.0,12.7,12.7,LOW,0.0,0.0,0.0,0.0
34949512,AG6,Dormant - Excluded,EXCLUDED,1559,2025-06-16,443,110,0,110,0.248,0.0,12.6,12.6,LOW,0.0,0.0,0.0,0.0
34703767,AG6,Dormant - Excluded,EXCLUDED,1560,2025-06-03,456,111,0,111,0.243,0.0,12.6,12.6,LOW,0.0,0.0,0.0,0.0
34703999,AG6,Dormant - Excluded,EXCLUDED,1561,2025-06-03,456,111,0,111,0.243,0.0,12.6,12.6,LOW,0.0,0.0,0.0,0.0
34748928,AG6,Dormant - Excluded,EXCLUDED,1562,2025-06-05,454,111,0,111,0.244,0.0,12.6,12.6,LOW,0.0,0.0,0.0,0.0
34748984,AG6,Dormant - Excluded,EXCLUDED,1563,2025-06-05,454,111,0,111,0.244,0.0,12.6,12.6,LOW,0.0,0.0,0.0,0.0
34749004,AG6,Dormant - Excluded,EXCLUDED,1564,2025-06-05,454,111,0,111,0.244,0.0,12.6,12.6,LOW,0.0,0.0,0.0,0.0
34469760,AG6,Dormant - Excluded,EXCLUDED,1565,2025-05-27,463,112,0,112,0.242,0.0,12.6,12.6,LOW,0.0,0.0,0.0,0.0
33872510,AG6,Dormant - Excluded,EXCLUDED,1566,2025-04-30,490,114,0,114,0.233,0.0,12.6,12.6,LOW,0.0,0.0,0.0,0.0
36603260,AG6,Dormant - Excluded,EXCLUDED,1567,2025-08-26,372,102,0,102,0.274,0.0,12.5,12.5,LOW,0.0,0.0,0.0,0.0
35334340,AG6,Dormant - Excluded,EXCLUDED,1568,2025-07-03,426,108,0,108,0.254,0.0,12.5,12.5,LOW,0.0,0.0,0.0,0.0
34630489,AG6,Dormant - Excluded,EXCLUDED,1569,2025-05-31,459,111,0,111,0.242,0.0,12.5,12.5,LOW,0.0,0.0,0.0,0.0
35334323,AG6,Dormant - Excluded,EXCLUDED,1570,2025-07-03,426,107,0,107,0.251,0.0,12.4,12.4,LOW,0.0,0.0,0.0,0.0
34949523,AG6,Dormant - Excluded,EXCLUDED,1571,2025-06-16,443,109,0,109,0.246,0.0,12.4,12.4,LOW,0.0,0.0,0.0,0.0
34949625,AG6,Dormant - Excluded,EXCLUDED,1572,2025-06-16,443,109,0,109,0.246,0.0,12.4,12.4,LOW,0.0,0.0,0.0,0.0
34748957,AG6,Dormant - Excluded,EXCLUDED,1573,2025-06-06,453,110,0,110,0.243,0.0,12.4,12.4,LOW,0.0,0.0,0.0,0.0
34825620,AG6,Dormant - Excluded,EXCLUDED,1574,2025-06-10,449,109,0,109,0.243,0.0,12.3,12.3,LOW,0.0,0.0,0.0,0.0
34825639,AG6,Dormant - Excluded,EXCLUDED,1575,2025-06-10,449,109,0,109,0.243,0.0,12.3,12.3,LOW,0.0,0.0,0.0,0.0
34825666,AG6,Dormant - Excluded,EXCLUDED,1576,2025-06-10,449,109,0,109,0.243,0.0,12.3,12.3,LOW,0.0,0.0,0.0,0.0
34838088,AG6,Dormant - Excluded,EXCLUDED,1577,2025-06-10,449,109,0,109,0.243,0.0,12.3,12.3,LOW,0.0,0.0,0.0,0.0
34846782,AG6,Dormant - Excluded,EXCLUDED,1578,2025-06-10,449,109,0,109,0.243,0.0,12.3,12.3,LOW,0.0,0.0,0.0,0.0
34846861,AG6,Dormant - Excluded,EXCLUDED,1579,2025-06-11,448,109,0,109,0.243,0.0,12.3,12.3,LOW,0.0,0.0,0.0,0.0
34704037,AG6,Dormant - Excluded,EXCLUDED,1580,2025-06-03,456,110,0,110,0.241,0.0,12.3,12.3,LOW,0.0,0.0,0.0,0.0
34704095,AG6,Dormant - Excluded,EXCLUDED,1581,2025-06-03,456,110,0,110,0.241,0.0,12.3,12.3,LOW,0.0,0.0,0.0,0.0
34714089,AG6,Dormant - Excluded,EXCLUDED,1582,2025-06-03,456,110,0,110,0.241,0.0,12.3,12.3,LOW,0.0,0.0,0.0,0.0
35087748,AG6,Dormant - Excluded,EXCLUDED,1583,2025-06-23,436,107,0,107,0.245,0.0,12.2,12.2,LOW,0.0,0.0,0.0,0.0
35087906,AG6,Dormant - Excluded,EXCLUDED,1584,2025-06-23,436,107,0,107,0.245,0.0,12.2,12.2,LOW,0.0,0.0,0.0,0.0
34714132,AG6,Dormant - Excluded,EXCLUDED,1585,2025-06-04,455,109,0,109,0.24,0.0,12.2,12.2,LOW,0.0,0.0,0.0,0.0
34703821,AG6,Dormant - Excluded,EXCLUDED,1586,2025-06-03,456,108,0,108,0.237,0.0,12.1,12.1,LOW,0.0,0.0,0.0,0.0
34704156,AG6,Dormant - Excluded,EXCLUDED,1587,2025-06-03,456,108,0,108,0.237,0.0,12.1,12.1,LOW,0.0,0.0,0.0,0.0
34849428,AG6,Dormant - Excluded,EXCLUDED,1588,2025-06-10,449,108,0,108,0.241,0.0,12.1,12.1,LOW,0.0,0.0,0.0,0.0
34846733,AG6,Dormant - Excluded,EXCLUDED,1589,2025-06-11,448,108,0,108,0.241,0.0,12.1,12.1,LOW,0.0,0.0,0.0,0.0
34849423,AG6,Dormant - Excluded,EXCLUDED,1590,2025-06-11,448,108,0,108,0.241,0.0,12.1,12.1,LOW,0.0,0.0,0.0,0.0
34469679,AG6,Dormant - Excluded,EXCLUDED,1591,2025-05-26,464,109,0,109,0.235,0.0,12.1,12.1,LOW,0.0,0.0,0.0,0.0
39587705,AG6,Dormant - Excluded,EXCLUDED,1592,2026-01-23,222,47,0,47,0.212,0.0,12.0,12.0,LOW,0.0,0.0,0.0,0.0
34846760,AG6,Dormant - Excluded,EXCLUDED,1593,2025-06-11,448,107,0,107,0.239,0.0,12.0,12.0,LOW,0.0,0.0,0.0,0.0
35087752,AG6,Dormant - Excluded,EXCLUDED,1594,2025-06-23,436,105,0,105,0.241,0.0,11.9,11.9,LOW,0.0,0.0,0.0,0.0
34630417,AG6,Dormant - Excluded,EXCLUDED,1595,2025-05-31,459,107,0,107,0.233,0.0,11.9,11.9,LOW,0.0,0.0,0.0,0.0
34714118,AG6,Dormant - Excluded,EXCLUDED,1596,2025-06-04,455,107,0,107,0.235,0.0,11.9,11.9,LOW,0.0,0.0,0.0,0.0
34714124,AG6,Dormant - Excluded,EXCLUDED,1597,2025-06-04,455,107,0,107,0.235,0.0,11.9,11.9,LOW,0.0,0.0,0.0,0.0
34801216,AG6,Dormant - Excluded,EXCLUDED,1598,2025-06-07,452,107,0,107,0.237,0.0,11.9,11.9,LOW,0.0,0.0,0.0,0.0
34825579,AG6,Dormant - Excluded,EXCLUDED,1599,2025-06-10,449,105,0,105,0.234,0.0,11.8,11.8,LOW,0.0,0.0,0.0,0.0
34704091,AG6,Dormant - Excluded,EXCLUDED,1600,2025-06-04,455,106,0,106,0.233,0.0,11.8,11.8,LOW,0.0,0.0,0.0,0.0
34714122,AG6,Dormant - Excluded,EXCLUDED,1601,2025-06-04,455,106,0,106,0.233,0.0,11.8,11.8,LOW,0.0,0.0,0.0,0.0
34748932,AG6,Dormant - Excluded,EXCLUDED,1602,2025-06-05,454,106,0,106,0.233,0.0,11.8,11.8,LOW,0.0,0.0,0.0,0.0
35334546,AG6,Dormant - Excluded,EXCLUDED,1603,2025-07-04,425,103,0,103,0.242,0.0,11.7,11.7,LOW,0.0,0.0,0.0,0.0
34949605,AG6,Dormant - Excluded,EXCLUDED,1604,2025-06-16,443,104,0,104,0.235,0.0,11.7,11.7,LOW,0.0,0.0,0.0,0.0
34748941,AG6,Dormant - Excluded,EXCLUDED,1605,2025-06-05,454,105,0,105,0.231,0.0,11.7,11.7,LOW,0.0,0.0,0.0,0.0
34748923,AG6,Dormant - Excluded,EXCLUDED,1606,2025-06-06,453,105,0,105,0.232,0.0,11.7,11.7,LOW,0.0,0.0,0.0,0.0
34801227,AG6,Dormant - Excluded,EXCLUDED,1607,2025-06-07,452,105,0,105,0.232,0.0,11.7,11.7,LOW,0.0,0.0,0.0,0.0
34749002,AG6,Dormant - Excluded,EXCLUDED,1608,2025-06-06,453,104,0,104,0.23,0.0,11.6,11.6,LOW,0.0,0.0,0.0,0.0
34825581,AG6,Dormant - Excluded,EXCLUDED,1609,2025-06-10,449,104,0,104,0.232,0.0,11.6,11.6,LOW,0.0,0.0,0.0,0.0
34849424,AG6,Dormant - Excluded,EXCLUDED,1610,2025-06-10,449,104,0,104,0.232,0.0,11.6,11.6,LOW,0.0,0.0,0.0,0.0
34838081,AG6,Dormant - Excluded,EXCLUDED,1611,2025-06-11,448,104,0,104,0.232,0.0,11.6,11.6,LOW,0.0,0.0,0.0,0.0
35706094,AG6,Dormant - Excluded,EXCLUDED,1612,2025-07-16,413,100,0,100,0.242,0.0,11.5,11.5,LOW,0.0,0.0,0.0,0.0
34703777,AG6,Dormant - Excluded,EXCLUDED,1613,2025-06-03,456,104,0,104,0.228,0.0,11.5,11.5,LOW,0.0,0.0,0.0,0.0
34703968,AG6,Dormant - Excluded,EXCLUDED,1614,2025-06-03,456,104,0,104,0.228,0.0,11.5,11.5,LOW,0.0,0.0,0.0,0.0
34704266,AG6,Dormant - Excluded,EXCLUDED,1615,2025-06-03,456,104,0,104,0.228,0.0,11.5,11.5,LOW,0.0,0.0,0.0,0.0
34748937,AG6,Dormant - Excluded,EXCLUDED,1616,2025-06-06,453,103,0,103,0.227,0.0,11.4,11.4,LOW,0.0,0.0,0.0,0.0
34801189,AG6,Dormant - Excluded,EXCLUDED,1617,2025-06-09,450,103,0,103,0.229,0.0,11.4,11.4,LOW,0.0,0.0,0.0,0.0
34825531,AG6,Dormant - Excluded,EXCLUDED,1618,2025-06-10,449,103,0,103,0.229,0.0,11.4,11.4,LOW,0.0,0.0,0.0,0.0
34846736,AG6,Dormant - Excluded,EXCLUDED,1619,2025-06-10,449,103,0,103,0.229,0.0,11.4,11.4,LOW,0.0,0.0,0.0,0.0
34846783,AG6,Dormant - Excluded,EXCLUDED,1620,2025-06-11,448,103,0,103,0.23,0.0,11.4,11.4,LOW,0.0,0.0,0.0,0.0
34469731,AG6,Dormant - Excluded,EXCLUDED,1621,2025-05-27,463,104,0,104,0.225,0.0,11.4,11.4,LOW,0.0,0.0,0.0,0.0
33847525,AG6,Dormant - Excluded,EXCLUDED,1622,2025-04-29,491,107,0,107,0.218,0.0,11.4,11.4,LOW,0.0,0.0,0.0,0.0
36373682,AG6,Dormant - Excluded,EXCLUDED,1623,2025-08-12,386,95,0,95,0.246,0.0,11.3,11.3,LOW,0.0,0.0,0.0,0.0
34825528,AG6,Dormant - Excluded,EXCLUDED,1624,2025-06-10,449,102,0,102,0.227,0.0,11.3,11.3,LOW,0.0,0.0,0.0,0.0
34849446,AG6,Dormant - Excluded,EXCLUDED,1625,2025-06-11,448,102,0,102,0.228,0.0,11.3,11.3,LOW,0.0,0.0,0.0,0.0
34704112,AG6,Dormant - Excluded,EXCLUDED,1626,2025-06-03,456,103,0,103,0.226,0.0,11.3,11.3,LOW,0.0,0.0,0.0,0.0
34714127,AG6,Dormant - Excluded,EXCLUDED,1627,2025-06-04,455,103,0,103,0.226,0.0,11.3,11.3,LOW,0.0,0.0,0.0,0.0
36603186,AG6,Dormant - Excluded,EXCLUDED,1628,2025-08-26,372,93,0,93,0.25,0.0,11.2,11.2,LOW,0.0,0.0,0.0,0.0
34748974,AG6,Dormant - Excluded,EXCLUDED,1629,2025-06-05,454,102,0,102,0.225,0.0,11.2,11.2,LOW,0.0,0.0,0.0,0.0
34745712,AG6,Dormant - Excluded,EXCLUDED,1630,2025-06-06,453,102,0,102,0.225,0.0,11.2,11.2,LOW,0.0,0.0,0.0,0.0
34748914,AG6,Dormant - Excluded,EXCLUDED,1631,2025-06-06,453,102,0,102,0.225,0.0,11.2,11.2,LOW,0.0,0.0,0.0,0.0
34469813,AG6,Dormant - Excluded,EXCLUDED,1632,2025-05-26,464,103,0,103,0.222,0.0,11.2,11.2,LOW,0.0,0.0,0.0,0.0
35334384,AG6,Dormant - Excluded,EXCLUDED,1633,2025-07-03,426,98,0,98,0.23,0.0,11.1,11.1,LOW,0.0,0.0,0.0,0.0
35334564,AG6,Dormant - Excluded,EXCLUDED,1634,2025-07-03,426,98,0,98,0.23,0.0,11.1,11.1,LOW,0.0,0.0,0.0,0.0
34949607,AG6,Dormant - Excluded,EXCLUDED,1635,2025-06-16,443,100,0,100,0.226,0.0,11.1,11.1,LOW,0.0,0.0,0.0,0.0
34825596,AG6,Dormant - Excluded,EXCLUDED,1636,2025-06-10,449,101,0,101,0.225,0.0,11.1,11.1,LOW,0.0,0.0,0.0,0.0
34825603,AG6,Dormant - Excluded,EXCLUDED,1637,2025-06-10,449,101,0,101,0.225,0.0,11.1,11.1,LOW,0.0,0.0,0.0,0.0
34846818,AG6,Dormant - Excluded,EXCLUDED,1638,2025-06-10,449,101,0,101,0.225,0.0,11.1,11.1,LOW,0.0,0.0,0.0,0.0
34726104,AG6,Dormant - Excluded,EXCLUDED,1639,2025-06-04,455,102,0,102,0.224,0.0,11.1,11.1,LOW,0.0,0.0,0.0,0.0
34726124,AG6,Dormant - Excluded,EXCLUDED,1640,2025-06-04,455,102,0,102,0.224,0.0,11.1,11.1,LOW,0.0,0.0,0.0,0.0
33864470,AG6,Dormant - Excluded,EXCLUDED,1641,2025-04-30,490,104,0,104,0.212,0.0,11.1,11.1,LOW,0.0,0.0,0.0,0.0
34825638,AG6,Dormant - Excluded,EXCLUDED,1642,2025-06-10,449,100,0,100,0.223,0.0,11.0,11.0,LOW,0.0,0.0,0.0,0.0
34849422,AG6,Dormant - Excluded,EXCLUDED,1643,2025-06-10,449,100,0,100,0.223,0.0,11.0,11.0,LOW,0.0,0.0,0.0,0.0
34838085,AG6,Dormant - Excluded,EXCLUDED,1644,2025-06-11,448,100,0,100,0.223,0.0,11.0,11.0,LOW,0.0,0.0,0.0,0.0
34726105,AG6,Dormant - Excluded,EXCLUDED,1645,2025-06-04,455,101,0,101,0.222,0.0,11.0,11.0,LOW,0.0,0.0,0.0,0.0
34748929,AG6,Dormant - Excluded,EXCLUDED,1646,2025-06-05,454,101,0,101,0.222,0.0,11.0,11.0,LOW,0.0,0.0,0.0,0.0
34469688,AG6,Dormant - Excluded,EXCLUDED,1647,2025-05-27,463,102,0,102,0.22,0.0,11.0,11.0,LOW,0.0,0.0,0.0,0.0
34704157,AG6,Dormant - Excluded,EXCLUDED,1648,2025-06-03,456,100,0,100,0.219,0.0,10.9,10.9,LOW,0.0,0.0,0.0,0.0
34469691,AG6,Dormant - Excluded,EXCLUDED,1649,2025-05-27,463,101,0,101,0.218,0.0,10.9,10.9,LOW,0.0,0.0,0.0,0.0
34748976,AG6,Dormant - Excluded,EXCLUDED,1650,2025-06-05,454,99,0,99,0.218,0.0,10.8,10.8,LOW,0.0,0.0,0.0,0.0
34825535,AG6,Dormant - Excluded,EXCLUDED,1651,2025-06-10,449,99,0,99,0.22,0.0,10.8,10.8,LOW,0.0,0.0,0.0,0.0
34825610,AG6,Dormant - Excluded,EXCLUDED,1652,2025-06-10,449,99,0,99,0.22,0.0,10.8,10.8,LOW,0.0,0.0,0.0,0.0
36603252,AG6,Dormant - Excluded,EXCLUDED,1653,2025-08-26,372,90,0,90,0.242,0.0,10.7,10.7,LOW,0.0,0.0,0.0,0.0
35087662,AG6,Dormant - Excluded,EXCLUDED,1654,2025-06-23,436,97,0,97,0.222,0.0,10.7,10.7,LOW,0.0,0.0,0.0,0.0
34825628,AG6,Dormant - Excluded,EXCLUDED,1655,2025-06-09,450,98,0,98,0.218,0.0,10.7,10.7,LOW,0.0,0.0,0.0,0.0
34825591,AG6,Dormant - Excluded,EXCLUDED,1656,2025-06-10,449,98,0,98,0.218,0.0,10.7,10.7,LOW,0.0,0.0,0.0,0.0
34838084,AG6,Dormant - Excluded,EXCLUDED,1657,2025-06-11,448,98,0,98,0.219,0.0,10.7,10.7,LOW,0.0,0.0,0.0,0.0
34704094,AG6,Dormant - Excluded,EXCLUDED,1658,2025-06-03,456,99,0,99,0.217,0.0,10.7,10.7,LOW,0.0,0.0,0.0,0.0
34846735,AG6,Dormant - Excluded,EXCLUDED,1659,2025-06-11,448,97,0,97,0.217,0.0,10.6,10.6,LOW,0.0,0.0,0.0,0.0
34949595,AG6,Dormant - Excluded,EXCLUDED,1660,2025-06-16,443,97,0,97,0.219,0.0,10.6,10.6,LOW,0.0,0.0,0.0,0.0
34714082,AG6,Dormant - Excluded,EXCLUDED,1661,2025-06-03,456,98,0,98,0.215,0.0,10.6,10.6,LOW,0.0,0.0,0.0,0.0
34748933,AG6,Dormant - Excluded,EXCLUDED,1662,2025-06-06,453,98,0,98,0.216,0.0,10.6,10.6,LOW,0.0,0.0,0.0,0.0
34469739,AG6,Dormant - Excluded,EXCLUDED,1663,2025-05-26,464,99,0,99,0.213,0.0,10.6,10.6,LOW,0.0,0.0,0.0,0.0
34949475,AG6,Dormant - Excluded,EXCLUDED,1664,2025-06-16,443,96,0,96,0.217,0.0,10.5,10.5,LOW,0.0,0.0,0.0,0.0
34714103,AG6,Dormant - Excluded,EXCLUDED,1665,2025-06-03,456,97,0,97,0.213,0.0,10.5,10.5,LOW,0.0,0.0,0.0,0.0
34703877,AG6,Dormant - Excluded,EXCLUDED,1666,2025-06-04,455,97,0,97,0.213,0.0,10.5,10.5,LOW,0.0,0.0,0.0,0.0
34825644,AG6,Dormant - Excluded,EXCLUDED,1667,2025-06-10,449,97,0,97,0.216,0.0,10.5,10.5,LOW,0.0,0.0,0.0,0.0
34801174,AG6,Dormant - Excluded,EXCLUDED,1668,2025-06-09,450,96,0,96,0.213,0.0,10.4,10.4,LOW,0.0,0.0,0.0,0.0
34837985,AG6,Dormant - Excluded,EXCLUDED,1669,2025-06-11,448,96,0,96,0.214,0.0,10.4,10.4,LOW,0.0,0.0,0.0,0.0
34837989,AG6,Dormant - Excluded,EXCLUDED,1670,2025-06-11,448,96,0,96,0.214,0.0,10.4,10.4,LOW,0.0,0.0,0.0,0.0
34846805,AG6,Dormant - Excluded,EXCLUDED,1671,2025-06-11,448,96,0,96,0.214,0.0,10.4,10.4,LOW,0.0,0.0,0.0,0.0
34469719,AG6,Dormant - Excluded,EXCLUDED,1672,2025-05-26,464,97,0,97,0.209,0.0,10.4,10.4,LOW,0.0,0.0,0.0,0.0
35706387,AG6,Dormant - Excluded,EXCLUDED,1673,2025-07-16,413,91,0,91,0.22,0.0,10.3,10.3,LOW,0.0,0.0,0.0,0.0
35843393,AG6,Dormant - Excluded,EXCLUDED,1674,2025-07-21,408,91,0,91,0.223,0.0,10.3,10.3,LOW,0.0,0.0,0.0,0.0
34745691,AG6,Dormant - Excluded,EXCLUDED,1675,2025-06-05,454,95,0,95,0.209,0.0,10.3,10.3,LOW,0.0,0.0,0.0,0.0
34748983,AG6,Dormant - Excluded,EXCLUDED,1676,2025-06-05,454,95,0,95,0.209,0.0,10.3,10.3,LOW,0.0,0.0,0.0,0.0
34846849,AG6,Dormant - Excluded,EXCLUDED,1677,2025-06-10,449,95,0,95,0.212,0.0,10.3,10.3,LOW,0.0,0.0,0.0,0.0
34704132,AG6,Dormant - Excluded,EXCLUDED,1678,2025-06-03,456,96,0,96,0.211,0.0,10.3,10.3,LOW,0.0,0.0,0.0,0.0
33809309,AG6,Dormant - Excluded,EXCLUDED,1679,2025-04-26,494,99,0,99,0.2,0.0,10.3,10.3,LOW,0.0,0.0,0.0,0.0
36225592,AG6,Dormant - Excluded,EXCLUDED,1680,2025-08-06,392,89,0,89,0.227,0.0,10.2,10.2,LOW,0.0,0.0,0.0,0.0
34825618,AG6,Dormant - Excluded,EXCLUDED,1681,2025-06-10,449,94,0,94,0.209,0.0,10.2,10.2,LOW,0.0,0.0,0.0,0.0
34846854,AG6,Dormant - Excluded,EXCLUDED,1682,2025-06-10,449,94,0,94,0.209,0.0,10.2,10.2,LOW,0.0,0.0,0.0,0.0
34748915,AG6,Dormant - Excluded,EXCLUDED,1683,2025-06-05,454,94,0,94,0.207,0.0,10.1,10.1,LOW,0.0,0.0,0.0,0.0
34748922,AG6,Dormant - Excluded,EXCLUDED,1684,2025-06-05,454,94,0,94,0.207,0.0,10.1,10.1,LOW,0.0,0.0,0.0,0.0
34745773,AG6,Dormant - Excluded,EXCLUDED,1685,2025-06-06,453,94,0,94,0.208,0.0,10.1,10.1,LOW,0.0,0.0,0.0,0.0
34825572,AG6,Dormant - Excluded,EXCLUDED,1686,2025-06-09,450,94,0,94,0.209,0.0,10.1,10.1,LOW,0.0,0.0,0.0,0.0
34469730,AG6,Dormant - Excluded,EXCLUDED,1687,2025-05-27,463,95,0,95,0.205,0.0,10.1,10.1,LOW,0.0,0.0,0.0,0.0
34825559,AG6,Dormant - Excluded,EXCLUDED,1688,2025-06-10,449,93,0,93,0.207,0.0,10.0,10.0,LOW,0.0,0.0,0.0,0.0
34838082,AG6,Dormant - Excluded,EXCLUDED,1689,2025-06-11,448,93,0,93,0.208,0.0,10.0,10.0,LOW,0.0,0.0,0.0,0.0
34838083,AG6,Dormant - Excluded,EXCLUDED,1690,2025-06-11,448,93,0,93,0.208,0.0,10.0,10.0,LOW,0.0,0.0,0.0,0.0
34849412,AG6,Dormant - Excluded,EXCLUDED,1691,2025-06-11,448,93,0,93,0.208,0.0,10.0,10.0,LOW,0.0,0.0,0.0,0.0
34469795,AG6,Dormant - Excluded,EXCLUDED,1692,2025-05-26,464,94,0,94,0.203,0.0,10.0,10.0,LOW,0.0,0.0,0.0,0.0
34469835,AG6,Dormant - Excluded,EXCLUDED,1693,2025-05-26,464,94,0,94,0.203,0.0,10.0,10.0,LOW,0.0,0.0,0.0,0.0
34714074,AG6,Dormant - Excluded,EXCLUDED,1694,2025-06-03,456,94,0,94,0.206,0.0,10.0,10.0,LOW,0.0,0.0,0.0,0.0
35334382,AG6,Dormant - Excluded,EXCLUDED,1695,2025-07-04,425,90,0,90,0.212,0.0,9.9,9.9,LOW,0.0,0.0,0.0,0.0
34714131,AG6,Dormant - Excluded,EXCLUDED,1696,2025-06-04,455,93,0,93,0.204,0.0,9.9,9.9,LOW,0.0,0.0,0.0,0.0
34748938,AG6,Dormant - Excluded,EXCLUDED,1697,2025-06-06,453,91,0,91,0.201,0.0,9.8,9.8,LOW,0.0,0.0,0.0,0.0
34849449,AG6,Dormant - Excluded,EXCLUDED,1698,2025-06-10,449,91,0,91,0.203,0.0,9.8,9.8,LOW,0.0,0.0,0.0,0.0
35334293,AG6,Dormant - Excluded,EXCLUDED,1699,2025-07-03,426,89,0,89,0.209,0.0,9.7,9.7,LOW,0.0,0.0,0.0,0.0
34849409,AG6,Dormant - Excluded,EXCLUDED,1700,2025-06-10,449,90,0,90,0.2,0.0,9.7,9.7,LOW,0.0,0.0,0.0,0.0
34838059,AG6,Dormant - Excluded,EXCLUDED,1701,2025-06-11,448,90,0,90,0.201,0.0,9.7,9.7,LOW,0.0,0.0,0.0,0.0
34849374,AG6,Dormant - Excluded,EXCLUDED,1702,2025-06-11,448,90,0,90,0.201,0.0,9.7,9.7,LOW,0.0,0.0,0.0,0.0
34849416,AG6,Dormant - Excluded,EXCLUDED,1703,2025-06-11,448,90,0,90,0.201,0.0,9.7,9.7,LOW,0.0,0.0,0.0,0.0
34949576,AG6,Dormant - Excluded,EXCLUDED,1704,2025-06-16,443,90,0,90,0.203,0.0,9.7,9.7,LOW,0.0,0.0,0.0,0.0
34714060,AG6,Dormant - Excluded,EXCLUDED,1705,2025-06-03,456,91,0,91,0.2,0.0,9.7,9.7,LOW,0.0,0.0,0.0,0.0
34703775,AG6,Dormant - Excluded,EXCLUDED,1706,2025-06-03,456,90,0,90,0.197,0.0,9.6,9.6,LOW,0.0,0.0,0.0,0.0
34714109,AG6,Dormant - Excluded,EXCLUDED,1707,2025-06-03,456,90,0,90,0.197,0.0,9.6,9.6,LOW,0.0,0.0,0.0,0.0
34726032,AG6,Dormant - Excluded,EXCLUDED,1708,2025-06-04,455,90,0,90,0.198,0.0,9.6,9.6,LOW,0.0,0.0,0.0,0.0
34801146,AG6,Dormant - Excluded,EXCLUDED,1709,2025-06-07,452,90,0,90,0.199,0.0,9.6,9.6,LOW,0.0,0.0,0.0,0.0
34825692,AG6,Dormant - Excluded,EXCLUDED,1710,2025-06-09,450,90,0,90,0.2,0.0,9.6,9.6,LOW,0.0,0.0,0.0,0.0
36225647,AG6,Dormant - Excluded,EXCLUDED,1711,2025-08-05,393,84,0,84,0.214,0.0,9.5,9.5,LOW,0.0,0.0,0.0,0.0
34469798,AG6,Dormant - Excluded,EXCLUDED,1712,2025-05-26,464,90,0,90,0.194,0.0,9.5,9.5,LOW,0.0,0.0,0.0,0.0
36603191,AG6,Dormant - Excluded,EXCLUDED,1713,2025-08-26,372,81,0,81,0.218,0.0,9.4,9.4,LOW,0.0,0.0,0.0,0.0
34838049,AG6,Dormant - Excluded,EXCLUDED,1714,2025-06-11,448,88,0,88,0.196,0.0,9.4,9.4,LOW,0.0,0.0,0.0,0.0
34838076,AG6,Dormant - Excluded,EXCLUDED,1715,2025-06-11,448,88,0,88,0.196,0.0,9.4,9.4,LOW,0.0,0.0,0.0,0.0
34949360,AG6,Dormant - Excluded,EXCLUDED,1716,2025-06-16,443,88,0,88,0.199,0.0,9.4,9.4,LOW,0.0,0.0,0.0,0.0
34703943,AG6,Dormant - Excluded,EXCLUDED,1717,2025-06-03,456,89,0,89,0.195,0.0,9.4,9.4,LOW,0.0,0.0,0.0,0.0
34714067,AG6,Dormant - Excluded,EXCLUDED,1718,2025-06-03,456,89,0,89,0.195,0.0,9.4,9.4,LOW,0.0,0.0,0.0,0.0
34748945,AG6,Dormant - Excluded,EXCLUDED,1719,2025-06-05,454,89,0,89,0.196,0.0,9.4,9.4,LOW,0.0,0.0,0.0,0.0
36603228,AG6,Dormant - Excluded,EXCLUDED,1720,2025-08-26,372,80,0,80,0.215,0.0,9.3,9.3,LOW,0.0,0.0,0.0,0.0
34949218,AG6,Dormant - Excluded,EXCLUDED,1721,2025-06-16,443,87,0,87,0.196,0.0,9.3,9.3,LOW,0.0,0.0,0.0,0.0
34949259,AG6,Dormant - Excluded,EXCLUDED,1722,2025-06-16,443,87,0,87,0.196,0.0,9.3,9.3,LOW,0.0,0.0,0.0,0.0
34749007,AG6,Dormant - Excluded,EXCLUDED,1723,2025-06-06,453,88,0,88,0.194,0.0,9.3,9.3,LOW,0.0,0.0,0.0,0.0
34801166,AG6,Dormant - Excluded,EXCLUDED,1724,2025-06-09,450,88,0,88,0.196,0.0,9.3,9.3,LOW,0.0,0.0,0.0,0.0
35087562,AG6,Dormant - Excluded,EXCLUDED,1725,2025-06-23,436,86,0,86,0.197,0.0,9.2,9.2,LOW,0.0,0.0,0.0,0.0
34825682,AG6,Dormant - Excluded,EXCLUDED,1726,2025-06-10,449,87,0,87,0.194,0.0,9.2,9.2,LOW,0.0,0.0,0.0,0.0
34838062,AG6,Dormant - Excluded,EXCLUDED,1727,2025-06-11,448,87,0,87,0.194,0.0,9.2,9.2,LOW,0.0,0.0,0.0,0.0
34846732,AG6,Dormant - Excluded,EXCLUDED,1728,2025-06-11,448,87,0,87,0.194,0.0,9.2,9.2,LOW,0.0,0.0,0.0,0.0
34703936,AG6,Dormant - Excluded,EXCLUDED,1729,2025-06-03,456,88,0,88,0.193,0.0,9.2,9.2,LOW,0.0,0.0,0.0,0.0
35334378,AG6,Dormant - Excluded,EXCLUDED,1730,2025-07-03,426,84,0,84,0.197,0.0,9.1,9.1,LOW,0.0,0.0,0.0,0.0
34825696,AG6,Dormant - Excluded,EXCLUDED,1731,2025-06-10,449,86,0,86,0.192,0.0,9.1,9.1,LOW,0.0,0.0,0.0,0.0
34849388,AG6,Dormant - Excluded,EXCLUDED,1732,2025-06-10,449,86,0,86,0.192,0.0,9.1,9.1,LOW,0.0,0.0,0.0,0.0
34846744,AG6,Dormant - Excluded,EXCLUDED,1733,2025-06-11,448,86,0,86,0.192,0.0,9.1,9.1,LOW,0.0,0.0,0.0,0.0
34949558,AG6,Dormant - Excluded,EXCLUDED,1734,2025-06-16,443,86,0,86,0.194,0.0,9.1,9.1,LOW,0.0,0.0,0.0,0.0
34469704,AG6,Dormant - Excluded,EXCLUDED,1735,2025-05-26,464,87,0,87,0.188,0.0,9.1,9.1,LOW,0.0,0.0,0.0,0.0
34726120,AG6,Dormant - Excluded,EXCLUDED,1736,2025-06-04,455,87,0,87,0.191,0.0,9.1,9.1,LOW,0.0,0.0,0.0,0.0
34849443,AG6,Dormant - Excluded,EXCLUDED,1737,2025-06-11,448,85,0,85,0.19,0.0,9.0,9.0,LOW,0.0,0.0,0.0,0.0
34703839,AG6,Dormant - Excluded,EXCLUDED,1738,2025-06-03,456,86,0,86,0.189,0.0,9.0,9.0,LOW,0.0,0.0,0.0,0.0
34801160,AG6,Dormant - Excluded,EXCLUDED,1739,2025-06-07,452,86,0,86,0.19,0.0,9.0,9.0,LOW,0.0,0.0,0.0,0.0
34825613,AG6,Dormant - Excluded,EXCLUDED,1740,2025-06-09,450,86,0,86,0.191,0.0,9.0,9.0,LOW,0.0,0.0,0.0,0.0
34825583,AG6,Dormant - Excluded,EXCLUDED,1741,2025-06-09,450,84,0,84,0.187,0.0,8.9,8.9,LOW,0.0,0.0,0.0,0.0
34838057,AG6,Dormant - Excluded,EXCLUDED,1742,2025-06-11,448,84,0,84,0.188,0.0,8.9,8.9,LOW,0.0,0.0,0.0,0.0
34469708,AG6,Dormant - Excluded,EXCLUDED,1743,2025-05-27,463,85,0,85,0.184,0.0,8.9,8.9,LOW,0.0,0.0,0.0,0.0
34704108,AG6,Dormant - Excluded,EXCLUDED,1744,2025-06-03,456,85,0,85,0.186,0.0,8.9,8.9,LOW,0.0,0.0,0.0,0.0
34801145,AG6,Dormant - Excluded,EXCLUDED,1745,2025-06-07,452,85,0,85,0.188,0.0,8.9,8.9,LOW,0.0,0.0,0.0,0.0
36603217,AG6,Dormant - Excluded,EXCLUDED,1746,2025-08-26,372,77,0,77,0.207,0.0,8.8,8.8,LOW,0.0,0.0,0.0,0.0
36603226,AG6,Dormant - Excluded,EXCLUDED,1747,2025-08-26,372,77,0,77,0.207,0.0,8.8,8.8,LOW,0.0,0.0,0.0,0.0
34825569,AG6,Dormant - Excluded,EXCLUDED,1748,2025-06-09,450,83,0,83,0.184,0.0,8.8,8.8,LOW,0.0,0.0,0.0,0.0
34825577,AG6,Dormant - Excluded,EXCLUDED,1749,2025-06-10,449,83,0,83,0.185,0.0,8.8,8.8,LOW,0.0,0.0,0.0,0.0
34949865,AG6,Dormant - Excluded,EXCLUDED,1750,2025-06-17,442,82,0,82,0.186,0.0,8.7,8.7,LOW,0.0,0.0,0.0,0.0
34469699,AG6,Dormant - Excluded,EXCLUDED,1751,2025-05-26,464,83,0,83,0.179,0.0,8.7,8.7,LOW,0.0,0.0,0.0,0.0
34469768,AG6,Dormant - Excluded,EXCLUDED,1752,2025-05-26,464,83,0,83,0.179,0.0,8.7,8.7,LOW,0.0,0.0,0.0,0.0
34825560,AG6,Dormant - Excluded,EXCLUDED,1753,2025-06-10,449,81,0,81,0.18,0.0,8.6,8.6,LOW,0.0,0.0,0.0,0.0
34825699,AG6,Dormant - Excluded,EXCLUDED,1754,2025-06-10,449,81,0,81,0.18,0.0,8.6,8.6,LOW,0.0,0.0,0.0,0.0
34846798,AG6,Dormant - Excluded,EXCLUDED,1755,2025-06-10,449,81,0,81,0.18,0.0,8.6,8.6,LOW,0.0,0.0,0.0,0.0
34849421,AG6,Dormant - Excluded,EXCLUDED,1756,2025-06-10,449,81,0,81,0.18,0.0,8.6,8.6,LOW,0.0,0.0,0.0,0.0
34849411,AG6,Dormant - Excluded,EXCLUDED,1757,2025-06-11,448,81,0,81,0.181,0.0,8.6,8.6,LOW,0.0,0.0,0.0,0.0
34949536,AG6,Dormant - Excluded,EXCLUDED,1758,2025-06-16,443,81,0,81,0.183,0.0,8.6,8.6,LOW,0.0,0.0,0.0,0.0
34704060,AG6,Dormant - Excluded,EXCLUDED,1759,2025-06-03,456,82,0,82,0.18,0.0,8.6,8.6,LOW,0.0,0.0,0.0,0.0
33847523,AG6,Dormant - Excluded,EXCLUDED,1760,2025-04-29,491,85,0,85,0.173,0.0,8.6,8.6,LOW,0.0,0.0,0.0,0.0
35087679,AG6,Dormant - Excluded,EXCLUDED,1761,2025-06-23,436,79,0,79,0.181,0.0,8.5,8.5,LOW,0.0,0.0,0.0,0.0
34469744,AG6,Dormant - Excluded,EXCLUDED,1762,2025-05-26,464,81,0,81,0.175,0.0,8.5,8.5,LOW,0.0,0.0,0.0,0.0
34703779,AG6,Dormant - Excluded,EXCLUDED,1763,2025-06-03,456,81,0,81,0.178,0.0,8.5,8.5,LOW,0.0,0.0,0.0,0.0
36603237,AG6,Dormant - Excluded,EXCLUDED,1764,2025-08-26,372,73,0,73,0.196,0.0,8.4,8.4,LOW,0.0,0.0,0.0,0.0
34949319,AG6,Dormant - Excluded,EXCLUDED,1765,2025-06-16,443,79,0,79,0.178,0.0,8.4,8.4,LOW,0.0,0.0,0.0,0.0
34949499,AG6,Dormant - Excluded,EXCLUDED,1766,2025-06-16,443,79,0,79,0.178,0.0,8.4,8.4,LOW,0.0,0.0,0.0,0.0
34703986,AG6,Dormant - Excluded,EXCLUDED,1767,2025-06-03,456,80,0,80,0.175,0.0,8.4,8.4,LOW,0.0,0.0,0.0,0.0
34714063,AG6,Dormant - Excluded,EXCLUDED,1768,2025-06-04,455,80,0,80,0.176,0.0,8.4,8.4,LOW,0.0,0.0,0.0,0.0
34838043,AG6,Dormant - Excluded,EXCLUDED,1769,2025-06-10,449,80,0,80,0.178,0.0,8.4,8.4,LOW,0.0,0.0,0.0,0.0
34849441,AG6,Dormant - Excluded,EXCLUDED,1770,2025-06-10,449,80,0,80,0.178,0.0,8.4,8.4,LOW,0.0,0.0,0.0,0.0
34838060,AG6,Dormant - Excluded,EXCLUDED,1771,2025-06-11,448,80,0,80,0.179,0.0,8.4,8.4,LOW,0.0,0.0,0.0,0.0
33809299,AG6,Dormant - Excluded,EXCLUDED,1772,2025-04-26,494,83,0,83,0.168,0.0,8.4,8.4,LOW,0.0,0.0,0.0,0.0
33853373,AG6,Dormant - Excluded,EXCLUDED,1773,2025-04-29,491,83,0,83,0.169,0.0,8.4,8.4,LOW,0.0,0.0,0.0,0.0
34726084,AG6,Dormant - Excluded,EXCLUDED,1774,2025-06-04,455,79,0,79,0.174,0.0,8.3,8.3,LOW,0.0,0.0,0.0,0.0
34846711,AG6,Dormant - Excluded,EXCLUDED,1775,2025-06-11,448,79,0,79,0.176,0.0,8.3,8.3,LOW,0.0,0.0,0.0,0.0
34469737,AG6,Dormant - Excluded,EXCLUDED,1776,2025-05-26,464,80,0,80,0.172,0.0,8.3,8.3,LOW,0.0,0.0,0.0,0.0
35705840,AG6,Dormant - Excluded,EXCLUDED,1777,2025-07-16,413,76,0,76,0.184,0.0,8.2,8.2,LOW,0.0,0.0,0.0,0.0
34849415,AG6,Dormant - Excluded,EXCLUDED,1778,2025-06-10,449,78,0,78,0.174,0.0,8.2,8.2,LOW,0.0,0.0,0.0,0.0
34846797,AG6,Dormant - Excluded,EXCLUDED,1779,2025-06-11,448,78,0,78,0.174,0.0,8.2,8.2,LOW,0.0,0.0,0.0,0.0
34949526,AG6,Dormant - Excluded,EXCLUDED,1780,2025-06-16,443,78,0,78,0.176,0.0,8.2,8.2,LOW,0.0,0.0,0.0,0.0
36603234,AG6,Dormant - Excluded,EXCLUDED,1781,2025-08-26,372,70,0,70,0.188,0.0,8.1,8.1,LOW,0.0,0.0,0.0,0.0
34825540,AG6,Dormant - Excluded,EXCLUDED,1782,2025-06-10,449,77,0,77,0.171,0.0,8.1,8.1,LOW,0.0,0.0,0.0,0.0
34825548,AG6,Dormant - Excluded,EXCLUDED,1783,2025-06-10,449,77,0,77,0.171,0.0,8.1,8.1,LOW,0.0,0.0,0.0,0.0
34825694,AG6,Dormant - Excluded,EXCLUDED,1784,2025-06-10,449,77,0,77,0.171,0.0,8.1,8.1,LOW,0.0,0.0,0.0,0.0
34846802,AG6,Dormant - Excluded,EXCLUDED,1785,2025-06-11,448,77,0,77,0.172,0.0,8.1,8.1,LOW,0.0,0.0,0.0,0.0
34949226,AG6,Dormant - Excluded,EXCLUDED,1786,2025-06-16,443,77,0,77,0.174,0.0,8.1,8.1,LOW,0.0,0.0,0.0,0.0
34469756,AG6,Dormant - Excluded,EXCLUDED,1787,2025-05-27,463,78,0,78,0.168,0.0,8.1,8.1,LOW,0.0,0.0,0.0,0.0
34726047,AG6,Dormant - Excluded,EXCLUDED,1788,2025-06-04,455,78,0,78,0.171,0.0,8.1,8.1,LOW,0.0,0.0,0.0,0.0
34726079,AG6,Dormant - Excluded,EXCLUDED,1789,2025-06-04,455,78,0,78,0.171,0.0,8.1,8.1,LOW,0.0,0.0,0.0,0.0
34726130,AG6,Dormant - Excluded,EXCLUDED,1790,2025-06-04,455,78,0,78,0.171,0.0,8.1,8.1,LOW,0.0,0.0,0.0,0.0
34745692,AG6,Dormant - Excluded,EXCLUDED,1791,2025-06-05,454,77,0,77,0.17,0.0,8.0,8.0,LOW,0.0,0.0,0.0,0.0
34748990,AG6,Dormant - Excluded,EXCLUDED,1792,2025-06-05,454,77,0,77,0.17,0.0,8.0,8.0,LOW,0.0,0.0,0.0,0.0
34825710,AG6,Dormant - Excluded,EXCLUDED,1793,2025-06-10,449,76,0,76,0.169,0.0,7.9,7.9,LOW,0.0,0.0,0.0,0.0
34849417,AG6,Dormant - Excluded,EXCLUDED,1794,2025-06-11,448,76,0,76,0.17,0.0,7.9,7.9,LOW,0.0,0.0,0.0,0.0
36603223,AG6,Dormant - Excluded,EXCLUDED,1795,2025-08-26,372,67,0,67,0.18,0.0,7.8,7.8,LOW,0.0,0.0,0.0,0.0
34846768,AG6,Dormant - Excluded,EXCLUDED,1796,2025-06-11,448,73,0,73,0.163,0.0,7.8,7.8,LOW,0.0,0.0,0.0,0.0
34825561,AG6,Dormant - Excluded,EXCLUDED,1797,2025-06-10,449,75,0,75,0.167,0.0,7.8,7.8,LOW,0.0,0.0,0.0,0.0
34846766,AG6,Dormant - Excluded,EXCLUDED,1798,2025-06-10,449,75,0,75,0.167,0.0,7.8,7.8,LOW,0.0,0.0,0.0,0.0
36603179,AG6,Dormant - Excluded,EXCLUDED,1799,2025-08-26,372,66,0,66,0.177,0.0,7.7,7.7,LOW,0.0,0.0,0.0,0.0
34745753,AG6,Dormant - Excluded,EXCLUDED,1800,2025-06-06,453,72,0,72,0.159,0.0,7.7,7.7,LOW,0.0,0.0,0.0,0.0
34849396,AG6,Dormant - Excluded,EXCLUDED,1801,2025-06-11,448,72,0,72,0.161,0.0,7.7,7.7,LOW,0.0,0.0,0.0,0.0
34949509,AG6,Dormant - Excluded,EXCLUDED,1802,2025-06-16,443,72,0,72,0.163,0.0,7.7,7.7,LOW,0.0,0.0,0.0,0.0
34714076,AG6,Dormant - Excluded,EXCLUDED,1803,2025-06-03,456,73,0,73,0.16,0.0,7.7,7.7,LOW,0.0,0.0,0.0,0.0
34846748,AG6,Dormant - Excluded,EXCLUDED,1804,2025-06-10,449,73,0,73,0.163,0.0,7.7,7.7,LOW,0.0,0.0,0.0,0.0
33809293,AG6,Dormant - Excluded,EXCLUDED,1805,2025-04-26,494,76,0,76,0.154,0.0,7.7,7.7,LOW,0.0,0.0,0.0,0.0
34838021,AG6,Dormant - Excluded,EXCLUDED,1806,2025-06-11,448,70,0,70,0.156,0.0,7.6,7.6,LOW,0.0,0.0,0.0,0.0
34801164,AG6,Dormant - Excluded,EXCLUDED,1807,2025-06-09,450,71,0,71,0.158,0.0,7.6,7.6,LOW,0.0,0.0,0.0,0.0
34469824,AG6,Dormant - Excluded,EXCLUDED,1808,2025-05-26,464,72,0,72,0.155,0.0,7.6,7.6,LOW,0.0,0.0,0.0,0.0
33809318,AG6,Dormant - Excluded,EXCLUDED,1809,2025-04-27,493,73,0,73,0.148,0.0,7.6,7.6,LOW,0.0,0.0,0.0,0.0
36603218,AG6,Dormant - Excluded,EXCLUDED,1810,2025-08-26,372,64,0,64,0.172,0.0,7.5,7.5,LOW,0.0,0.0,0.0,0.0
34748913,AG6,Dormant - Excluded,EXCLUDED,1811,2025-06-05,454,69,0,69,0.152,0.0,7.5,7.5,LOW,0.0,0.0,0.0,0.0
34949445,AG6,Dormant - Excluded,EXCLUDED,1812,2025-06-16,443,69,0,69,0.156,0.0,7.5,7.5,LOW,0.0,0.0,0.0,0.0
34949498,AG6,Dormant - Excluded,EXCLUDED,1813,2025-06-16,443,69,0,69,0.156,0.0,7.5,7.5,LOW,0.0,0.0,0.0,0.0
34726093,AG6,Dormant - Excluded,EXCLUDED,1814,2025-06-04,455,70,0,70,0.154,0.0,7.5,7.5,LOW,0.0,0.0,0.0,0.0
34825731,AG6,Dormant - Excluded,EXCLUDED,1815,2025-06-09,450,70,0,70,0.156,0.0,7.5,7.5,LOW,0.0,0.0,0.0,0.0
36603174,AG6,Dormant - Excluded,EXCLUDED,1816,2025-08-26,372,63,0,63,0.169,0.0,7.4,7.4,LOW,0.0,0.0,0.0,0.0
35287098,AG6,Dormant - Excluded,EXCLUDED,1817,2025-07-01,428,67,0,67,0.157,0.0,7.4,7.4,LOW,0.0,0.0,0.0,0.0
34704270,AG6,Dormant - Excluded,EXCLUDED,1818,2025-06-03,456,68,0,68,0.149,0.0,7.4,7.4,LOW,0.0,0.0,0.0,0.0
34825690,AG6,Dormant - Excluded,EXCLUDED,1819,2025-06-09,450,68,0,68,0.151,0.0,7.4,7.4,LOW,0.0,0.0,0.0,0.0
34849368,AG6,Dormant - Excluded,EXCLUDED,1820,2025-06-10,449,68,0,68,0.151,0.0,7.4,7.4,LOW,0.0,0.0,0.0,0.0
34469748,AG6,Dormant - Excluded,EXCLUDED,1821,2025-05-26,464,69,0,69,0.149,0.0,7.4,7.4,LOW,0.0,0.0,0.0,0.0
34469792,AG6,Dormant - Excluded,EXCLUDED,1822,2025-05-26,464,69,0,69,0.149,0.0,7.4,7.4,LOW,0.0,0.0,0.0,0.0
34726090,AG6,Dormant - Excluded,EXCLUDED,1823,2025-06-04,455,67,0,67,0.147,0.0,7.3,7.3,LOW,0.0,0.0,0.0,0.0
34949493,AG6,Dormant - Excluded,EXCLUDED,1824,2025-06-16,443,67,0,67,0.151,0.0,7.3,7.3,LOW,0.0,0.0,0.0,0.0
36603272,AG6,Dormant - Excluded,EXCLUDED,1825,2025-08-26,372,61,0,61,0.164,0.0,7.2,7.2,LOW,0.0,0.0,0.0,0.0
34726094,AG6,Dormant - Excluded,EXCLUDED,1826,2025-06-04,455,66,0,66,0.145,0.0,7.2,7.2,LOW,0.0,0.0,0.0,0.0
34825632,AG6,Dormant - Excluded,EXCLUDED,1827,2025-06-09,450,66,0,66,0.147,0.0,7.2,7.2,LOW,0.0,0.0,0.0,0.0
34825524,AG6,Dormant - Excluded,EXCLUDED,1828,2025-06-10,449,66,0,66,0.147,0.0,7.2,7.2,LOW,0.0,0.0,0.0,0.0
34949429,AG6,Dormant - Excluded,EXCLUDED,1829,2025-06-16,443,64,0,64,0.144,0.0,7.1,7.1,LOW,0.0,0.0,0.0,0.0
34726067,AG6,Dormant - Excluded,EXCLUDED,1830,2025-06-04,455,65,0,65,0.143,0.0,7.1,7.1,LOW,0.0,0.0,0.0,0.0
34825526,AG6,Dormant - Excluded,EXCLUDED,1831,2025-06-09,450,65,0,65,0.144,0.0,7.1,7.1,LOW,0.0,0.0,0.0,0.0
34825672,AG6,Dormant - Excluded,EXCLUDED,1832,2025-06-10,449,65,0,65,0.145,0.0,7.1,7.1,LOW,0.0,0.0,0.0,0.0
36603256,AG6,Dormant - Excluded,EXCLUDED,1833,2025-08-26,372,58,0,58,0.156,0.0,7.0,7.0,LOW,0.0,0.0,0.0,0.0
34825604,AG6,Dormant - Excluded,EXCLUDED,1834,2025-06-09,450,63,0,63,0.14,0.0,7.0,7.0,LOW,0.0,0.0,0.0,0.0
34825643,AG6,Dormant - Excluded,EXCLUDED,1835,2025-06-10,449,63,0,63,0.14,0.0,7.0,7.0,LOW,0.0,0.0,0.0,0.0
34825585,AG6,Dormant - Excluded,EXCLUDED,1836,2025-06-10,449,64,0,64,0.143,0.0,7.0,7.0,LOW,0.0,0.0,0.0,0.0
35334347,AG6,Dormant - Excluded,EXCLUDED,1837,2025-07-03,426,61,0,61,0.143,0.0,6.9,6.9,LOW,0.0,0.0,0.0,0.0
34726089,AG6,Dormant - Excluded,EXCLUDED,1838,2025-06-04,455,62,0,62,0.136,0.0,6.9,6.9,LOW,0.0,0.0,0.0,0.0
34825574,AG6,Dormant - Excluded,EXCLUDED,1839,2025-06-10,449,62,0,62,0.138,0.0,6.9,6.9,LOW,0.0,0.0,0.0,0.0
34849378,AG6,Dormant - Excluded,EXCLUDED,1840,2025-06-10,449,62,0,62,0.138,0.0,6.9,6.9,LOW,0.0,0.0,0.0,0.0
34837981,AG6,Dormant - Excluded,EXCLUDED,1841,2025-06-11,448,62,0,62,0.138,0.0,6.9,6.9,LOW,0.0,0.0,0.0,0.0
34469682,AG6,Dormant - Excluded,EXCLUDED,1842,2025-05-26,464,63,0,63,0.136,0.0,6.9,6.9,LOW,0.0,0.0,0.0,0.0
34630383,AG6,Dormant - Excluded,EXCLUDED,1843,2025-05-31,459,63,0,63,0.137,0.0,6.9,6.9,LOW,0.0,0.0,0.0,0.0
34825681,AG6,Dormant - Excluded,EXCLUDED,1844,2025-06-10,449,61,0,61,0.136,0.0,6.8,6.8,LOW,0.0,0.0,0.0,0.0
34825722,AG6,Dormant - Excluded,EXCLUDED,1845,2025-06-10,449,61,0,61,0.136,0.0,6.8,6.8,LOW,0.0,0.0,0.0,0.0
34837932,AG6,Dormant - Excluded,EXCLUDED,1846,2025-06-10,449,61,0,61,0.136,0.0,6.8,6.8,LOW,0.0,0.0,0.0,0.0
34838011,AG6,Dormant - Excluded,EXCLUDED,1847,2025-06-11,448,61,0,61,0.136,0.0,6.8,6.8,LOW,0.0,0.0,0.0,0.0
36603205,AG6,Dormant - Excluded,EXCLUDED,1848,2025-08-26,372,55,0,55,0.148,0.0,6.7,6.7,LOW,0.0,0.0,0.0,0.0
35087344,AG6,Dormant - Excluded,EXCLUDED,1849,2025-06-23,436,59,0,59,0.135,0.0,6.7,6.7,LOW,0.0,0.0,0.0,0.0
34838012,AG6,Dormant - Excluded,EXCLUDED,1850,2025-06-11,448,60,0,60,0.134,0.0,6.7,6.7,LOW,0.0,0.0,0.0,0.0
34849397,AG6,Dormant - Excluded,EXCLUDED,1851,2025-06-11,448,60,0,60,0.134,0.0,6.7,6.7,LOW,0.0,0.0,0.0,0.0
34849398,AG6,Dormant - Excluded,EXCLUDED,1852,2025-06-11,448,60,0,60,0.134,0.0,6.7,6.7,LOW,0.0,0.0,0.0,0.0
34703905,AG6,Dormant - Excluded,EXCLUDED,1853,2025-06-03,456,61,0,61,0.134,0.0,6.7,6.7,LOW,0.0,0.0,0.0,0.0
36603182,AG6,Dormant - Excluded,EXCLUDED,1854,2025-08-26,372,54,0,54,0.145,0.0,6.6,6.6,LOW,0.0,0.0,0.0,0.0
36603265,AG6,Dormant - Excluded,EXCLUDED,1855,2025-08-26,372,54,0,54,0.145,0.0,6.6,6.6,LOW,0.0,0.0,0.0,0.0
34703833,AG6,Dormant - Excluded,EXCLUDED,1856,2025-06-03,456,59,0,59,0.129,0.0,6.6,6.6,LOW,0.0,0.0,0.0,0.0
34825597,AG6,Dormant - Excluded,EXCLUDED,1857,2025-06-10,449,59,0,59,0.131,0.0,6.6,6.6,LOW,0.0,0.0,0.0,0.0
36603261,AG6,Dormant - Excluded,EXCLUDED,1858,2025-08-26,372,53,0,53,0.142,0.0,6.5,6.5,LOW,0.0,0.0,0.0,0.0
34726081,AG6,Dormant - Excluded,EXCLUDED,1859,2025-06-04,455,58,0,58,0.127,0.0,6.5,6.5,LOW,0.0,0.0,0.0,0.0
34825656,AG6,Dormant - Excluded,EXCLUDED,1860,2025-06-10,449,58,0,58,0.129,0.0,6.5,6.5,LOW,0.0,0.0,0.0,0.0
34837954,AG6,Dormant - Excluded,EXCLUDED,1861,2025-06-10,449,58,0,58,0.129,0.0,6.5,6.5,LOW,0.0,0.0,0.0,0.0
34837936,AG6,Dormant - Excluded,EXCLUDED,1862,2025-06-11,448,58,0,58,0.129,0.0,6.5,6.5,LOW,0.0,0.0,0.0,0.0
36603207,AG6,Dormant - Excluded,EXCLUDED,1863,2025-08-26,372,52,0,52,0.14,0.0,6.4,6.4,LOW,0.0,0.0,0.0,0.0
34949239,AG6,Dormant - Excluded,EXCLUDED,1864,2025-06-16,443,56,0,56,0.126,0.0,6.4,6.4,LOW,0.0,0.0,0.0,0.0
34949411,AG6,Dormant - Excluded,EXCLUDED,1865,2025-06-16,443,56,0,56,0.126,0.0,6.4,6.4,LOW,0.0,0.0,0.0,0.0
34703801,AG6,Dormant - Excluded,EXCLUDED,1866,2025-06-03,456,57,0,57,0.125,0.0,6.4,6.4,LOW,0.0,0.0,0.0,0.0
34726035,AG6,Dormant - Excluded,EXCLUDED,1867,2025-06-04,455,57,0,57,0.125,0.0,6.4,6.4,LOW,0.0,0.0,0.0,0.0
34825653,AG6,Dormant - Excluded,EXCLUDED,1868,2025-06-10,449,57,0,57,0.127,0.0,6.4,6.4,LOW,0.0,0.0,0.0,0.0
34837980,AG6,Dormant - Excluded,EXCLUDED,1869,2025-06-11,448,57,0,57,0.127,0.0,6.4,6.4,LOW,0.0,0.0,0.0,0.0
33809317,AG6,Dormant - Excluded,EXCLUDED,1870,2025-04-26,494,59,0,59,0.119,0.0,6.4,6.4,LOW,0.0,0.0,0.0,0.0
34837948,AG6,Dormant - Excluded,EXCLUDED,1871,2025-06-11,448,55,0,55,0.123,0.0,6.3,6.3,LOW,0.0,0.0,0.0,0.0
34825695,AG6,Dormant - Excluded,EXCLUDED,1872,2025-06-10,449,56,0,56,0.125,0.0,6.3,6.3,LOW,0.0,0.0,0.0,0.0
34745689,AG6,Dormant - Excluded,EXCLUDED,1873,2025-06-06,453,55,0,55,0.121,0.0,6.2,6.2,LOW,0.0,0.0,0.0,0.0
34825634,AG6,Dormant - Excluded,EXCLUDED,1874,2025-06-10,449,55,0,55,0.122,0.0,6.2,6.2,LOW,0.0,0.0,0.0,0.0
34825685,AG6,Dormant - Excluded,EXCLUDED,1875,2025-06-10,449,55,0,55,0.122,0.0,6.2,6.2,LOW,0.0,0.0,0.0,0.0
34825686,AG6,Dormant - Excluded,EXCLUDED,1876,2025-06-10,449,55,0,55,0.122,0.0,6.2,6.2,LOW,0.0,0.0,0.0,0.0
36603211,AG6,Dormant - Excluded,EXCLUDED,1877,2025-08-26,372,49,0,49,0.132,0.0,6.1,6.1,LOW,0.0,0.0,0.0,0.0
36603175,AG6,Dormant - Excluded,EXCLUDED,1878,2025-08-26,372,50,0,50,0.134,0.0,6.1,6.1,LOW,0.0,0.0,0.0,0.0
36603206,AG6,Dormant - Excluded,EXCLUDED,1879,2025-08-26,372,50,0,50,0.134,0.0,6.1,6.1,LOW,0.0,0.0,0.0,0.0
34825537,AG6,Dormant - Excluded,EXCLUDED,1880,2025-06-09,450,53,0,53,0.118,0.0,6.1,6.1,LOW,0.0,0.0,0.0,0.0
34825565,AG6,Dormant - Excluded,EXCLUDED,1881,2025-06-09,450,53,0,53,0.118,0.0,6.1,6.1,LOW,0.0,0.0,0.0,0.0
34825648,AG6,Dormant - Excluded,EXCLUDED,1882,2025-06-10,449,53,0,53,0.118,0.0,6.1,6.1,LOW,0.0,0.0,0.0,0.0
34825662,AG6,Dormant - Excluded,EXCLUDED,1883,2025-06-10,449,54,0,54,0.12,0.0,6.1,6.1,LOW,0.0,0.0,0.0,0.0
33872507,AG6,Dormant - Excluded,EXCLUDED,1884,2025-04-30,490,55,0,55,0.112,0.0,6.1,6.1,LOW,0.0,0.0,0.0,0.0
36225633,AG6,Dormant - Excluded,EXCLUDED,1885,2025-08-05,393,50,0,50,0.127,0.0,6.0,6.0,LOW,0.0,0.0,0.0,0.0
34838008,AG6,Dormant - Excluded,EXCLUDED,1886,2025-06-11,448,52,0,52,0.116,0.0,6.0,6.0,LOW,0.0,0.0,0.0,0.0
34838009,AG6,Dormant - Excluded,EXCLUDED,1887,2025-06-11,448,52,0,52,0.116,0.0,6.0,6.0,LOW,0.0,0.0,0.0,0.0
35705995,AG6,Dormant - Excluded,EXCLUDED,1888,2025-07-16,413,50,0,50,0.121,0.0,5.9,5.9,LOW,0.0,0.0,0.0,0.0
34704074,AG6,Dormant - Excluded,EXCLUDED,1889,2025-06-03,456,52,0,52,0.114,0.0,5.9,5.9,LOW,0.0,0.0,0.0,0.0
34825523,AG6,Dormant - Excluded,EXCLUDED,1890,2025-06-10,449,52,0,52,0.116,0.0,5.9,5.9,LOW,0.0,0.0,0.0,0.0
34825575,AG6,Dormant - Excluded,EXCLUDED,1891,2025-06-10,449,52,0,52,0.116,0.0,5.9,5.9,LOW,0.0,0.0,0.0,0.0
34825578,AG6,Dormant - Excluded,EXCLUDED,1892,2025-06-10,449,52,0,52,0.116,0.0,5.9,5.9,LOW,0.0,0.0,0.0,0.0
34825700,AG6,Dormant - Excluded,EXCLUDED,1893,2025-06-10,449,52,0,52,0.116,0.0,5.9,5.9,LOW,0.0,0.0,0.0,0.0
34825725,AG6,Dormant - Excluded,EXCLUDED,1894,2025-06-10,449,52,0,52,0.116,0.0,5.9,5.9,LOW,0.0,0.0,0.0,0.0
36603270,AG6,Dormant - Excluded,EXCLUDED,1895,2025-08-26,372,46,0,46,0.124,0.0,5.8,5.8,LOW,0.0,0.0,0.0,0.0
34825564,AG6,Dormant - Excluded,EXCLUDED,1896,2025-06-10,449,51,0,51,0.114,0.0,5.8,5.8,LOW,0.0,0.0,0.0,0.0
33847402,AG6,Dormant - Excluded,EXCLUDED,1897,2025-04-29,491,52,0,52,0.106,0.0,5.8,5.8,LOW,0.0,0.0,0.0,0.0
33847513,AG6,Dormant - Excluded,EXCLUDED,1898,2025-04-29,491,52,0,52,0.106,0.0,5.8,5.8,LOW,0.0,0.0,0.0,0.0
36603199,AG6,Dormant - Excluded,EXCLUDED,1899,2025-08-26,372,45,0,45,0.121,0.0,5.7,5.7,LOW,0.0,0.0,0.0,0.0
36603224,AG6,Dormant - Excluded,EXCLUDED,1900,2025-08-26,372,45,0,45,0.121,0.0,5.7,5.7,LOW,0.0,0.0,0.0,0.0
35087500,AG6,Dormant - Excluded,EXCLUDED,1901,2025-06-23,436,48,0,48,0.11,0.0,5.7,5.7,LOW,0.0,0.0,0.0,0.0
34837992,AG6,Dormant - Excluded,EXCLUDED,1902,2025-06-11,448,49,0,49,0.109,0.0,5.7,5.7,LOW,0.0,0.0,0.0,0.0
34838002,AG6,Dormant - Excluded,EXCLUDED,1903,2025-06-11,448,49,0,49,0.109,0.0,5.7,5.7,LOW,0.0,0.0,0.0,0.0
34838005,AG6,Dormant - Excluded,EXCLUDED,1904,2025-06-11,448,47,0,47,0.105,0.0,5.6,5.6,LOW,0.0,0.0,0.0,0.0
34801300,AG6,Dormant - Excluded,EXCLUDED,1905,2025-06-07,452,48,0,48,0.106,0.0,5.6,5.6,LOW,0.0,0.0,0.0,0.0
34825608,AG6,Dormant - Excluded,EXCLUDED,1906,2025-06-09,450,48,0,48,0.107,0.0,5.6,5.6,LOW,0.0,0.0,0.0,0.0
34825543,AG6,Dormant - Excluded,EXCLUDED,1907,2025-06-10,449,48,0,48,0.107,0.0,5.6,5.6,LOW,0.0,0.0,0.0,0.0
33809314,AG6,Dormant - Excluded,EXCLUDED,1908,2025-04-26,494,50,0,50,0.101,0.0,5.6,5.6,LOW,0.0,0.0,0.0,0.0
36603244,AG6,Dormant - Excluded,EXCLUDED,1909,2025-08-26,372,42,0,42,0.113,0.0,5.5,5.5,LOW,0.0,0.0,0.0,0.0
34704286,AG6,Dormant - Excluded,EXCLUDED,1910,2025-06-03,456,46,0,46,0.101,0.0,5.5,5.5,LOW,0.0,0.0,0.0,0.0
34825556,AG6,Dormant - Excluded,EXCLUDED,1911,2025-06-09,450,46,0,46,0.102,0.0,5.5,5.5,LOW,0.0,0.0,0.0,0.0
34838007,AG6,Dormant - Excluded,EXCLUDED,1912,2025-06-11,448,46,0,46,0.103,0.0,5.5,5.5,LOW,0.0,0.0,0.0,0.0
34825635,AG6,Dormant - Excluded,EXCLUDED,1913,2025-06-10,449,47,0,47,0.105,0.0,5.5,5.5,LOW,0.0,0.0,0.0,0.0
36603212,AG6,Dormant - Excluded,EXCLUDED,1914,2025-08-26,372,41,0,41,0.11,0.0,5.4,5.4,LOW,0.0,0.0,0.0,0.0
36603253,AG6,Dormant - Excluded,EXCLUDED,1915,2025-08-26,372,41,0,41,0.11,0.0,5.4,5.4,LOW,0.0,0.0,0.0,0.0
35334281,AG6,Dormant - Excluded,EXCLUDED,1916,2025-07-03,426,44,0,44,0.103,0.0,5.4,5.4,LOW,0.0,0.0,0.0,0.0
34825659,AG6,Dormant - Excluded,EXCLUDED,1917,2025-06-09,450,45,0,45,0.1,0.0,5.4,5.4,LOW,0.0,0.0,0.0,0.0
34704151,AG6,Dormant - Excluded,EXCLUDED,1918,2025-06-03,456,42,0,42,0.092,0.0,5.3,5.3,LOW,0.0,0.0,0.0,0.0
35334446,AG6,Dormant - Excluded,EXCLUDED,1919,2025-07-04,425,42,0,42,0.099,0.0,5.3,5.3,LOW,0.0,0.0,0.0,0.0
35334441,AG6,Dormant - Excluded,EXCLUDED,1920,2025-07-03,426,43,0,43,0.101,0.0,5.3,5.3,LOW,0.0,0.0,0.0,0.0
33847401,AG6,Dormant - Excluded,EXCLUDED,1921,2025-04-29,491,44,0,44,0.09,0.0,5.3,5.3,LOW,0.0,0.0,0.0,0.0
34792089,AG6,Dormant - Excluded,EXCLUDED,1922,2025-06-06,453,44,0,44,0.097,0.0,5.3,5.3,LOW,0.0,0.0,0.0,0.0
34837994,AG6,Dormant - Excluded,EXCLUDED,1923,2025-06-11,448,44,0,44,0.098,0.0,5.3,5.3,LOW,0.0,0.0,0.0,0.0
34838004,AG6,Dormant - Excluded,EXCLUDED,1924,2025-06-11,448,44,0,44,0.098,0.0,5.3,5.3,LOW,0.0,0.0,0.0,0.0
35898415,AG6,Dormant - Excluded,EXCLUDED,1925,2025-07-24,405,38,0,38,0.094,0.0,5.2,5.2,LOW,0.0,0.0,0.0,0.0
34704070,AG6,Dormant - Excluded,EXCLUDED,1926,2025-06-03,456,41,0,41,0.09,0.0,5.2,5.2,LOW,0.0,0.0,0.0,0.0
34825689,AG6,Dormant - Excluded,EXCLUDED,1927,2025-06-09,450,41,0,41,0.091,0.0,5.2,5.2,LOW,0.0,0.0,0.0,0.0
36603181,AG6,Dormant - Excluded,EXCLUDED,1928,2025-08-26,372,34,0,34,0.091,0.0,5.1,5.1,LOW,0.0,0.0,0.0,0.0
34704142,AG6,Dormant - Excluded,EXCLUDED,1929,2025-06-03,456,36,0,36,0.079,0.0,5.1,5.1,LOW,0.0,0.0,0.0,0.0
34837951,AG6,Dormant - Excluded,EXCLUDED,1930,2025-06-11,448,38,0,38,0.085,0.0,5.1,5.1,LOW,0.0,0.0,0.0,0.0
34837998,AG6,Dormant - Excluded,EXCLUDED,1931,2025-06-11,448,38,0,38,0.085,0.0,5.1,5.1,LOW,0.0,0.0,0.0,0.0
34825586,AG6,Dormant - Excluded,EXCLUDED,1932,2025-06-10,449,39,0,39,0.087,0.0,5.1,5.1,LOW,0.0,0.0,0.0,0.0
35334444,AG6,Dormant - Excluded,EXCLUDED,1933,2025-07-03,426,34,0,34,0.08,0.0,5.0,5.0,LOW,0.0,0.0,0.0,0.0
34837971,AG6,Dormant - Excluded,EXCLUDED,1934,2025-06-11,448,35,0,35,0.078,0.0,5.0,5.0,LOW,0.0,0.0,0.0,0.0
34837979,AG6,Dormant - Excluded,EXCLUDED,1935,2025-06-11,448,35,0,35,0.078,0.0,5.0,5.0,LOW,0.0,0.0,0.0,0.0
36603195,AG6,Dormant - Excluded,EXCLUDED,1936,2025-08-26,372,28,0,28,0.075,0.0,4.9,4.9,LOW,0.0,0.0,0.0,0.0
35843735,AG6,Dormant - Excluded,EXCLUDED,1937,2025-07-21,408,29,0,29,0.071,0.0,4.9,4.9,LOW,0.0,0.0,0.0,0.0
35334569,AG6,Dormant - Excluded,EXCLUDED,1938,2025-07-03,426,30,0,30,0.07,0.0,4.9,4.9,LOW,0.0,0.0,0.0,0.0
34825630,AG6,Dormant - Excluded,EXCLUDED,1939,2025-06-09,450,31,0,31,0.069,0.0,4.9,4.9,LOW,0.0,0.0,0.0,0.0
35334461,AG6,Dormant - Excluded,EXCLUDED,1940,2025-07-07,422,31,0,31,0.073,0.0,4.9,4.9,LOW,0.0,0.0,0.0,0.0
36603176,AG6,Dormant - Excluded,EXCLUDED,1941,2025-08-26,372,27,0,27,0.073,0.0,4.8,4.8,LOW,0.0,0.0,0.0,0.0
36603177,AG6,Dormant - Excluded,EXCLUDED,1942,2025-08-26,372,27,0,27,0.073,0.0,4.8,4.8,LOW,0.0,0.0,0.0,0.0
35334372,AG6,Dormant - Excluded,EXCLUDED,1943,2025-07-03,426,28,0,28,0.066,0.0,4.8,4.8,LOW,0.0,0.0,0.0,0.0
35334402,AG6,Dormant - Excluded,EXCLUDED,1944,2025-07-04,425,28,0,28,0.066,0.0,4.8,4.8,LOW,0.0,0.0,0.0,0.0
34825667,AG6,Dormant - Excluded,EXCLUDED,1945,2025-06-09,450,29,0,29,0.064,0.0,4.8,4.8,LOW,0.0,0.0,0.0,0.0
34846723,AG6,Dormant - Excluded,EXCLUDED,1946,2025-06-10,449,29,0,29,0.065,0.0,4.8,4.8,LOW,0.0,0.0,0.0,0.0
35334274,AG6,Dormant - Excluded,EXCLUDED,1947,2025-07-04,425,24,0,24,0.056,0.0,4.7,4.7,LOW,0.0,0.0,0.0,0.0
36603187,AG6,Dormant - Excluded,EXCLUDED,1948,2025-08-26,372,24,0,24,0.065,0.0,4.7,4.7,LOW,0.0,0.0,0.0,0.0
36603214,AG6,Dormant - Excluded,EXCLUDED,1949,2025-08-26,372,24,0,24,0.065,0.0,4.7,4.7,LOW,0.0,0.0,0.0,0.0
35334489,AG6,Dormant - Excluded,EXCLUDED,1950,2025-07-03,426,25,0,25,0.059,0.0,4.7,4.7,LOW,0.0,0.0,0.0,0.0
35843632,AG6,Dormant - Excluded,EXCLUDED,1951,2025-07-21,408,25,0,25,0.061,0.0,4.7,4.7,LOW,0.0,0.0,0.0,0.0
34726118,AG6,Dormant - Excluded,EXCLUDED,1952,2025-06-04,455,18,0,18,0.04,0.0,4.6,4.6,LOW,0.0,0.0,0.0,0.0
36604207,AG6,Dormant - Excluded,EXCLUDED,1953,2025-08-29,369,20,0,20,0.054,0.0,4.6,4.6,LOW,0.0,0.0,0.0,0.0
33853368,AG6,Dormant - Excluded,EXCLUDED,1954,2025-04-29,491,8,0,8,0.016,0.0,4.5,4.5,LOW,0.0,0.0,0.0,0.0
35087583,AG6,Dormant - Excluded,EXCLUDED,1955,2025-06-23,436,11,0,11,0.025,0.0,4.5,4.5,LOW,0.0,0.0,0.0,0.0
